21:00:00.882,3367,3,3368,2,3365,2,9550
21:00:01.661,3330,1,3380,4,3369,8,9556
21:00:02.198,3330,1,3367,1,3369,8,9556
21:00:03.269,3330,1,3366,1,3369,8,9556
21:00:03.780,3330,1,3367,1,3369,8,9556
21:00:03.921,3330,1,3365,1,3369,8,9556
21:00:08.214,3331,1,3367,1,3369,8,9556
21:00:09.303,3332,1,3366,1,3369,8,9556
21:00:10.534,3332,1,3365,1,3369,8,9556
21:00:11.363,3333,1,3365,1,3369,8,9556
21:00:14.41,3338,1,3365,1,3369,8,9556
21:00:14.676,3338,1,3364,2,3369,8,9556
21:00:16.839,3338,1,3363,1,3369,8,9556
21:00:17.547,3339,1,3363,1,3369,8,9556
21:00:20.208,3341,1,3362,2,3369,8,9556
21:00:21.659,3341,1,3361,1,3369,8,9556
21:00:24.292,3341,1,3360,1,3369,8,9556
21:00:25.932,3342,1,3360,1,3369,8,9556
21:00:27.259,3342,1,3359,1,3369,8,9556
21:00:40.151,3342,1,3358,2,3369,8,9556
21:00:40.757,3342,1,3358,3,3369,8,9556
21:00:41.752,3342,1,3357,1,3369,8,9556
21:00:43.588,3343,1,3357,1,3369,8,9556
21:00:44.290,3343,2,3357,1,3369,8,9556
21:00:48.438,3344,1,3357,1,3369,8,9556
21:00:50.443,3345,1,3357,1,3369,8,9556
21:00:57.267,3347,1,3357,1,3369,8,9556
21:01:01.794,3348,1,3357,1,3369,8,9556
21:01:03.39,3348,2,3357,1,3369,8,9556
21:01:04.199,3348,2,3355,2,3369,8,9556
21:01:07.149,3349,1,3354,1,3369,8,9556
21:01:10.205,3348,1,3354,1,3349,10,9556
21:01:16.3,3349,1,3354,1,3349,10,9556
21:01:20.321,3350,1,3354,1,3349,10,9556
21:01:22.610,3350,1,3358,1,3349,10,9556
21:01:23.467,3350,1,3357,1,3349,10,9556
21:01:27.354,3349,1,3357,1,3349,10,9556
21:01:27.475,3351,1,3357,1,3349,10,9556
21:01:28.366,3351,1,3355,1,3349,10,9556
21:01:29.893,3351,1,3354,1,3349,10,9556
21:01:30.320,3352,1,3354,1,3349,10,9556
21:01:32.530,3351,1,3354,1,3349,10,9556
21:01:33.984,3352,1,3354,1,3349,10,9556
21:01:36.770,3351,1,3354,1,3352,12,9554
21:01:38.760,3351,1,3352,1,3352,12,9554
21:01:40.190,3349,1,3351,1,3351,14,9552
21:01:43.331,3336,1,3352,1,3349,16,9550
21:01:44.698,3337,1,3352,1,3349,16,9550
21:01:47.361,3337,1,3350,11,3349,16,9550
21:01:49.36,3337,1,3349,1,3349,16,9550
21:01:49.974,3337,1,3349,2,3349,16,9550
21:01:51.892,3337,1,3347,1,3349,16,9550
21:01:54.64,3337,1,3346,1,3349,16,9550
21:01:57.662,3336,1,3347,1,3349,16,9550
21:02:00.22,3336,1,3349,1,3349,16,9550
21:02:04.61,3337,1,3349,1,3349,16,9550
21:02:09.465,3337,1,3349,3,3349,16,9550
21:02:22.451,3343,1,3349,3,3349,16,9550
21:02:24.696,3343,1,3348,1,3349,16,9550
21:02:25.352,3337,1,3348,1,3349,16,9550
21:02:25.554,3336,1,3348,1,3349,16,9550
21:02:30.98,3337,1,3348,1,3349,16,9550
21:02:34.41,3345,1,3348,1,3349,16,9550
21:02:36.204,3337,1,3348,1,3349,16,9550
21:02:36.961,3336,1,3348,1,3349,16,9550
21:02:40.2,3336,1,3349,3,3348,18,9550
21:02:42.964,3337,1,3349,3,3348,18,9550
21:02:43.697,3337,2,3348,1,3348,18,9550
21:02:45.8,3337,3,3348,1,3348,18,9550
21:02:47.316,3338,1,3348,1,3348,18,9550
21:02:50.281,3338,1,3348,3,3348,18,9550
21:03:16.569,3339,1,3348,3,3348,18,9550
21:03:21.981,3340,1,3348,3,3348,18,9550
21:03:23.457,3340,1,3347,1,3348,18,9550
21:03:47.49,3337,1,3347,1,3348,18,9550
21:03:47.829,3337,1,3346,1,3348,18,9550
21:03:48.469,3338,1,3346,1,3348,18,9550
21:04:52.141,3340,1,3346,1,3348,18,9550
21:05:17.346,3340,1,3348,2,3348,18,9550
21:05:17.442,3341,1,3348,2,3348,18,9550
21:05:18.154,3341,1,3347,1,3348,18,9550
21:05:18.487,3342,1,3347,1,3348,18,9550
21:05:18.943,3343,1,3347,1,3348,18,9550
21:05:48.298,3343,1,3350,11,3348,18,9550
21:05:48.808,3343,1,3349,1,3348,18,9550
21:05:49.556,3344,1,3349,1,3348,18,9550
21:05:49.943,3345,1,3349,1,3348,18,9550
21:05:51.585,3346,1,3349,1,3348,18,9550
21:06:14.649,3346,1,3348,1,3348,18,9550
21:06:22.601,3340,1,3348,1,3348,18,9550
21:06:22.944,3341,1,3348,1,3348,18,9550
21:06:23.767,3341,2,3348,1,3348,18,9550
21:06:23.937,3341,2,3347,1,3348,18,9550
21:06:25.560,3342,1,3347,1,3348,18,9550
21:06:25.944,3343,1,3347,1,3348,18,9550
21:06:29.179,3344,1,3347,1,3348,18,9550
21:06:29.446,3345,1,3347,1,3348,18,9550
21:06:31.51,3346,1,3347,1,3348,18,9550
21:06:31.441,3346,2,3347,1,3348,18,9550
21:06:40.432,3346,2,3348,1,3348,18,9550
21:07:00.291,3346,2,3350,11,3348,18,9550
21:07:14.90,3346,2,3349,1,3348,18,9550
21:07:17.297,3346,2,3349,2,3348,18,9550
21:07:23.843,3346,2,3348,1,3348,18,9550
21:08:52.972,3346,2,3349,1,3348,20,9552
21:09:01.358,3340,1,3345,2,3346,24,9554
21:09:05.384,3341,1,3345,2,3346,24,9554
21:09:15.244,3340,1,3345,2,3341,26,9554
21:09:15.757,3340,1,3348,1,3341,26,9554
21:09:27.9,3336,1,3348,1,3340,28,9556
21:09:27.752,3336,1,3347,1,3340,28,9556
21:09:39.578,3336,1,3350,5,3350,46,9572
21:09:40.905,3336,1,3349,1,3350,46,9572
21:09:41.812,3337,1,3349,1,3350,46,9572
21:09:46.161,3338,1,3349,1,3350,46,9572
21:09:46.519,3338,1,3349,2,3350,46,9572
21:09:47.300,3339,1,3349,2,3350,46,9572
21:09:50.761,3340,1,3349,2,3350,46,9572
21:09:51.886,3341,1,3348,1,3350,46,9572
21:09:52.874,3341,1,3349,2,3350,46,9572
21:09:53.201,3341,1,3346,1,3350,46,9572
21:09:53.820,3341,1,3349,2,3350,46,9572
21:10:06.128,3341,1,3349,1,3350,46,9572
21:10:23.364,3341,2,3349,1,3350,46,9572
21:10:38.746,3341,2,3349,2,3350,46,9572
21:10:48.828,3341,2,3348,7,3350,46,9572
21:10:51.281,3341,2,3347,1,3350,46,9572
21:11:19.138,3341,2,3347,8,3350,46,9572
21:11:41.219,3341,2,3346,2,3350,46,9572
21:11:44.87,3341,2,3346,1,3350,46,9572
21:11:46.327,3341,2,3347,8,3350,46,9572
21:11:48.675,3341,2,3345,1,3350,46,9572
21:11:49.720,3341,2,3347,8,3350,46,9572
21:11:53.193,3347,12,3349,1,3347,62,9588
21:11:56.256,3347,12,3350,5,3349,64,9586
21:11:58.434,3347,12,3350,3,3350,68,9586
21:12:00.588,3347,12,3360,2,3350,74,9592
21:12:03.29,3348,1,3360,2,3350,74,9592
21:12:03.489,3348,1,3359,3,3350,74,9592
21:12:06.753,3348,1,3359,5,3350,74,9592
21:12:08.839,3349,1,3359,5,3350,74,9592
21:12:22.382,3349,1,3358,1,3350,74,9592
21:12:26.448,3358,9,3359,5,3358,76,9594
21:12:29.265,3358,9,3359,3,3358,76,9594
21:12:30.655,3358,7,3359,3,3358,80,9594
21:12:31.350,3358,7,3359,2,3359,82,9594
21:12:32.194,3358,5,3360,2,3358,86,9594
21:12:34.506,3349,1,3358,3,3358,96,9594
21:12:35.397,3353,1,3358,3,3358,96,9594
21:12:38.796,3354,1,3358,3,3358,96,9594
21:12:58.522,3350,1,3358,3,3354,98,9592
21:12:58.994,3350,1,3354,1,3354,98,9592
21:13:01.192,3349,1,3354,1,3354,98,9592
21:13:04.501,3351,1,3354,1,3354,98,9592
21:13:06.529,3349,2,3354,1,3354,98,9592
21:13:10.787,3350,2,3354,1,3354,98,9592
21:13:46.294,3350,2,3358,3,3354,98,9592
21:13:46.420,3350,2,3356,1,3354,98,9592
21:14:00.590,3349,2,3356,1,3350,102,9596
21:14:03.984,3349,2,3355,1,3350,102,9596
21:14:06.206,3348,5,3355,1,3349,106,9600
21:14:09.530,3348,5,3355,2,3349,106,9600
21:14:10.770,3348,5,3354,1,3349,106,9600
21:14:18.23,3348,5,3355,2,3349,106,9600
21:14:20.487,3349,1,3355,2,3349,106,9600
21:14:50.265,3349,1,3350,11,3349,106,9600
21:14:53.496,3347,12,3350,11,3349,106,9600
21:14:57.881,3348,2,3350,11,3349,106,9600
21:15:22.673,3348,2,3350,1,3350,126,9620
21:15:31.549,3347,4,3350,1,3347,146,9640
21:15:33.839,3348,1,3350,1,3347,146,9640
21:15:37.853,3347,4,3350,1,3348,148,9640
21:15:44.341,3344,1,3345,6,3347,156,9648
21:15:49.676,3344,1,3350,1,3347,156,9648
21:15:53.215,3344,1,3350,6,3347,156,9648
21:15:56.943,3344,1,3350,1,3347,156,9648
21:16:50.654,3344,1,3349,2,3347,156,9648
21:16:55.197,3350,1,3352,1,3350,162,9650
21:16:56.769,3344,1,3350,1,3350,164,9650
21:17:00.373,3344,1,3352,1,3350,164,9650
21:17:01.310,3344,1,3351,2,3350,164,9650
21:17:07.868,3344,1,3350,2,3350,164,9650
21:17:09.202,3345,2,3350,2,3350,164,9650
21:18:10.495,3344,1,3350,2,3350,164,9650
21:18:11.431,3345,1,3350,2,3350,164,9650
21:20:18.985,3345,1,3350,1,3350,166,9650
21:20:29.324,3345,1,3349,1,3350,166,9650
21:21:05.854,3345,1,3349,2,3350,166,9650
21:21:08.821,3344,1,3349,2,3350,166,9650
21:21:26.955,3344,2,3349,2,3350,166,9650
21:22:22.29,3345,1,3349,2,3350,166,9650
21:22:38.987,3345,1,3348,1,3350,166,9650
21:23:10.503,3344,1,3348,1,3345,168,9652
21:23:18.273,3341,1,3348,1,3344,170,9654
21:23:24.482,3341,1,3349,2,3344,170,9654
21:23:29.246,3342,1,3349,2,3344,170,9654
21:23:29.400,3342,1,3348,1,3344,170,9654
21:23:41.293,3342,1,3348,2,3344,170,9654
21:23:49.121,3342,1,3347,1,3344,170,9654
21:24:07.159,3342,1,3346,1,3344,170,9654
21:24:12.722,3342,6,3346,1,3344,170,9654
21:24:18.673,3343,1,3346,1,3344,170,9654
21:24:26.215,3343,1,3348,1,3344,170,9654
21:24:28.183,3343,1,3347,1,3344,170,9654
21:24:58.954,3342,6,3347,1,3344,170,9654
21:25:32.551,3342,6,3348,1,3344,170,9654
21:25:33.764,3342,6,3347,1,3344,170,9654
21:25:40.605,3343,1,3347,1,3344,170,9654
21:27:22.675,3343,1,3348,1,3344,170,9654
21:27:23.875,3343,1,3347,1,3344,170,9654
21:27:30.707,3343,1,3346,1,3344,170,9654
21:28:05.842,3343,1,3345,1,3344,170,9654
21:28:32.923,3343,1,3348,1,3344,170,9654
21:28:33.608,3343,1,3347,1,3344,170,9654
21:28:35.417,3343,1,3346,1,3344,170,9654
21:29:41.465,3343,1,3348,1,3344,170,9654
21:29:43.719,3343,1,3347,1,3344,170,9654
21:30:14.212,3344,1,3347,1,3344,170,9654
21:30:18.704,3343,2,3347,1,3344,170,9654
21:30:22.932,3343,1,3347,1,3344,170,9654
21:30:26.83,3344,1,3347,1,3344,170,9654
21:30:26.894,3345,1,3347,1,3344,170,9654
21:30:27.228,3343,1,3347,1,3344,170,9654
21:30:27.807,3344,1,3347,1,3344,170,9654
21:30:28.115,3343,1,3347,1,3344,170,9654
21:30:29.110,3344,1,3347,1,3344,170,9654
21:30:29.655,3343,1,3347,1,3344,170,9654
21:31:02.368,3343,1,3348,1,3344,170,9654
21:31:03.592,3343,1,3347,1,3344,170,9654
21:33:06.949,3344,1,3347,1,3344,170,9654
21:41:15.526,3344,1,3350,6,3349,176,9648
21:41:20.139,3344,1,3349,1,3349,176,9648
21:41:39.851,3345,1,3349,1,3349,176,9648
21:41:51.796,3345,1,3348,3,3349,176,9648
21:42:14.843,3345,1,3347,1,3349,176,9648
21:42:41.569,3345,1,3348,3,3349,176,9648
21:43:22.767,3345,1,3347,1,3349,176,9648
21:44:22.996,3345,2,3347,1,3349,176,9648
21:44:34.237,3346,1,3347,1,3349,176,9648
21:44:43.71,3344,1,3347,1,3344,184,9648
21:44:52.966,3344,1,3346,1,3344,184,9648
21:44:58.437,3346,1,3347,1,3346,186,9648
21:45:02.726,3344,1,3347,1,3346,188,9648
21:45:39.807,3344,1,3348,4,3347,190,9648
21:46:15.351,3345,1,3348,4,3347,190,9648
21:46:20.587,3346,1,3348,4,3347,190,9648
21:46:30.446,3346,2,3348,4,3347,190,9648
21:47:45.651,3347,1,3348,4,3347,190,9648
21:48:02.811,3346,2,3348,4,3347,190,9648
21:50:09.421,3344,1,3346,3,3346,194,9648
21:51:33.737,3344,1,3345,1,3346,194,9648
21:51:35.749,3344,1,3346,3,3346,194,9648
21:56:21.832,3347,1,3348,4,3346,200,9648
21:56:28.961,3344,1,3348,4,3346,200,9648
21:56:56.527,3344,1,3346,3,3346,200,9648
21:58:49.926,3343,1,3346,3,3344,202,9650
21:59:26.7,3342,5,3343,1,3343,204,9652
21:59:31.655,3342,3,3343,1,3342,208,9656
21:59:43.255,3342,3,3347,1,3343,210,9658
21:59:43.910,3342,3,3346,1,3343,210,9658
22:01:07.565,3342,3,3344,1,3343,210,9658
22:01:12.251,3342,3,3346,1,3343,210,9658
22:02:37.235,3336,1,3346,1,3343,210,9658
22:05:23.955,3336,2,3346,1,3343,210,9658
22:07:51.475,3337,1,3346,1,3343,210,9658
22:09:53.156,3338,1,3346,1,3343,210,9658
22:10:27.486,3339,1,3346,1,3343,210,9658
22:12:04.585,3340,1,3346,1,3343,210,9658
22:21:16.916,3341,1,3346,1,3343,210,9658
22:22:39.283,3342,1,3346,1,3343,210,9658
22:22:58.281,3341,1,3346,1,3342,212,9660
22:24:45.526,3341,1,3345,1,3342,212,9660
22:27:08.663,3337,1,3345,1,3341,214,9662
22:27:14.257,3337,1,3344,1,3341,214,9662
22:27:44.356,3337,1,3345,1,3344,216,9662
22:27:47.325,3338,1,3345,1,3344,216,9662
22:28:16.443,3338,1,3347,3,3344,216,9662
22:28:18.499,3338,1,3346,1,3344,216,9662
22:28:53.641,3338,1,3345,1,3344,216,9662
22:29:02.492,3338,1,3344,1,3344,216,9662
22:29:45.577,3338,1,3345,1,3344,216,9662
22:29:47.73,3338,1,3344,1,3344,216,9662
22:30:09.193,3338,1,3343,1,3344,216,9662
22:32:13.986,3338,1,3344,1,3343,218,9662
22:32:22.247,3339,1,3344,1,3343,218,9662
22:37:43.682,3339,1,3347,4,3343,218,9662
22:37:45.678,3339,1,3346,1,3343,218,9662
22:40:33.78,3340,1,3346,1,3343,218,9662
22:40:53.629,3339,1,3346,1,3343,218,9662
22:40:53.629,3339,1,3346,1,3343,218,9662
22:48:27.184,3339,1,3347,4,3346,220,9662
22:48:35.580,3340,1,3347,4,3346,220,9662
22:49:36.656,3341,1,3347,4,3346,220,9662
22:49:53.501,3342,1,3347,4,3346,220,9662
22:51:10.762,3342,1,3347,3,3346,220,9662
22:51:28.637,3341,1,3347,3,3342,222,9662
22:51:35.814,3341,1,3346,1,3342,222,9662
22:52:04.434,3341,1,3345,1,3342,222,9662
22:52:21.126,3341,1,3344,1,3342,222,9662
22:52:24.376,3341,1,3343,1,3342,222,9662
22:52:26.9,3341,1,3344,1,3342,222,9662
22:52:31.702,3341,1,3347,3,3342,222,9662
22:52:33.509,3341,1,3346,2,3342,222,9662
22:52:54.279,3338,1,3346,2,3342,222,9662
22:53:26.482,3338,2,3346,2,3342,222,9662
22:54:49.658,3338,1,3346,2,3338,224,9664
22:54:53.440,3338,1,3345,1,3338,224,9664
22:55:30.636,3338,1,3344,1,3338,224,9664
22:56:29.393,3338,2,3344,1,3338,224,9664
22:57:16.156,3338,2,3345,1,3338,224,9664
22:57:17.60,3338,2,3344,1,3338,224,9664
23:00:01.829,3339,6,3344,1,3338,224,9664
23:00:07.618,3339,6,3345,1,3338,224,9664
23:00:17.38,3339,10,3345,1,3338,224,9664
23:00:17.881,3339,10,3345,2,3338,224,9664
23:00:19.239,3339,10,3345,1,3338,224,9664
23:00:23.608,3339,10,3344,1,3338,224,9664
23:00:36.962,3339,10,3345,1,3344,226,9664
23:00:42.786,3340,1,3345,1,3344,226,9664
23:00:46.251,3341,1,3347,3,3344,226,9664
23:00:47.30,3341,1,3346,1,3344,226,9664
23:00:57.899,3340,1,3346,1,3344,226,9664
23:00:59.519,3341,1,3346,1,3344,226,9664
23:01:18.776,3340,1,3346,1,3341,228,9666
23:01:21.568,3339,10,3346,1,3340,230,9668
23:01:26.358,3339,10,3346,2,3340,230,9668
23:01:28.775,3340,1,3346,2,3340,230,9668
23:01:47.666,3340,1,3345,1,3340,230,9668
23:02:13.759,3340,1,3344,1,3340,230,9668
23:02:21.89,3340,1,3343,1,3340,230,9668
23:02:47.786,3340,1,3344,1,3340,230,9668
23:02:50.28,3340,1,3343,1,3340,230,9668
23:03:01.640,3340,1,3344,1,3343,232,9668
23:03:13.907,3341,1,3344,1,3343,232,9668
23:03:24.405,3340,1,3344,1,3341,234,9670
23:03:27.339,3339,10,3343,1,3340,236,9672
23:03:29.802,3339,10,3342,1,3340,236,9672
23:06:48.650,3340,1,3342,1,3340,236,9672
23:07:32.434,3339,10,3342,1,3340,238,9674
23:08:56.92,3340,1,3342,1,3340,238,9674
23:11:13.776,3340,2,3342,1,3340,238,9674
23:11:14.153,3340,1,3342,1,3340,238,9674
23:13:12.675,3339,10,3342,1,3340,238,9674
23:14:31.452,3339,10,3341,1,3340,238,9674
23:18:31.99,3340,2,3341,1,3340,238,9674
23:18:58.652,3339,10,3341,1,3340,242,9678
23:19:01.600,3339,8,3341,1,3339,246,9682
23:19:02.68,3339,6,3341,1,3339,250,9686
23:19:02.739,3339,4,3341,1,3339,254,9690
23:19:03.114,3339,2,3341,1,3339,258,9694
23:19:04.755,3337,1,3339,1,3339,262,9694
23:19:07.376,3337,1,3341,1,3339,262,9694
23:19:08.126,3337,1,3340,1,3339,262,9694
23:19:14.96,3342,2,3344,1,3341,266,9690
23:19:19.233,3342,2,3347,3,3341,266,9690
23:19:20.716,3342,2,3346,1,3341,266,9690
23:19:42.207,3337,1,3346,1,3341,266,9690
23:19:55.14,3338,1,3346,1,3341,266,9690
23:20:07.46,3338,1,3345,1,3341,266,9690
23:20:09.511,3338,1,3344,1,3341,266,9690
23:20:17.355,3346,2,3347,1,3345,270,9692
23:20:20.56,3346,1,3347,1,3346,272,9694
23:20:20.896,3338,1,3347,1,3346,272,9694
23:20:22.474,3339,1,3347,1,3346,272,9694
23:20:26.772,3340,1,3347,1,3346,272,9694
23:20:31.762,3341,1,3347,1,3346,272,9694
23:20:44.310,3342,1,3347,1,3346,272,9694
23:22:43.141,3341,1,3347,1,3346,272,9694
23:22:44.673,3342,1,3347,1,3346,272,9694
23:24:34.283,3341,1,3347,1,3342,274,9694
23:24:36.773,3341,1,3346,1,3342,274,9694
23:24:38.797,3337,1,3346,1,3341,276,9694
23:24:40.579,3338,1,3346,1,3341,276,9694
23:24:43.393,3339,1,3346,1,3341,276,9694
23:24:45.650,3340,1,3346,1,3341,276,9694
23:24:47.616,3340,1,3345,1,3341,276,9694
23:24:48.992,3339,1,3345,1,3340,278,9696
23:24:53.153,3339,1,3344,1,3340,278,9696
23:25:44.639,3337,1,3344,1,3340,278,9696
23:25:46.511,3337,1,3344,2,3340,278,9696
23:25:48.815,3337,1,3344,1,3340,278,9696
23:25:56.239,3337,1,3343,1,3340,278,9696
23:26:00.498,3338,1,3343,1,3340,278,9696
23:26:01.514,3339,1,3343,1,3340,278,9696
23:26:36.23,3340,1,3343,1,3340,278,9696
23:26:57.439,3339,1,3343,1,3340,278,9696
23:26:58.950,3340,1,3343,1,3340,278,9696
23:27:00.366,3340,1,3344,1,3340,278,9696
23:27:04.518,3340,1,3343,1,3340,278,9696
23:28:57.98,3334,4,3343,1,3340,280,9698
23:29:01.832,3335,1,3343,1,3340,280,9698
23:29:04.356,3335,1,3344,1,3340,280,9698
23:29:05.495,3335,1,3343,1,3340,280,9698
23:29:57.802,3335,1,3344,1,3340,280,9698
23:29:57.802,3335,1,3344,1,3340,280,9698
09:00:06.455,3335,1,3343,1,3340,280,9698
09:00:38.402,3334,4,3343,1,3340,280,9698
09:01:17.743,3335,1,3343,1,3340,280,9698
09:01:24.618,3334,4,3343,1,3340,280,9698
09:03:03.960,3334,4,3344,1,3343,282,9698
09:03:09.272,3335,1,3344,1,3343,282,9698
09:03:43.556,3335,1,3344,2,3343,282,9698
09:04:06.992,3334,4,3344,2,3335,284,9700
09:04:10.990,3334,4,3343,1,3335,284,9700
09:04:13.733,3328,1,3343,1,3334,292,9708
09:04:16.995,3328,1,3342,1,3334,292,9708
09:04:22.44,3328,1,3341,1,3334,292,9708
09:04:54.452,3329,1,3341,1,3334,292,9708
09:05:30.633,3329,1,3342,1,3341,294,9708
09:05:32.452,3329,1,3344,2,3341,294,9708
09:05:37.205,3329,1,3343,1,3341,294,9708
09:06:05.816,3329,2,3343,1,3341,294,9708
09:06:15.848,3330,1,3343,1,3341,294,9708
09:06:28.331,3330,2,3343,1,3341,294,9708
09:06:34.947,3331,1,3343,1,3341,294,9708
09:07:22.315,3331,3,3343,1,3341,294,9708
09:07:25.755,3331,2,3343,1,3331,296,9710
09:07:32.405,3331,1,3343,1,3331,298,9710
09:07:32.970,3331,1,3343,1,3342,300,9712
09:07:34.474,3331,1,3344,2,3342,300,9712
09:07:34.822,3331,1,3342,1,3342,300,9712
09:07:35.303,3331,1,3341,1,3342,300,9712
09:07:36.208,3332,1,3341,1,3342,300,9712
09:07:38.416,3332,1,3340,1,3342,300,9712
09:07:39.903,3332,1,3339,1,3342,300,9712
09:07:43.192,3332,1,3338,1,3342,300,9712
09:07:59.544,3332,1,3344,2,3342,300,9712
09:08:02.326,3332,1,3343,1,3342,300,9712
09:08:11.739,3333,2,3343,1,3342,300,9712
09:08:16.238,3334,1,3343,1,3342,300,9712
09:09:26.604,3335,2,3343,1,3342,300,9712
09:09:33.604,3336,1,3343,1,3342,300,9712
09:10:35.772,3335,2,3343,1,3342,300,9712
09:10:38.350,3331,2,3343,1,3342,300,9712
09:10:39.423,3336,1,3343,1,3342,300,9712
09:11:17.700,3331,1,3343,1,3336,302,9712
09:11:21.486,3328,1,3343,1,3331,304,9712
09:11:22.933,3328,1,3342,1,3331,304,9712
09:11:23.407,3328,1,3342,2,3331,304,9712
09:11:30.50,3328,1,3341,1,3331,304,9712
09:11:41.827,3328,1,3341,2,3331,304,9712
09:11:43.788,3328,1,3340,1,3331,304,9712
09:11:44.580,3328,1,3340,2,3331,304,9712
09:11:47.961,3328,1,3339,1,3331,304,9712
09:12:14.192,3328,1,3338,1,3331,304,9712
09:12:17.940,3328,1,3337,1,3331,304,9712
09:12:34.16,3328,2,3337,1,3331,304,9712
09:12:42.204,3328,1,3337,1,3331,304,9712
09:13:12.927,3329,1,3337,1,3331,304,9712
09:13:38.553,3328,1,3337,1,3331,304,9712
09:14:29.658,3328,2,3337,1,3331,304,9712
09:14:42.489,3328,2,3338,1,3331,304,9712
09:14:47.710,3329,1,3337,1,3331,304,9712
09:15:32.356,3329,2,3337,1,3331,304,9712
09:16:56.983,3329,1,3337,1,3331,304,9712
09:17:05.615,3329,1,3338,1,3331,304,9712
09:17:06.861,3329,1,3337,1,3331,304,9712
09:18:56.658,3329,1,3336,1,3331,304,9712
09:18:59.2,3329,1,3335,1,3331,304,9712
09:19:38.34,3330,1,3335,1,3331,304,9712
09:19:40.667,3330,1,3336,1,3331,304,9712
09:19:42.17,3330,1,3335,1,3331,304,9712
09:20:43.154,3330,1,3336,1,3331,304,9712
09:20:44.497,3330,1,3335,1,3331,304,9712
09:20:57.650,3329,1,3335,1,3330,306,9714
09:21:41.920,3329,1,3336,1,3330,306,9714
09:21:43.575,3329,1,3335,1,3330,306,9714
09:24:12.943,3329,1,3336,1,3330,306,9714
09:24:17.972,3329,1,3335,1,3330,306,9714
09:24:56.87,3329,3,3335,1,3330,306,9714
09:26:07.480,3330,1,3335,1,3330,306,9714
09:26:34.22,3329,3,3335,1,3330,308,9716
09:27:00.449,3329,3,3334,1,3330,308,9716
09:27:36.843,3329,4,3334,1,3330,308,9716
09:28:07.864,3329,4,3333,1,3330,308,9716
09:28:47.796,3329,4,3332,1,3330,308,9716
09:29:06.269,3330,5,3332,1,3330,308,9716
09:29:22.739,3331,1,3332,1,3330,308,9716
09:29:33.409,3330,5,3332,1,3330,308,9716
09:30:56.370,3331,1,3332,1,3330,308,9716
09:31:02.672,3330,5,3332,1,3330,308,9716
09:31:02.861,3330,6,3332,1,3330,308,9716
09:31:12.190,3330,5,3332,1,3330,308,9716
09:32:03.82,3329,4,3332,1,3330,318,9726
09:32:08.147,3329,4,3340,1,3332,320,9726
09:32:21.597,3330,1,3340,1,3332,320,9726
09:32:32.643,3331,1,3340,1,3332,320,9726
09:32:47.585,3330,1,3340,1,3331,322,9728
09:32:52.30,3329,4,3340,1,3330,324,9730
09:32:57.15,3330,1,3340,1,3330,324,9730
09:32:58.268,3330,1,3339,1,3330,324,9730
09:32:58.952,3330,1,3338,1,3330,324,9730
09:33:06.308,3330,1,3337,2,3330,324,9730
09:33:11.643,3330,2,3337,1,3330,324,9730
09:33:14.665,3330,2,3336,1,3330,324,9730
09:33:27.38,3330,1,3336,1,3330,324,9730
09:33:37.209,3330,1,3335,1,3330,324,9730
09:33:52.556,3330,1,3334,1,3330,324,9730
09:34:01.524,3329,4,3334,1,3330,324,9730
09:34:13.873,3329,5,3334,1,3330,324,9730
09:34:24.989,3329,5,3340,1,3330,324,9730
09:34:25.316,3329,5,3335,1,3330,324,9730
09:34:58.393,3329,5,3334,1,3330,324,9730
09:35:07.469,3329,5,3333,1,3330,324,9730
09:35:10.88,3329,5,3332,1,3330,324,9730
09:35:45.474,3330,1,3332,1,3330,324,9730
09:36:08.668,3330,2,3332,1,3330,324,9730
09:36:30.448,3330,1,3332,1,3330,324,9730
09:36:35.347,3331,1,3332,1,3330,324,9730
09:36:50.448,3330,1,3332,1,3330,324,9730
09:36:55.365,3330,1,3334,1,3332,326,9730
09:37:18.419,3330,2,3334,1,3332,326,9730
09:38:22.736,3330,3,3334,1,3332,326,9730
09:38:33.375,3330,2,3334,1,3332,326,9730
09:38:57.990,3330,2,3339,1,3334,328,9728
09:41:32.44,3331,2,3339,1,3334,328,9728
09:41:41.74,3331,3,3339,1,3334,328,9728
09:41:49.729,3331,2,3339,1,3334,328,9728
09:43:07.573,3332,1,3339,1,3334,328,9728
09:45:17.907,3332,1,3338,5,3334,328,9728
09:45:22.183,3331,2,3338,5,3332,330,9730
09:45:30.389,3330,1,3338,5,3331,334,9730
09:45:37.659,3329,4,3338,5,3330,336,9732
09:45:38.782,3329,4,3337,1,3330,336,9732
09:47:02.85,3330,2,3337,1,3330,336,9732
09:47:31.847,3331,1,3337,1,3330,336,9732
09:48:02.817,3331,1,3338,5,3330,336,9732
09:48:03.753,3331,1,3337,1,3330,336,9732
09:52:51.12,3330,2,3337,1,3331,338,9734
09:53:00.845,3330,2,3336,1,3331,338,9734
09:56:13.26,3330,3,3336,1,3331,338,9734
09:58:52.987,3330,4,3336,1,3331,338,9734
09:59:31.136,3330,4,3332,1,3331,338,9734
10:00:07.319,3330,5,3332,1,3331,338,9734
10:00:51.122,3329,3,3332,1,3330,348,9740
10:01:12.295,3329,3,3332,2,3330,348,9740
10:01:22.599,3318,1,3332,2,3328,356,9748
10:01:23.473,3319,1,3332,2,3328,356,9748
10:01:25.254,3319,1,3331,1,3328,356,9748
10:01:46.624,3320,1,3331,1,3328,356,9748
10:01:51.38,3321,1,3331,1,3328,356,9748
10:01:54.758,3321,1,3332,1,3328,356,9748
10:02:07.45,3323,1,3332,1,3328,356,9748
10:02:20.116,3323,1,3331,1,3328,356,9748
10:02:22.653,3324,1,3331,1,3328,356,9748
10:04:44.245,3324,2,3331,1,3328,356,9748
10:04:53.391,3324,2,3332,1,3328,356,9748
10:05:00.162,3324,2,3331,1,3328,356,9748
10:06:44.449,3324,2,3332,1,3331,358,9748
10:07:01.220,3326,1,3332,1,3331,358,9748
10:07:09.356,3327,1,3332,1,3331,358,9748
10:07:38.621,3324,1,3332,1,3331,358,9748
10:07:39.371,3325,1,3332,1,3331,358,9748
10:07:48.988,3326,1,3332,1,3331,358,9748
10:07:51.359,3327,1,3332,1,3331,358,9748
10:09:14.368,3332,5,3336,1,3332,360,9748
10:09:30.427,3327,1,3336,1,3332,370,9758
10:09:40.795,3327,1,3338,5,3332,370,9758
10:09:42.999,3327,2,3338,5,3332,370,9758
10:09:44.816,3327,3,3338,5,3332,370,9758
10:09:45.700,3328,1,3338,5,3332,370,9758
10:09:45.979,3328,1,3338,2,3338,376,9758
10:09:47.473,3329,1,3338,2,3338,376,9758
10:09:51.645,3329,1,3337,1,3338,376,9758
10:09:53.140,3330,1,3337,1,3338,376,9758
10:09:56.22,3331,1,3337,2,3338,376,9758
10:10:45.691,3331,1,3337,1,3338,376,9758
10:11:28.648,3331,2,3337,1,3338,376,9758
10:14:32.711,3331,2,3338,3,3338,376,9758
10:14:34.498,3331,1,3338,3,3331,378,9756
10:14:35.815,3332,1,3338,3,3331,378,9756
10:14:39.332,3332,2,3338,3,3331,378,9756
10:14:56.761,3332,2,3338,4,3331,378,9756
10:30:07.915,3332,1,3338,4,3331,378,9756
10:35:39.747,3330,2,3338,4,3331,378,9756
10:35:40.555,3331,1,3338,4,3331,378,9756
10:36:17.476,3338,3,3342,2,3338,386,9756
10:36:20.4,3331,1,3342,2,3338,386,9756
10:37:15.462,3331,1,3341,1,3338,386,9756
10:37:20.835,3332,1,3341,1,3338,386,9756
10:37:48.237,3333,1,3341,1,3338,386,9756
10:38:49.815,3334,1,3341,1,3338,386,9756
10:39:12.845,3335,1,3341,1,3338,386,9756
10:39:41.712,3335,1,3341,2,3338,386,9756
10:39:53.261,3335,2,3341,2,3338,386,9756
10:40:42.323,3336,1,3341,2,3338,386,9756
10:41:53.779,3337,1,3341,2,3338,386,9756
10:42:18.234,3338,50,3341,2,3338,386,9756
10:42:20.863,3337,1,3341,2,3338,486,9756
10:42:40.527,3337,1,3340,50,3338,486,9756
10:42:53.388,3337,1,3341,1,3340,586,9756
10:42:57.420,3338,1,3341,1,3340,586,9756
10:43:21.966,3338,1,3340,60,3340,586,9756
10:43:27.167,3337,1,3340,57,3340,592,9756
10:43:29.321,3337,1,3340,52,3340,602,9766
10:43:30.173,3340,8,3341,1,3340,706,9766
10:43:33.689,3341,4,3342,2,3341,708,9766
10:43:44.511,3341,3,3342,2,3341,710,9766
10:44:06.449,3340,8,3342,2,3341,716,9772
10:44:09.458,3340,8,3341,2,3341,716,9772
10:44:21.486,3340,1,3341,2,3340,730,9772
10:44:23.29,3335,1,3340,7,3340,732,9772
10:44:28.196,3335,1,3342,2,3340,732,9772
10:44:43.491,3336,1,3342,2,3340,732,9772
10:45:13.501,3337,60,3342,2,3340,732,9772
10:45:18.522,3338,5,3342,2,3340,732,9772
10:45:23.320,3337,5,3342,2,3337,852,9772
10:45:25.774,3337,5,3341,5,3337,852,9772
10:45:27.775,3336,1,3341,5,3337,852,9772
10:46:27.160,3335,1,3341,5,3337,852,9772
10:46:28.424,3336,1,3341,5,3337,852,9772
10:46:37.826,3336,1,3337,40,3337,852,9772
10:46:38.466,3336,1,3341,5,3337,932,9772
10:46:39.970,3338,2,3341,5,3337,932,9772
10:47:04.550,3338,2,3340,40,3337,932,9772
10:47:13.395,3338,2,3341,5,3340,1012,9772
10:47:20.577,3339,1,3341,5,3340,1012,9772
10:48:43.707,3340,1,3341,5,3340,1012,9772
10:49:31.248,3338,2,3341,5,3340,1012,9772
10:49:32.768,3339,1,3341,5,3340,1012,9772
10:50:19.726,3338,2,3341,5,3339,1014,9774
10:50:25.825,3337,5,3341,5,3338,1018,9774
10:50:32.835,3335,1,3341,5,3337,1028,9784
10:50:41.188,3336,2,3341,5,3337,1028,9784
10:50:53.406,3335,1,3341,5,3337,1028,9784
10:50:57.819,3336,1,3341,5,3337,1028,9784
10:51:07.837,3337,1,3341,5,3337,1028,9784
10:51:40.225,3338,2,3341,5,3337,1028,9784
10:54:14.583,3338,2,3342,2,3337,1028,9784
10:54:16.765,3338,2,3341,1,3337,1028,9784
10:55:22.599,3338,2,3342,2,3337,1028,9784
10:55:24.377,3338,2,3341,1,3337,1028,9784
10:56:25.204,3338,2,3342,2,3337,1028,9784
10:56:27.684,3338,2,3341,1,3337,1028,9784
10:59:32.805,3339,1,3341,1,3337,1028,9784
10:59:46.18,3338,2,3341,1,3337,1028,9784
10:59:50.745,3340,1,3341,1,3337,1028,9784
11:00:25.517,3338,2,3341,1,3337,1028,9784
11:00:30.667,3340,1,3341,1,3337,1028,9784
11:00:37.631,3338,2,3341,1,3337,1028,9784
11:00:41.775,3338,2,3342,2,3341,1030,9784
11:00:42.264,3341,1,3342,2,3341,1030,9784
11:00:47.188,3338,2,3342,2,3341,1032,9784
11:00:47.813,3339,1,3342,2,3341,1032,9784
11:07:08.597,3339,1,3341,1,3341,1032,9784
11:11:40.219,3339,1,3342,2,3341,1034,9784
11:11:47.349,3339,1,3342,1,3342,1036,9784
11:12:08.939,3340,1,3342,1,3342,1036,9784
11:12:20.627,3340,2,3342,1,3342,1036,9784
11:12:20.967,3340,1,3342,1,3342,1036,9784
11:12:26.645,3340,1,3344,1,3342,1038,9784
11:12:33.437,3341,1,3344,1,3342,1038,9784
11:13:24.838,3338,2,3344,1,3342,1038,9784
11:13:25.680,3339,1,3344,1,3342,1038,9784
11:15:54.506,3339,3,3344,1,3342,1038,9784
11:24:13.487,3338,2,3344,1,3339,1044,9784
11:24:16.528,3338,2,3343,1,3339,1044,9784
11:24:46.298,3338,2,3343,2,3339,1044,9784
11:24:52.164,3338,2,3343,1,3339,1044,9784
11:24:52.280,3338,2,3343,6,3339,1044,9784
11:24:55.277,3338,2,3343,1,3339,1044,9784
11:29:31.507,3338,2,3344,1,3339,1044,9784
11:29:32.86,3338,2,3343,1,3339,1044,9784
13:30:01.43,3338,3,3343,1,3339,1044,9784
13:30:09.494,3339,1,3343,1,3339,1044,9784
13:32:15.458,3338,3,3343,1,3339,1046,9786
13:32:55.706,3337,1,3343,1,3338,1052,9788
13:34:17.248,3337,1,3343,2,3338,1052,9788
13:34:36.107,3337,1,3343,1,3338,1052,9788
13:36:13.300,3335,1,3343,1,3338,1052,9788
13:36:46.837,3335,1,3343,2,3338,1052,9788
13:37:04.200,3335,1,3342,1,3338,1052,9788
13:37:10.939,3335,1,3343,1,3338,1052,9788
13:37:31.150,3335,1,3344,1,3338,1052,9788
13:37:31.935,3335,1,3343,1,3338,1052,9788
13:38:54.1,3336,1,3343,1,3338,1052,9788
13:40:22.985,3336,1,3344,1,3338,1052,9788
13:40:23.859,3336,1,3343,1,3338,1052,9788
13:41:36.423,3335,1,3343,1,3336,1054,9790
13:41:47.125,3335,1,3342,1,3336,1054,9790
13:41:48.477,3335,1,3341,1,3336,1054,9790
13:41:51.334,3335,1,3340,1,3336,1054,9790
13:41:52.528,3335,1,3339,1,3336,1054,9790
13:42:01.611,3336,3,3339,1,3336,1054,9790
13:43:16.851,3337,1,3339,1,3336,1054,9790
13:43:20.836,3336,3,3339,1,3336,1054,9790
13:44:18.919,3336,3,3344,1,3336,1054,9790
13:44:19.575,3336,3,3343,1,3336,1054,9790
13:44:23.105,3335,1,3343,1,3336,1054,9790
13:44:31.824,3336,2,3343,1,3336,1054,9790
13:45:10.83,3336,2,3339,200,3336,1054,9790
13:45:10.435,3336,2,3343,1,3339,1454,10190
13:45:28.995,3337,1,3343,1,3339,1454,10190
13:46:08.411,3336,2,3343,1,3337,1456,10192
13:48:05.79,3338,1,3343,1,3337,1456,10192
13:48:09.238,3338,1,3342,1,3337,1456,10192
13:48:11.298,3338,1,3341,1,3337,1456,10192
13:48:18.780,3336,2,3341,1,3338,1458,10194
13:48:56.796,3337,1,3341,1,3338,1458,10194
13:48:57.272,3337,2,3341,1,3338,1458,10194
13:49:14.583,3337,7,3341,1,3338,1458,10194
13:49:15.264,3337,6,3341,1,3338,1458,10194
13:49:25.636,3337,1,3341,1,3338,1458,10194
13:49:35.118,3337,6,3341,1,3338,1458,10194
13:49:42.393,3337,1,3341,1,3338,1458,10194
13:50:14.273,3337,6,3341,1,3338,1458,10194
13:50:20.740,3337,6,3339,100,3338,1458,10194
13:50:21.214,3337,6,3341,1,3339,1658,10394
13:50:32.812,3338,1,3341,1,3339,1658,10394
13:50:34.883,3339,100,3341,1,3339,1658,10394
13:50:35.732,3338,1,3341,1,3339,1858,10594
13:50:56.139,3338,1,3340,1,3339,1858,10594
13:51:03.685,3337,1,3340,1,3339,1858,10594
13:51:07.468,3337,1,3339,1,3339,1858,10594
13:51:24.11,3340,2,3341,1,3340,1862,10594
13:51:28.737,3337,1,3341,1,3340,1862,10594
13:51:36.757,3330,2,3336,2,3336,1866,10598
13:51:39.873,3330,2,3341,1,3336,1866,10598
13:51:40.257,3330,2,3340,1,3336,1866,10598
13:51:45.114,3331,1,3340,1,3336,1866,10598
13:51:49.555,3331,1,3339,1,3336,1866,10598
13:51:52.161,3331,2,3339,1,3336,1866,10598
13:51:55.720,3331,2,3338,1,3336,1866,10598
13:52:05.162,3332,1,3338,1,3336,1866,10598
13:52:07.619,3331,2,3332,4,3332,1868,10598
13:52:10.772,3331,1,3332,4,3332,1868,10598
13:52:17.405,3330,2,3332,4,3332,1868,10598
13:52:31.498,3330,1,3332,4,3332,1868,10598
13:52:45.678,3330,1,3332,2,3332,1872,10598
13:52:48.279,3330,1,3332,1,3332,1874,10598
13:52:50.94,3330,1,3338,1,3332,1876,10598
13:52:50.256,3330,1,3337,1,3332,1876,10598
13:52:57.831,3330,1,3336,1,3332,1876,10598
13:53:16.700,3330,1,3337,1,3332,1876,10598
13:53:19.158,3330,1,3336,1,3332,1876,10598
13:53:21.183,3332,2,3336,1,3332,1876,10598
13:54:27.558,3332,2,3337,1,3332,1876,10598
13:54:28.933,3332,2,3336,1,3332,1876,10598
13:55:07.44,3332,1,3336,1,3332,1878,10598
13:55:33.106,3332,1,3335,1,3332,1878,10598
13:55:33.258,3332,1,3334,1,3332,1878,10598
13:56:01.975,3332,5,3334,1,3332,1878,10598
13:56:12.504,3335,2,3336,1,3334,1880,10598
13:56:16.93,3332,5,3336,1,3334,1880,10598
13:57:22.248,3336,1,3338,1,3336,1882,10598
13:57:25.344,3333,1,3338,1,3336,1884,10598
13:57:32.606,3338,1,3343,1,3338,1886,10598
13:57:45.440,3333,1,3343,1,3338,1888,10600
13:57:49.786,3334,1,3343,1,3338,1888,10600
13:58:04.627,3334,1,3343,2,3338,1888,10600
13:58:32.988,3335,1,3343,2,3338,1888,10600
13:58:34.821,3335,1,3343,1,3338,1888,10600
13:58:43.234,3335,1,3342,1,3338,1888,10600
13:59:04.673,3335,1,3341,1,3338,1888,10600
14:01:10.894,3335,1,3340,1,3338,1888,10600
14:02:21.709,3334,1,3340,1,3338,1888,10600
14:02:23.519,3335,1,3340,1,3338,1888,10600
14:02:38.771,3335,1,3339,1,3338,1888,10600
14:02:40.149,3335,2,3339,1,3338,1888,10600
14:02:58.164,3335,1,3339,1,3338,1888,10600
14:03:01.344,3335,2,3339,1,3338,1888,10600
14:04:56.161,3335,2,3340,1,3338,1888,10600
14:05:12.960,3335,2,3339,1,3338,1888,10600
14:05:13.505,3335,3,3339,1,3338,1888,10600
14:06:54.314,3335,2,3339,1,3338,1888,10600
14:06:57.232,3335,2,3340,1,3339,1890,10600
14:07:02.206,3335,2,3339,1,3339,1890,10600
14:07:02.908,3336,1,3339,1,3339,1890,10600
14:07:15.922,3336,1,3337,30,3339,1890,10600
14:07:17.330,3337,30,3339,1,3337,1950,10600
14:07:25.264,3336,3,3339,1,3337,1950,10600
14:08:03.358,3338,30,3339,1,3337,1950,10600
14:08:04.622,3336,3,3339,1,3338,2010,10540
14:08:23.899,3336,4,3339,1,3338,2010,10540
14:09:48.992,3336,3,3339,1,3338,2010,10540
14:13:21.883,3336,3,3339,2,3338,2010,10540
14:14:59.970,3336,1,3339,2,3336,2014,10544
14:17:01.757,3336,2,3339,2,3336,2014,10544
14:17:22.687,3336,2,3339,3,3336,2014,10544
14:27:50.500,3336,2,3339,2,3339,2016,10544
14:28:20.629,3336,2,3338,1,3339,2016,10544
14:28:20.894,3337,1,3338,1,3339,2016,10544
14:28:50.539,3336,2,3338,1,3337,2018,10546
14:28:55.889,3335,1,3338,1,3336,2022,10550
14:29:20.508,3335,1,3339,1,3339,2026,10550
14:29:23.294,3336,1,3339,1,3339,2026,10550
14:31:20.880,3336,2,3339,1,3339,2026,10550
14:31:52.949,3336,2,3344,1,3339,2028,10550
14:31:57.234,3336,2,3343,1,3339,2028,10550
14:32:52.783,3336,2,3342,1,3339,2028,10550
14:34:07.663,3338,1,3342,1,3339,2028,10550
14:34:36.820,3336,2,3342,1,3339,2028,10550
14:34:42.182,3339,1,3342,1,3339,2028,10550
14:34:55.672,3336,2,3342,1,3339,2030,10552
14:35:02.66,3333,1,3342,1,3336,2034,10556
14:35:09.718,3333,1,3341,1,3336,2034,10556
14:35:14.508,3333,1,3338,1,3336,2034,10556
14:35:15.248,3332,5,3338,1,3333,2036,10558
14:35:20.676,3330,5,3338,1,3332,2046,10560
14:35:28.810,3330,5,3338,2,3332,2046,10560
14:35:53.628,3330,6,3338,2,3332,2046,10560
14:35:56.124,3330,5,3338,2,3332,2046,10560
14:35:56.368,3330,5,3332,100,3332,2046,10560
14:35:56.964,3330,5,3338,2,3332,2246,10360
14:36:06.631,3330,5,3338,2,3332,2446,10160
14:36:06.756,3330,5,3337,1,3332,2446,10160
14:36:35.532,3331,1,3337,1,3332,2446,10160
14:37:34.882,3331,1,3336,1,3332,2446,10160
14:37:39.117,3331,3,3336,1,3332,2446,10160
14:37:50.400,3331,4,3336,1,3332,2446,10160
14:38:28.776,3331,1,3336,1,3331,2452,10162
14:38:31.210,3330,5,3331,2,3331,2454,10164
14:38:34.357,3330,4,3331,2,3331,2454,10164
14:38:34.969,3330,1,3331,2,3330,2460,10166
14:38:36.404,3329,1,3330,2,3330,2462,10166
14:38:39.56,3329,1,3331,2,3330,2462,10166
14:38:39.986,3329,1,3336,1,3330,2462,10166
14:38:40.257,3329,1,3335,1,3330,2462,10166
14:38:42.677,3329,2,3335,1,3330,2462,10166
14:38:48.729,3337,4,3338,2,3335,2464,10166
14:38:51.635,3337,2,3338,2,3337,2468,10166
14:38:52.136,3329,2,3337,1,3337,2472,10166
14:38:52.446,3330,1,3337,3,3337,2472,10166
14:39:08.238,3330,2,3337,3,3337,2472,10166
14:39:09.863,3330,2,3338,1,3337,2472,10166
14:39:10.696,3337,1,3338,1,3337,2472,10166
14:39:12.139,3330,2,3338,1,3337,2474,10166
14:39:12.269,3331,1,3338,1,3337,2474,10166
14:39:14.179,3332,1,3338,1,3337,2474,10166
14:39:14.260,3333,1,3338,1,3337,2474,10166
14:39:18.166,3339,1,3342,1,3338,2476,10166
14:39:19.639,3330,2,3342,1,3339,2478,10166
14:39:19.757,3331,1,3342,1,3339,2478,10166
14:39:20.245,3331,1,3341,1,3339,2478,10166
14:39:21.134,3332,1,3341,1,3339,2478,10166
14:39:21.257,3333,1,3341,1,3339,2478,10166
14:39:22.521,3334,1,3341,1,3339,2478,10166
14:39:26.983,3331,2,3341,1,3339,2478,10166
14:39:27.258,3332,1,3341,1,3339,2478,10166
14:39:28.309,3333,1,3341,1,3339,2478,10166
14:39:42.334,3331,2,3341,1,3339,2478,10166
14:39:42.763,3332,2,3341,1,3339,2478,10166
14:39:54.595,3333,1,3341,1,3339,2478,10166
14:39:55.265,3333,2,3341,1,3339,2478,10166
14:39:55.980,3333,2,3341,2,3339,2478,10166
14:40:00.607,3333,2,3340,1,3339,2478,10166
14:40:01.116,3333,2,3340,2,3339,2478,10166
14:40:19.275,3334,1,3340,2,3339,2478,10166
14:40:21.86,3334,1,3339,1,3339,2478,10166
14:40:35.650,3335,1,3339,1,3339,2478,10166
14:41:25.510,3334,1,3339,1,3335,2480,10168
14:41:26.961,3333,1,3339,1,3334,2482,10170
14:41:32.811,3333,1,3338,1,3334,2482,10170
14:41:41.174,3339,1,3340,1,3339,2486,10170
14:41:42.813,3333,1,3340,1,3339,2488,10170
14:41:43.674,3334,2,3340,1,3339,2488,10170
14:41:44.950,3335,1,3340,1,3339,2488,10170
14:41:48.523,3333,1,3340,1,3339,2488,10170
14:41:48.759,3334,1,3340,1,3339,2488,10170
14:41:50.39,3335,1,3340,1,3339,2488,10170
14:41:51.910,3333,1,3340,1,3339,2488,10170
14:41:52.704,3335,1,3340,1,3339,2488,10170
14:41:56.507,3335,1,3339,1,3339,2488,10170
14:41:57.357,3336,1,3339,1,3339,2488,10170
14:42:06.919,3335,1,3339,1,3339,2488,10170
14:42:08.666,3333,1,3339,1,3339,2488,10170
14:42:08.757,3334,1,3339,1,3339,2488,10170
14:42:09.366,3335,1,3339,1,3339,2488,10170
14:42:11.509,3335,2,3339,1,3339,2488,10170
14:42:13.315,3335,1,3339,1,3339,2488,10170
14:42:14.699,3336,1,3339,1,3339,2488,10170
14:42:33.175,3335,1,3339,1,3339,2488,10170
14:43:01.297,3333,1,3339,1,3339,2488,10170
14:43:01.758,3334,1,3339,1,3339,2488,10170
14:43:02.687,3335,1,3339,1,3339,2488,10170
14:43:08.208,3336,1,3339,1,3339,2488,10170
14:44:19.629,3337,100,3339,1,3339,2488,10170
14:44:20.84,3336,1,3339,1,3337,2688,10370
14:44:32.205,3336,1,3337,100,3337,2688,10370
14:44:32.531,3336,2,3339,1,3337,2888,10570
14:45:42.822,3335,1,3339,1,3336,2892,10568
14:47:08.552,3335,1,3338,1,3336,2892,10568
14:48:57.304,3336,2,3338,1,3336,2892,10568
14:49:01.692,3336,2,3338,1,3336,3092,10372
14:49:04.122,3335,1,3338,1,3336,3096,10372
14:49:10.892,3333,1,3338,1,3335,3098,10374
14:49:12.217,3333,1,3338,3,3335,3098,10374
14:49:16.904,3336,100,3338,3,3335,3098,10374
14:49:17.316,3333,1,3338,3,3336,3298,10174
14:51:53.560,3333,1,3338,2,3338,3300,10174
14:51:56.962,3330,5,3338,2,3333,3302,10176
14:51:58.951,3331,1,3338,2,3333,3302,10176
14:52:01.220,3332,1,3338,2,3333,3302,10176
14:52:03.180,3330,5,3331,3,3331,3306,10180
14:52:22.341,3330,5,3331,2,3331,3308,10182
14:52:24.132,3330,5,3331,1,3331,3310,10184
14:52:24.507,3330,5,3336,1,3331,3312,10186
14:52:24.757,3330,5,3335,1,3331,3312,10186
14:52:25.502,3330,5,3334,1,3331,3312,10186
14:52:26.471,3330,5,3335,1,3331,3312,10186
14:52:31.517,3329,1,3334,1,3330,3322,10188
14:52:35.424,3329,1,3335,1,3334,3324,10188
14:52:40.815,3330,1,3335,1,3334,3324,10188
14:52:48.810,3330,2,3335,1,3334,3324,10188
14:53:03.128,3330,2,3334,1,3334,3324,10188
14:53:05.573,3330,3,3334,1,3334,3324,10188
14:53:14.99,3330,2,3334,1,3334,3324,10188
14:53:18.193,3330,3,3334,1,3334,3324,10188
14:53:43.100,3331,1,3334,1,3334,3324,10188
14:53:52.390,3330,2,3334,1,3334,3324,10188
14:53:53.796,3331,1,3334,1,3334,3324,10188
14:54:00.859,3330,2,3334,1,3331,3326,10190
14:54:06.386,3331,1,3334,1,3331,3326,10190
14:54:06.758,3331,1,3333,1,3331,3326,10190
14:54:14.869,3330,1,3333,1,3331,3328,10190
14:54:19.90,3318,1,3333,1,3330,3330,10192
14:54:23.737,3318,1,3332,1,3330,3330,10192
14:54:26.84,3318,1,3332,3,3330,3330,10192
14:54:27.641,3320,1,3332,3,3330,3330,10192
14:54:35.415,3320,2,3332,3,3330,3330,10192
14:54:36.987,3321,3,3332,3,3330,3330,10192
14:54:38.850,3322,1,3332,3,3330,3330,10192
14:54:39.961,3322,1,3332,1,3330,3330,10192
14:54:41.315,3322,1,3334,1,3330,3330,10192
14:54:41.756,3322,1,3333,1,3330,3330,10192
14:54:44.123,3322,1,3332,1,3330,3330,10192
14:54:45.468,3323,1,3332,1,3330,3330,10192
14:54:47.356,3323,2,3332,1,3330,3330,10192
14:54:48.905,3324,1,3332,1,3330,3330,10192
14:54:50.652,3324,1,3334,1,3330,3330,10192
14:54:50.756,3324,1,3333,1,3330,3330,10192
14:55:09.520,3325,1,3333,1,3330,3330,10192
14:55:12.473,3326,1,3333,1,3330,3330,10192
14:55:26.646,3327,1,3333,1,3330,3330,10192
14:55:30.625,3328,1,3333,1,3330,3330,10192
14:55:35.332,3328,1,3332,1,3330,3330,10192
14:55:54.370,3331,1,3332,1,3330,3330,10192
14:55:56.618,3328,1,3332,1,3330,3332,10192
14:56:06.616,3328,1,3334,2,3330,3332,10192
14:56:06.756,3328,1,3333,1,3330,3332,10192
14:56:07.796,3328,1,3332,1,3330,3332,10192
14:56:08.256,3328,1,3331,1,3330,3332,10192
14:56:10.205,3328,1,3330,1,3330,3332,10192
14:56:10.259,3328,1,3329,1,3330,3332,10192
14:56:15.705,3327,1,3329,1,3330,3332,10192
14:56:17.592,3327,1,3334,2,3329,3334,10194
14:56:19.125,3327,1,3333,1,3329,3334,10194
14:56:22.669,3327,1,3332,1,3329,3334,10194
14:56:26.318,3327,1,3331,1,3329,3334,10194
14:56:29.373,3327,1,3330,1,3329,3334,10194
14:56:31.282,3327,1,3329,1,3329,3334,10194
14:56:36.741,3327,1,3331,1,3329,3334,10194
14:56:37.898,3327,1,3334,2,3329,3334,10194
14:56:39.37,3327,1,3333,1,3329,3334,10194
14:57:11.22,3327,1,3332,1,3329,3334,10194
14:57:21.628,3323,2,3332,1,3327,3336,10196
14:57:26.960,3323,2,3331,1,3327,3336,10196
14:57:36.601,3324,1,3331,1,3327,3336,10196
14:57:38.701,3324,2,3331,1,3327,3336,10196
14:57:45.132,3324,2,3330,1,3327,3336,10196
14:57:47.595,3324,2,3329,1,3327,3336,10196
14:58:03.129,3324,2,3330,1,3329,3338,10196
14:58:10.8,3324,2,3334,2,3330,3340,10196
14:58:11.838,3324,2,3333,1,3330,3340,10196
14:58:15.196,3324,1,3333,1,3324,3344,10200
14:58:15.964,3324,1,3334,2,3333,3346,10200
14:58:16.801,3324,1,3333,1,3333,3346,10200
14:58:20.411,3324,1,3332,1,3333,3346,10200
14:58:21.449,3324,1,3331,1,3333,3346,10200
14:58:27.654,3324,1,3333,1,3331,3348,10200
14:58:27.755,3324,1,3330,1,3331,3348,10200
14:58:29.403,3324,1,3329,1,3331,3348,10200
14:58:32.845,3324,1,3328,1,3331,3348,10200
14:58:35.7,3321,3,3329,1,3331,3350,10200
14:58:35.869,3321,3,3334,2,3331,3350,10200
14:58:36.629,3321,3,3333,1,3331,3350,10200
14:58:38.172,3322,1,3333,1,3331,3350,10200
14:58:40.429,3323,1,3333,1,3331,3350,10200
14:58:41.452,3324,1,3333,1,3331,3350,10200
14:58:44.76,3324,1,3334,2,3333,3352,10200
14:58:45.363,3324,1,3333,1,3333,3352,10200
14:58:48.188,3325,1,3333,1,3333,3352,10200
14:58:48.735,3326,1,3333,1,3333,3352,10200
14:58:53.80,3321,3,3333,1,3333,3352,10200
14:58:53.856,3322,1,3333,1,3333,3352,10200
14:58:54.686,3322,2,3333,1,3333,3352,10200
14:58:56.645,3323,1,3333,1,3333,3352,10200
14:58:58.97,3323,1,3334,2,3333,3354,10200
14:59:00.170,3323,1,3333,3,3333,3354,10200
14:59:02.422,3323,1,3332,1,3333,3354,10200
14:59:03.194,3322,2,3332,1,3323,3356,10202
14:59:07.141,3322,2,3330,1,3323,3356,10202
14:59:10.434,3322,2,3329,1,3323,3356,10202
14:59:10.978,3322,4,3329,1,3323,3356,10202
14:59:15.679,3322,4,3330,1,3329,3358,10202
14:59:19.611,3331,2,3332,1,3330,3360,10202
14:59:21.464,3331,1,3332,1,3331,3362,10202
14:59:21.948,3322,4,3332,1,3331,3364,10202
14:59:23.674,3322,4,3331,3,3331,3364,10202
14:59:25.611,3322,4,3330,1,3331,3364,10202
14:59:25.984,3322,4,3330,2,3331,3364,10202
14:59:28.940,3322,3,3330,2,3322,3368,10206
14:59:31.258,3323,1,3330,2,3322,3368,10206
14:59:32.819,3323,1,3329,1,3322,3368,10206
14:59:33.982,3326,1,3329,1,3322,3368,10206
14:59:34.352,3323,1,3329,1,3326,3370,10208
14:59:34.811,3323,1,3329,3,3326,3370,10208
14:59:36.626,3323,1,3328,1,3326,3370,10208
14:59:41.679,3322,3,3328,1,3326,3370,10208
14:59:42.741,3323,1,3328,1,3326,3370,10208
14:59:44.930,3322,3,3328,1,3323,3372,10210
14:59:47.75,3322,3,3327,1,3323,3372,10210
14:59:49.570,3322,3,3326,1,3323,3372,10210
14:59:56.548,3322,3,3327,1,3323,3372,10210
15:00:00.505,3322,3,3327,1,3323,3372,10210
15:00:25.325,3322,3,3327,1,3323,3372,10210
