21:06:35.500,2814,2,2858,3,2820,2,844
21:06:36.0,2814,2,2850,4,2820,2,844
21:06:36.500,2814,2,2848,1,2820,2,844
21:06:37.0,2814,2,2846,2,2820,2,844
21:06:37.500,2814,2,2844,1,2820,2,844
21:06:38.0,2814,2,2844,2,2820,2,844
21:06:38.500,2814,2,2842,2,2820,2,844
21:06:39.0,2814,2,2840,1,2820,2,844
21:06:39.500,2814,2,2840,2,2820,2,844
21:06:40.0,2814,2,2838,1,2820,2,844
21:06:40.500,2814,2,2836,1,2820,2,844
21:06:41.0,2814,2,2836,2,2820,2,844
21:06:41.500,2814,2,2834,1,2820,2,844
21:06:42.0,2814,2,2834,2,2820,2,844
21:06:42.500,2814,2,2834,3,2820,2,844
21:06:45.500,2814,2,2834,3,2820,2,844
21:06:47.0,2814,2,2834,3,2820,2,844
21:06:51.0,2814,2,2834,3,2820,2,844
21:06:51.500,2814,2,2834,3,2820,2,844
21:06:52.0,2814,2,2834,3,2820,2,844
21:06:57.0,2814,2,2820,1,2820,2,844
21:06:57.500,2814,2,2820,1,2820,2,844
21:07:10.500,2814,2,2820,1,2820,2,844
21:07:13.500,2814,2,2838,1,2820,4,842
21:07:14.0,2814,2,2826,1,2820,4,842
21:07:21.500,2814,2,2824,1,2820,4,842
21:07:28.500,2814,2,2824,1,2820,4,842
21:07:52.500,2814,2,2824,1,2820,4,842
21:08:11.500,2814,2,2824,1,2820,4,842
21:08:19.0,2814,2,2824,4,2820,4,842
21:09:02.500,2814,2,2824,4,2820,4,842
21:09:03.500,2814,2,2824,4,2820,4,842
21:09:22.0,2814,2,2824,5,2820,4,842
21:09:34.500,2814,2,2818,1,2820,4,842
21:09:43.0,2814,1,2818,1,2820,4,842
21:09:52.500,2810,1,2818,1,2820,4,842
21:09:53.0,2812,1,2818,1,2820,4,842
21:10:03.500,2812,1,2818,1,2820,4,842
21:10:07.0,2812,2,2818,1,2820,4,842
21:10:36.0,2812,2,2818,1,2820,4,842
21:10:45.500,2812,1,2818,1,2820,4,842
21:10:47.0,2812,2,2818,1,2820,4,842
21:10:47.500,2812,1,2818,1,2820,4,842
21:10:50.0,2812,2,2818,1,2820,4,842
21:10:51.500,2812,1,2818,1,2820,4,842
21:11:25.500,2812,1,2818,1,2820,4,842
21:11:38.0,2812,2,2818,1,2820,4,842
21:11:39.0,2810,1,2818,1,2820,4,842
21:11:39.500,2812,1,2818,1,2820,4,842
21:11:42.0,2812,2,2818,1,2820,4,842
21:11:49.500,2812,1,2818,1,2820,4,842
21:11:50.0,2812,2,2818,1,2820,4,842
21:12:19.500,2812,2,2818,1,2820,4,842
21:12:21.500,2812,2,2818,1,2820,4,842
21:12:22.0,2812,1,2818,1,2820,4,842
21:12:31.500,2810,1,2818,1,2820,4,842
21:12:32.0,2810,2,2818,1,2820,4,842
21:12:35.500,2810,3,2818,1,2820,4,842
21:12:59.0,2810,2,2818,1,2820,4,842
21:12:59.500,2810,3,2818,1,2820,4,842
21:13:00.0,2810,2,2818,1,2820,4,842
21:13:00.500,2810,3,2818,1,2820,4,842
21:13:01.0,2810,2,2818,1,2820,4,842
21:13:01.500,2810,3,2818,1,2820,4,842
21:13:05.0,2810,2,2818,1,2820,4,842
21:13:05.500,2810,3,2818,1,2820,4,842
21:13:30.500,2812,1,2818,1,2820,4,842
21:13:41.0,2812,1,2818,1,2820,4,842
21:13:41.500,2812,1,2818,1,2820,4,842
21:13:42.500,2812,2,2818,1,2820,4,842
21:13:58.0,2812,1,2818,1,2820,4,842
21:13:59.0,2810,1,2818,1,2820,4,842
21:13:59.500,2810,2,2818,1,2820,4,842
21:14:16.0,2810,2,2820,1,2820,4,842
21:15:13.500,2810,2,2820,3,2820,4,842
21:15:27.0,2810,2,2820,3,2820,4,842
21:16:15.500,2810,3,2820,3,2820,4,842
21:16:47.500,2810,3,2820,3,2820,4,842
21:17:00.500,2810,3,2820,2,2820,4,842
21:17:07.0,2810,3,2818,1,2820,4,842
21:19:52.500,2810,2,2818,1,2820,4,842
21:19:53.0,2810,1,2818,1,2820,4,842
21:20:41.0,2810,1,2818,2,2820,4,842
21:21:16.0,2800,1,2818,2,2820,4,842
21:21:16.500,2802,1,2818,2,2820,4,842
21:21:18.0,2802,1,2818,2,2820,4,842
21:21:22.0,2802,2,2818,2,2820,4,842
21:21:44.0,2804,2,2818,2,2820,4,842
21:21:44.500,2804,2,2818,2,2820,4,842
21:21:45.0,2806,1,2818,2,2820,4,842
21:22:01.500,2806,2,2818,2,2820,4,842
21:22:06.500,2806,2,2816,2,2820,4,842
21:22:08.500,2806,2,2816,2,2820,4,842
21:22:14.0,2804,1,2816,2,2804,10,844
21:22:15.0,2804,1,2816,2,2804,10,844
21:22:15.500,2804,1,2814,1,2804,10,844
21:22:30.0,2804,1,2814,1,2804,10,844
21:22:38.0,2804,1,2814,1,2804,10,844
21:22:43.0,2804,1,2814,1,2804,10,844
21:23:31.0,2804,1,2812,1,2804,10,844
21:23:31.500,2804,1,2812,1,2804,10,844
21:23:32.0,2804,1,2812,2,2804,10,844
21:23:32.500,2804,1,2812,1,2804,10,844
21:23:33.500,2804,1,2812,2,2804,10,844
21:23:34.0,2804,1,2812,1,2804,10,844
21:23:37.0,2806,1,2812,1,2804,10,844
21:23:43.500,2806,1,2816,2,2804,10,844
21:23:44.0,2804,1,2814,1,2804,10,844
21:24:03.0,2806,1,2814,1,2804,10,844
21:24:43.500,2808,1,2814,1,2804,10,844
21:25:59.0,2808,1,2814,1,2804,10,844
21:29:11.0,2808,1,2814,1,2804,10,844
21:30:32.500,2808,1,2814,1,2804,10,844
21:30:34.500,2808,1,2814,1,2804,10,844
21:33:14.0,2808,1,2810,1,2804,10,844
21:33:14.500,2808,1,2810,1,2804,10,844
21:33:50.0,2808,1,2816,2,2810,12,844
21:33:50.500,2808,1,2814,1,2810,12,844
21:34:47.500,2808,1,2814,1,2810,12,844
21:35:18.500,2808,1,2816,2,2810,12,844
21:35:19.0,2808,1,2816,3,2810,12,844
21:36:24.0,2808,1,2816,3,2810,12,844
21:36:54.500,2808,1,2816,2,2810,12,844
21:36:55.0,2808,1,2816,3,2810,12,844
21:37:06.0,2808,2,2816,3,2810,12,844
21:37:21.500,2810,1,2816,3,2810,12,844
21:37:22.500,2810,1,2816,3,2810,12,844
21:37:26.0,2810,1,2816,3,2810,12,844
21:39:23.500,2810,1,2816,2,2810,12,844
21:39:24.0,2810,1,2814,1,2810,12,844
21:39:27.0,2806,1,2814,1,2810,12,844
21:41:18.0,2806,2,2814,1,2810,12,844
21:41:33.500,2808,1,2814,1,2810,12,844
21:41:42.500,2808,1,2814,1,2810,12,844
21:41:52.0,2806,1,2814,1,2810,12,844
21:42:43.500,2806,2,2814,1,2810,12,844
21:43:27.500,2806,2,2814,1,2810,12,844
21:43:32.500,2806,2,2814,3,2810,12,844
21:44:00.500,2806,2,2814,3,2810,12,844
21:44:14.500,2806,2,2812,1,2810,12,844
21:44:15.0,2806,2,2812,1,2810,12,844
21:44:15.500,2806,2,2812,2,2810,12,844
21:45:11.500,2806,2,2812,1,2810,12,844
21:52:05.500,2806,1,2814,2,2810,12,844
21:52:06.0,2806,1,2812,1,2810,12,844
21:52:16.0,2804,1,2812,1,2810,12,844
21:52:18.500,2804,1,2812,1,2810,12,844
21:53:12.500,2804,2,2812,1,2810,12,844
21:53:28.500,2806,1,2812,1,2810,12,844
21:55:59.0,2806,1,2812,1,2810,12,844
22:03:24.500,2804,2,2812,1,2810,12,844
22:03:38.0,2806,1,2812,1,2810,12,844
22:03:52.0,2806,1,2814,2,2810,12,844
22:03:52.500,2806,1,2812,1,2810,12,844
22:03:54.0,2806,1,2814,2,2810,12,844
22:03:54.500,2806,1,2814,3,2810,12,844
22:04:08.0,2806,1,2814,2,2810,12,844
22:04:08.500,2806,1,2812,1,2810,12,844
22:06:47.0,2806,1,2810,1,2810,12,844
22:06:47.500,2806,1,2810,1,2810,12,844
22:06:48.0,2806,1,2810,2,2810,12,844
22:06:54.500,2806,1,2810,3,2810,12,844
22:07:14.500,2806,1,2810,3,2810,12,844
22:07:21.500,2806,1,2810,3,2810,12,844
22:07:24.0,2806,1,2810,3,2810,12,844
22:07:24.500,2806,1,2810,2,2810,12,844
22:07:25.0,2806,1,2808,1,2810,12,844
22:07:25.500,2806,1,2808,1,2810,12,844
22:07:28.0,2806,1,2810,2,2810,12,844
22:07:28.500,2806,1,2810,3,2810,12,844
22:07:33.500,2806,1,2810,2,2810,12,844
22:07:34.0,2806,1,2808,1,2810,12,844
22:07:37.0,2806,1,2810,2,2810,12,844
22:07:37.500,2806,1,2810,3,2810,12,844
22:07:44.0,2806,1,2810,2,2810,12,844
22:07:44.500,2806,1,2808,1,2810,12,844
22:07:55.500,2804,1,2808,1,2810,12,844
22:07:57.500,2790,2,2808,1,2810,12,844
22:07:58.0,2792,2,2808,1,2810,12,844
22:07:58.500,2794,1,2808,1,2810,12,844
22:07:59.0,2794,1,2808,1,2810,12,844
22:08:05.0,2796,1,2808,1,2810,12,844
22:08:21.0,2800,1,2808,1,2810,12,844
22:08:29.500,2800,1,2808,1,2810,12,844
22:08:34.0,2802,1,2808,1,2810,12,844
22:08:43.500,2802,1,2808,1,2810,12,844
22:08:51.0,2802,2,2808,1,2810,12,844
22:08:52.0,2802,2,2808,1,2810,12,844
22:08:57.500,2802,2,2808,1,2810,12,844
22:09:05.500,2802,2,2808,1,2810,12,844
22:09:06.500,2802,2,2810,1,2810,12,844
22:09:07.0,2802,2,2810,2,2810,12,844
22:09:11.500,2802,2,2810,1,2810,12,844
22:09:12.0,2802,2,2810,2,2810,12,844
22:09:13.0,2802,2,2810,1,2810,12,844
22:09:13.500,2802,2,2810,2,2810,12,844
22:09:32.500,2802,2,2810,1,2810,12,844
22:09:33.0,2802,2,2808,1,2810,12,844
22:09:33.500,2802,2,2810,1,2810,12,844
22:09:34.0,2802,2,2808,1,2810,12,844
22:09:34.500,2802,2,2810,1,2810,12,844
22:09:35.0,2802,2,2810,2,2810,12,844
22:09:39.0,2802,2,2810,2,2810,12,844
22:09:45.500,2802,2,2810,2,2810,12,844
22:09:58.500,2802,3,2810,2,2810,12,844
22:10:11.0,2802,3,2810,1,2810,12,844
22:10:11.500,2802,2,2808,1,2810,12,844
22:10:14.500,2802,2,2810,1,2810,12,844
22:10:15.0,2802,2,2810,2,2810,12,844
22:10:32.500,2802,2,2810,1,2810,12,844
22:10:33.0,2802,2,2808,1,2810,12,844
22:10:34.0,2802,2,2810,1,2810,12,844
22:10:34.500,2802,2,2810,2,2810,12,844
22:12:53.0,2802,3,2810,2,2810,12,844
22:18:50.500,2802,2,2810,1,2810,12,844
22:18:51.0,2802,2,2810,2,2810,12,844
22:18:51.500,2802,2,2810,1,2810,12,844
22:18:52.0,2802,2,2808,1,2810,12,844
22:18:53.0,2802,2,2810,1,2810,12,844
22:18:53.500,2802,2,2810,2,2810,12,844
22:18:59.500,2802,2,2810,1,2810,12,844
22:19:00.0,2802,2,2810,2,2810,12,844
22:19:05.0,2802,2,2810,1,2810,12,844
22:19:05.500,2802,2,2810,2,2810,12,844
22:19:59.0,2802,2,2810,1,2810,12,844
22:19:59.500,2802,2,2808,1,2810,12,844
22:20:00.0,2802,2,2810,1,2810,12,844
22:20:00.500,2802,2,2808,1,2810,12,844
22:20:01.0,2802,2,2810,1,2810,12,844
22:20:01.500,2802,2,2808,1,2810,12,844
22:20:02.0,2802,2,2810,1,2810,12,844
22:20:02.500,2802,2,2808,1,2810,12,844
22:20:03.0,2802,2,2810,1,2810,12,844
22:20:03.500,2802,2,2808,1,2810,12,844
22:20:04.0,2802,2,2810,1,2810,12,844
22:20:04.500,2802,2,2808,1,2810,12,844
22:21:58.0,2802,2,2810,1,2810,12,844
22:21:58.500,2802,2,2810,2,2810,12,844
22:22:20.500,2802,3,2810,2,2810,12,844
22:23:26.0,2802,3,2810,2,2810,12,844
22:25:55.0,2802,3,2810,1,2810,12,844
22:25:56.500,2802,3,2810,1,2810,12,844
22:26:06.0,2802,3,2816,2,2810,12,844
22:26:06.500,2802,3,2814,1,2810,12,844
22:26:14.500,2802,3,2814,1,2810,12,844
22:27:18.500,2804,1,2814,1,2810,12,844
22:27:19.500,2804,1,2814,1,2810,12,844
22:27:21.500,2804,2,2814,1,2810,12,844
22:27:35.500,2806,1,2814,1,2810,12,844
22:27:45.500,2806,1,2812,1,2810,12,844
22:27:46.0,2806,1,2812,1,2810,12,844
22:27:46.500,2806,1,2810,1,2810,12,844
22:27:47.0,2806,1,2812,1,2810,12,844
22:27:47.500,2806,1,2810,1,2810,12,844
22:27:48.0,2806,1,2812,1,2810,12,844
22:27:48.500,2806,1,2810,1,2810,12,844
22:27:49.0,2806,1,2812,1,2810,12,844
22:27:49.500,2804,2,2810,1,2810,12,844
22:27:50.0,2804,2,2812,1,2810,12,844
22:27:50.500,2804,2,2810,1,2810,12,844
22:27:51.0,2804,2,2812,1,2810,12,844
22:27:51.500,2804,2,2810,1,2810,12,844
22:27:52.0,2804,2,2812,1,2810,12,844
22:27:52.500,2804,2,2810,1,2810,12,844
22:27:59.0,2804,2,2810,1,2810,12,844
22:29:13.500,2804,2,2818,1,2810,12,844
22:29:14.0,2804,2,2816,1,2810,12,844
22:30:29.0,2804,2,2814,1,2810,12,844
22:30:29.500,2804,2,2814,1,2810,12,844
22:30:30.0,2804,2,2812,1,2810,12,844
22:30:38.0,2804,2,2812,1,2810,12,844
22:30:43.500,2806,1,2812,1,2810,12,844
22:33:35.500,2806,1,2812,1,2810,12,844
22:33:52.0,2804,2,2812,1,2810,12,844
22:34:34.500,2804,3,2812,1,2810,12,844
22:35:29.500,2804,2,2812,1,2810,12,844
22:36:41.500,2804,2,2812,1,2810,12,844
22:42:39.0,2804,3,2812,1,2810,12,844
22:42:39.0,2804,3,2812,1,2810,12,844
22:47:39.500,2804,2,2812,1,2810,12,844
22:50:53.500,2804,3,2812,1,2810,12,844
22:51:02.500,2804,2,2812,1,2810,12,844
22:52:46.500,2804,3,2812,1,2810,12,844
22:56:45.0,2806,1,2812,1,2810,12,844
22:57:35.500,2806,1,2812,1,2810,12,844
22:57:51.500,2806,1,2812,1,2810,12,844
22:57:57.0,2806,1,2810,1,2810,12,844
22:57:57.500,2806,1,2810,1,2810,12,844
22:58:08.500,2806,1,2818,1,2810,12,844
22:58:09.0,2806,1,2816,1,2810,12,844
22:58:18.500,2806,1,2814,1,2810,12,844
22:58:19.0,2806,1,2814,1,2810,12,844
22:58:19.500,2806,1,2812,1,2810,12,844
22:58:22.0,2806,1,2810,1,2810,12,844
22:58:22.500,2806,1,2810,1,2810,12,844
22:58:27.500,2806,1,2810,1,2810,12,844
22:58:36.500,2804,3,2810,1,2810,12,844
22:58:41.500,2806,1,2810,1,2810,12,844
22:58:44.0,2806,1,2810,1,2810,12,844
22:58:54.500,2806,1,2810,1,2810,12,844
22:58:55.0,2806,1,2824,3,2810,12,844
22:58:55.500,2806,1,2822,1,2810,12,844
22:58:56.0,2806,1,2822,1,2810,12,844
22:58:57.0,2806,1,2822,2,2810,12,844
22:58:58.500,2806,1,2822,3,2810,12,844
22:58:59.0,2806,1,2822,3,2810,12,844
22:58:59.500,2806,1,2822,3,2810,12,844
22:59:01.0,2806,1,2822,3,2810,12,844
22:59:01.500,2806,1,2822,1,2810,12,844
22:59:05.0,2806,1,2808,1,2810,12,844
22:59:05.500,2806,1,2808,1,2810,12,844
22:59:09.0,2806,1,2808,1,2810,12,844
22:59:11.0,2806,1,2824,3,2808,14,844
22:59:11.500,2806,1,2822,1,2808,14,844
22:59:16.500,2806,1,2818,1,2808,14,844
22:59:17.0,2806,1,2818,1,2808,14,844
22:59:17.500,2806,1,2816,1,2808,14,844
22:59:21.0,2806,1,2816,1,2808,14,844
22:59:24.500,2806,1,2812,1,2808,14,844
22:59:25.0,2806,1,2812,1,2808,14,844
22:59:25.500,2806,1,2812,2,2808,14,844
22:59:35.500,2806,1,2812,1,2808,14,844
22:59:47.500,2806,1,2812,1,2808,14,844
22:59:53.0,2806,1,2812,1,2808,14,844
22:59:55.0,2806,1,2824,3,2808,14,844
22:59:55.500,2790,2,2824,3,2808,14,844
22:59:56.0,2792,3,2824,3,2808,14,844
23:00:00.500,2792,3,2824,3,2808,14,844
23:00:00.500,2792,3,2824,3,2808,14,844
09:00:00.500,2792,3,2824,3,2808,14,844
09:00:01.0,2794,2,2822,1,2808,14,844
09:00:01.500,2794,2,2822,1,2808,14,844
09:00:03.500,2794,2,2822,1,2808,14,844
09:00:04.0,2794,2,2822,2,2808,14,844
09:00:04.500,2794,2,2822,1,2808,14,844
09:00:05.0,2794,2,2822,2,2808,14,844
09:00:06.0,2794,2,2822,2,2808,14,844
09:00:10.0,2794,2,2822,2,2808,14,844
09:00:20.500,2794,3,2822,2,2808,14,844
09:00:28.0,2794,3,2822,2,2808,14,844
09:00:30.0,2794,3,2822,2,2808,14,844
09:00:41.0,2794,3,2820,1,2808,14,844
09:00:41.500,2794,3,2820,1,2808,14,844
09:00:42.0,2796,1,2818,1,2808,14,844
09:00:42.500,2796,1,2818,1,2808,14,844
09:00:43.0,2798,2,2818,1,2808,14,844
09:00:43.500,2798,2,2818,1,2808,14,844
09:00:50.500,2798,2,2816,1,2808,14,844
09:00:51.0,2798,2,2816,1,2808,14,844
09:00:51.500,2798,2,2814,1,2808,14,844
09:00:54.0,2798,2,2812,1,2808,14,844
09:00:54.500,2798,2,2812,1,2808,14,844
09:01:05.0,2800,1,2812,1,2808,14,844
09:01:05.500,2800,1,2812,1,2808,14,844
09:01:08.500,2798,1,2812,1,2808,14,844
09:01:09.0,2798,2,2812,1,2808,14,844
09:01:10.500,2798,2,2820,1,2808,14,844
09:01:11.0,2798,2,2818,1,2808,14,844
09:01:13.0,2798,2,2818,1,2808,14,844
09:01:17.500,2800,1,2818,1,2808,14,844
09:01:18.0,2800,2,2818,1,2808,14,844
09:01:26.500,2800,2,2816,1,2808,14,844
09:01:27.0,2800,2,2816,1,2808,14,844
09:01:27.500,2800,2,2814,1,2808,14,844
09:01:40.0,2800,2,2814,1,2808,14,844
09:02:42.500,2800,2,2814,1,2808,14,844
09:02:50.500,2800,1,2814,1,2808,14,844
09:03:01.0,2802,2,2814,1,2808,14,844
09:05:00.500,2802,2,2814,1,2808,14,844
09:05:02.0,2802,2,2814,1,2808,14,844
09:05:40.500,2802,2,2814,1,2808,14,844
09:05:58.0,2802,3,2814,1,2808,14,844
09:06:01.500,2802,3,2814,1,2808,14,844
09:07:41.0,2802,3,2814,1,2808,14,844
09:09:11.0,2802,3,2814,3,2808,14,844
09:09:22.500,2802,1,2814,3,2808,14,844
09:09:37.0,2796,1,2814,3,2808,14,844
09:09:50.500,2796,1,2812,1,2808,14,844
09:09:51.0,2796,1,2812,1,2808,14,844
09:09:51.500,2796,1,2810,1,2808,14,844
09:09:52.0,2796,1,2810,1,2808,14,844
09:09:52.500,2796,1,2810,3,2808,14,844
09:09:53.0,2796,1,2810,2,2808,14,844
09:09:53.500,2796,1,2810,1,2808,14,844
09:09:54.0,2796,1,2810,2,2808,14,844
09:09:54.500,2796,1,2810,1,2808,14,844
09:09:55.500,2796,1,2810,3,2808,14,844
09:09:56.0,2796,1,2810,1,2808,14,844
09:09:57.0,2796,1,2810,2,2808,14,844
09:09:58.0,2796,1,2810,1,2808,14,844
09:10:19.0,2796,1,2810,2,2808,14,844
09:10:19.500,2796,1,2810,3,2808,14,844
09:10:21.0,2796,1,2810,2,2808,14,844
09:10:22.0,2796,1,2810,1,2808,14,844
09:10:32.0,2796,1,2808,1,2808,14,844
09:10:32.500,2796,1,2808,1,2808,14,844
09:10:33.0,2796,1,2806,1,2808,14,844
09:10:36.0,2796,1,2806,1,2808,14,844
09:11:11.500,2796,2,2806,1,2808,14,844
09:12:08.500,2798,1,2806,1,2808,14,844
09:12:09.500,2798,1,2806,1,2808,14,844
09:13:21.500,2798,2,2806,1,2808,14,844
09:13:31.500,2798,1,2806,1,2808,14,844
09:16:09.500,2796,1,2806,1,2798,16,844
09:16:27.500,2798,2,2806,1,2798,16,844
09:17:06.500,2798,3,2806,1,2798,16,844
09:17:46.0,2798,2,2806,1,2798,16,844
09:26:46.0,2798,2,2806,1,2806,18,844
09:26:47.0,2798,3,2806,1,2806,18,844
09:27:06.500,2798,4,2806,1,2806,18,844
09:29:39.500,2798,2,2806,1,2806,18,844
09:29:42.0,2798,2,2824,3,2806,18,844
09:29:42.500,2798,2,2820,3,2806,18,844
09:29:43.0,2798,2,2820,3,2806,18,844
09:29:43.500,2798,2,2818,2,2806,18,844
09:29:44.0,2798,2,2818,3,2806,18,844
09:29:45.0,2798,2,2818,4,2806,18,844
09:30:49.0,2798,2,2816,1,2806,18,844
09:30:49.500,2798,2,2816,1,2806,18,844
09:30:50.0,2798,2,2814,1,2806,18,844
09:30:50.500,2798,2,2814,1,2806,18,844
09:30:52.500,2798,2,2814,3,2806,18,844
09:30:53.0,2798,2,2812,1,2806,18,844
09:30:53.500,2798,2,2812,1,2806,18,844
09:30:54.0,2798,2,2810,1,2806,18,844
09:30:54.500,2798,2,2810,1,2806,18,844
09:30:56.0,2798,2,2810,1,2806,18,844
09:30:56.500,2798,2,2808,1,2806,18,844
09:30:57.0,2798,2,2808,1,2806,18,844
09:30:57.500,2798,2,2806,1,2806,18,844
09:31:08.0,2798,2,2804,1,2806,18,844
09:31:08.500,2798,2,2804,1,2806,18,844
09:31:09.0,2798,2,2804,2,2806,18,844
09:31:09.500,2798,2,2804,2,2806,18,844
09:31:14.500,2798,2,2804,4,2806,18,844
09:31:54.500,2798,3,2804,4,2806,18,844
09:33:28.500,2798,3,2804,3,2806,18,844
09:33:38.0,2798,2,2804,3,2806,18,844
09:34:36.0,2798,3,2804,2,2806,18,844
09:34:37.500,2798,2,2804,2,2806,18,844
09:34:43.500,2798,3,2804,2,2806,18,844
09:34:44.0,2798,2,2804,2,2806,18,844
09:34:45.0,2798,3,2804,2,2806,18,844
09:34:52.0,2798,3,2806,2,2806,18,844
09:34:52.500,2798,3,2806,3,2806,18,844
09:35:20.0,2798,4,2806,3,2806,18,844
09:35:51.500,2798,3,2806,2,2806,18,844
09:35:52.0,2800,1,2806,2,2806,18,844
09:35:53.0,2800,1,2806,2,2806,18,844
09:35:59.0,2800,1,2824,3,2806,18,844
09:35:59.500,2800,1,2822,2,2806,18,844
09:36:00.0,2798,2,2822,4,2806,18,844
09:36:00.500,2800,1,2822,4,2806,18,844
09:36:01.500,2800,1,2822,5,2806,18,844
09:36:40.0,2800,1,2820,1,2806,18,844
09:36:40.500,2800,1,2820,1,2806,18,844
09:36:41.0,2800,1,2818,1,2806,18,844
09:36:41.500,2800,1,2818,1,2806,18,844
09:36:42.500,2800,1,2818,3,2806,18,844
09:36:51.0,2800,1,2818,3,2806,18,844
09:36:54.500,2800,1,2816,1,2806,18,844
09:36:55.0,2800,1,2816,1,2806,18,844
09:36:55.500,2800,1,2814,1,2806,18,844
09:36:56.0,2800,1,2814,1,2806,18,844
09:37:38.0,2800,2,2814,1,2806,18,844
09:38:26.0,2800,5,2814,1,2806,18,844
09:39:07.500,2800,5,2810,3,2806,18,844
09:39:08.0,2800,5,2810,3,2806,18,844
09:39:08.500,2800,5,2808,1,2806,18,844
09:41:45.500,2800,4,2808,1,2806,18,844
09:41:46.0,2800,3,2808,1,2806,18,844
09:41:49.500,2800,4,2808,1,2806,18,844
09:41:50.0,2800,3,2808,1,2806,18,844
09:41:55.0,2800,4,2808,1,2806,18,844
09:41:59.500,2800,3,2808,1,2806,18,844
09:42:04.0,2800,4,2808,1,2806,18,844
09:42:26.500,2800,3,2808,1,2806,18,844
09:42:34.0,2800,4,2808,1,2806,18,844
09:42:36.0,2800,3,2808,1,2806,18,844
09:42:48.500,2800,4,2808,1,2806,18,844
09:42:49.500,2800,3,2808,1,2806,18,844
09:43:03.500,2800,4,2808,1,2806,18,844
09:43:05.0,2800,3,2808,1,2806,18,844
09:47:13.0,2798,2,2808,1,2806,18,844
09:47:13.500,2798,3,2808,1,2806,18,844
09:47:54.0,2798,2,2808,1,2806,18,844
09:47:54.500,2798,3,2808,1,2806,18,844
09:49:05.0,2798,4,2808,1,2806,18,844
09:49:07.500,2798,3,2808,1,2806,18,844
09:49:08.0,2800,1,2808,1,2806,18,844
09:49:10.0,2800,1,2808,1,2806,18,844
09:49:23.0,2798,2,2808,1,2806,18,844
09:49:23.500,2798,3,2808,1,2806,18,844
09:49:52.0,2798,2,2808,1,2806,18,844
09:49:52.500,2798,3,2808,1,2806,18,844
09:49:58.0,2798,2,2808,1,2806,18,844
09:49:58.500,2800,1,2808,1,2806,18,844
09:50:54.500,2798,2,2808,1,2806,18,844
09:50:55.0,2798,3,2808,1,2806,18,844
09:51:33.500,2798,2,2808,1,2806,18,844
09:51:34.0,2798,3,2808,1,2806,18,844
09:51:34.500,2798,2,2808,1,2806,18,844
09:51:35.0,2798,3,2808,1,2806,18,844
09:51:40.0,2798,4,2808,1,2806,18,844
09:51:42.500,2798,3,2808,1,2806,18,844
09:51:43.0,2798,4,2808,1,2806,18,844
09:51:50.0,2798,3,2808,1,2806,18,844
09:51:50.500,2798,3,2808,1,2806,18,844
09:51:51.0,2798,4,2808,1,2806,18,844
09:51:52.0,2798,3,2808,1,2806,18,844
09:51:52.500,2800,1,2808,1,2806,18,844
09:51:53.0,2800,1,2808,1,2806,18,844
09:52:16.0,2800,3,2808,1,2806,18,844
09:53:44.500,2800,4,2808,1,2806,18,844
09:55:00.0,2800,3,2808,1,2806,18,844
09:55:38.500,2800,3,2808,1,2806,18,844
09:55:43.0,2800,3,2808,1,2806,18,844
09:55:49.0,2800,2,2808,1,2806,18,844
09:56:17.500,2798,2,2808,1,2806,18,844
09:56:18.0,2798,3,2808,1,2806,18,844
09:56:30.500,2798,2,2808,1,2806,18,844
09:56:36.0,2798,1,2808,1,2798,22,840
09:56:41.500,2798,2,2808,1,2798,22,840
09:56:49.0,2796,1,2808,1,2798,22,840
09:56:49.500,2798,1,2808,1,2798,22,840
09:56:50.0,2796,1,2808,1,2798,22,840
09:56:50.500,2798,1,2808,1,2798,22,840
09:56:51.0,2796,1,2808,1,2798,22,840
09:56:51.500,2796,2,2808,1,2798,22,840
09:57:18.0,2796,5,2808,1,2798,22,840
09:58:04.500,2796,6,2808,1,2798,22,840
09:58:17.500,2796,5,2808,1,2798,22,840
09:58:18.0,2798,1,2808,1,2798,22,840
09:58:18.500,2798,1,2808,1,2798,22,840
09:58:48.0,2798,4,2808,1,2798,22,840
09:59:19.500,2798,5,2808,1,2798,22,840
10:02:17.0,2798,4,2808,1,2798,22,840
10:02:17.500,2798,3,2808,1,2798,22,840
10:02:21.0,2798,4,2808,1,2798,22,840
10:02:21.500,2798,3,2808,1,2798,22,840
10:02:36.500,2798,4,2808,1,2798,22,840
10:02:37.0,2798,3,2808,1,2798,22,840
10:02:41.500,2798,4,2808,1,2798,22,840
10:03:19.500,2798,5,2808,1,2798,22,840
10:08:40.500,2798,3,2808,1,2798,22,840
10:08:41.0,2798,4,2808,1,2798,22,840
10:09:30.500,2798,3,2808,1,2798,22,840
10:09:31.0,2800,1,2808,1,2798,22,840
10:09:53.0,2798,3,2808,1,2798,22,840
10:09:53.500,2798,4,2808,1,2798,22,840
10:10:43.500,2798,5,2808,1,2798,22,840
10:14:01.0,2798,5,2808,1,2798,22,840
10:14:07.500,2798,4,2808,1,2798,22,840
10:14:30.500,2798,3,2810,3,2798,22,840
10:14:51.0,2798,3,2810,3,2798,22,840
10:14:51.500,2798,3,2810,3,2798,22,840
10:15:00.500,2798,3,2810,3,2798,22,840
10:30:00.500,2798,3,2810,3,2798,22,840
10:30:01.0,2798,4,2808,1,2798,22,840
10:30:06.0,2798,4,2808,1,2798,22,840
10:30:09.0,2798,4,2808,1,2798,22,840
10:30:11.0,2798,4,2808,2,2798,22,840
10:30:24.0,2798,4,2808,1,2798,22,840
10:30:29.0,2798,4,2806,1,2798,22,840
10:30:29.500,2798,4,2806,1,2798,22,840
10:30:30.0,2798,4,2806,2,2798,22,840
10:30:32.0,2798,3,2806,1,2798,22,840
10:30:32.500,2800,1,2806,1,2798,22,840
10:30:39.500,2800,1,2806,1,2798,22,840
10:30:40.0,2800,1,2810,3,2798,22,840
10:30:40.500,2800,1,2808,1,2798,22,840
10:31:27.500,2800,4,2808,1,2798,22,840
10:33:09.0,2800,3,2808,1,2798,22,840
10:33:09.500,2800,4,2808,1,2798,22,840
10:33:10.0,2800,3,2808,1,2798,22,840
10:33:13.500,2800,4,2808,1,2798,22,840
10:33:14.0,2800,3,2808,1,2798,22,840
10:33:19.0,2800,4,2808,1,2798,22,840
10:33:19.500,2800,3,2808,1,2798,22,840
10:33:22.500,2800,4,2808,1,2798,22,840
10:33:23.0,2800,3,2808,1,2798,22,840
10:33:29.500,2800,4,2808,1,2798,22,840
10:33:30.0,2800,3,2808,1,2798,22,840
10:33:36.500,2800,4,2808,1,2798,22,840
10:33:37.0,2800,3,2808,1,2798,22,840
10:33:49.0,2800,4,2808,1,2798,22,840
10:33:49.500,2800,3,2808,1,2798,22,840
10:33:51.0,2800,4,2808,1,2798,22,840
10:35:00.0,2800,5,2808,1,2798,22,840
10:39:15.500,2800,4,2810,3,2798,22,840
10:39:16.0,2800,4,2810,4,2798,22,840
10:39:16.500,2800,5,2810,4,2798,22,840
10:39:30.500,2800,5,2810,3,2798,22,840
10:39:31.0,2800,5,2808,1,2798,22,840
10:39:31.500,2800,4,2810,3,2798,22,840
10:39:32.0,2800,3,2810,4,2798,22,840
10:39:32.500,2800,4,2810,4,2798,22,840
10:39:43.0,2800,3,2810,4,2798,22,840
10:39:43.500,2800,4,2810,4,2798,22,840
10:39:45.0,2800,3,2810,4,2798,22,840
10:39:45.500,2800,4,2810,3,2798,22,840
10:39:46.0,2800,4,2810,4,2798,22,840
10:39:47.500,2800,3,2810,4,2798,22,840
10:39:48.0,2802,1,2810,4,2798,22,840
10:40:59.500,2800,3,2810,4,2798,22,840
10:41:00.0,2800,4,2810,3,2798,22,840
10:41:00.500,2800,4,2808,1,2798,22,840
10:41:05.500,2800,3,2810,3,2798,22,840
10:41:06.0,2802,1,2810,4,2798,22,840
10:41:11.0,2802,4,2810,4,2798,22,840
10:41:31.500,2802,3,2810,4,2798,22,840
10:41:32.0,2802,3,2810,3,2798,22,840
10:41:32.500,2802,3,2808,1,2798,22,840
10:41:34.0,2802,3,2810,3,2798,22,840
10:41:34.500,2802,3,2810,4,2798,22,840
10:41:35.0,2802,4,2810,4,2798,22,840
10:41:35.500,2802,3,2810,4,2798,22,840
10:41:50.500,2802,3,2810,3,2798,22,840
10:41:51.0,2802,4,2810,4,2798,22,840
10:41:54.500,2802,5,2810,4,2798,22,840
10:42:42.500,2802,5,2810,4,2798,22,840
10:42:46.0,2802,5,2810,4,2798,22,840
10:53:30.500,2802,4,2810,3,2798,22,840
10:53:31.0,2802,3,2808,1,2798,22,840
10:53:31.500,2802,3,2810,3,2798,22,840
10:53:32.0,2802,3,2810,3,2798,22,840
10:53:32.500,2802,3,2808,1,2798,22,840
10:53:33.0,2802,3,2810,3,2798,22,840
10:53:33.500,2802,3,2808,1,2798,22,840
10:53:34.0,2802,3,2810,3,2798,22,840
10:53:34.500,2802,3,2808,1,2798,22,840
10:53:54.500,2796,1,2808,1,2798,22,840
10:53:55.0,2798,1,2808,1,2798,22,840
10:54:07.0,2798,1,2810,3,2808,24,838
10:54:27.500,2800,1,2810,3,2808,24,838
10:54:28.0,2800,1,2810,3,2808,24,838
10:54:28.500,2800,2,2810,3,2808,24,838
10:54:57.500,2800,2,2808,1,2808,24,838
10:55:13.500,2800,2,2808,2,2808,24,838
10:55:16.500,2800,2,2808,3,2808,24,838
10:55:20.500,2800,3,2808,3,2808,24,838
10:59:34.0,2800,3,2808,3,2808,24,838
10:59:41.0,2800,4,2808,3,2808,24,838
11:01:43.500,2800,3,2808,3,2808,24,838
11:01:44.0,2802,1,2808,3,2808,24,838
11:01:46.0,2800,3,2808,3,2808,24,838
11:01:46.500,2800,4,2808,3,2808,24,838
11:01:47.0,2800,3,2808,3,2808,24,838
11:01:59.500,2800,2,2808,3,2808,24,838
11:02:00.0,2800,2,2808,3,2808,24,838
11:02:00.500,2800,3,2808,3,2808,24,838
11:02:01.0,2800,2,2808,3,2808,24,838
11:02:01.500,2802,1,2808,3,2808,24,838
11:02:03.0,2800,2,2808,3,2808,24,838
11:02:03.500,2800,3,2808,3,2808,24,838
11:02:09.500,2800,2,2808,3,2808,24,838
11:02:10.0,2802,1,2808,3,2808,24,838
11:02:11.0,2800,2,2808,3,2808,24,838
11:02:11.500,2802,1,2808,3,2808,24,838
11:02:13.500,2800,2,2808,3,2808,24,838
11:02:14.0,2800,3,2808,3,2808,24,838
11:02:14.500,2800,2,2808,3,2808,24,838
11:02:15.0,2802,1,2808,3,2808,24,838
11:02:16.0,2800,2,2808,3,2808,24,838
11:02:16.500,2802,1,2808,3,2808,24,838
11:02:17.500,2800,2,2808,3,2808,24,838
11:02:18.0,2800,3,2808,3,2808,24,838
11:02:18.500,2800,2,2808,3,2808,24,838
11:02:19.0,2802,1,2808,3,2808,24,838
11:02:20.0,2800,2,2808,3,2808,24,838
11:02:20.500,2800,3,2808,3,2808,24,838
11:02:22.500,2800,2,2808,3,2808,24,838
11:02:23.0,2802,1,2808,3,2808,24,838
11:02:23.500,2800,2,2808,3,2808,24,838
11:02:24.0,2800,3,2808,3,2808,24,838
11:02:24.500,2800,2,2808,3,2808,24,838
11:02:25.0,2802,1,2808,3,2808,24,838
11:02:26.0,2800,2,2808,3,2808,24,838
11:02:26.500,2800,3,2808,3,2808,24,838
11:02:27.500,2800,2,2808,3,2808,24,838
11:02:28.0,2802,1,2808,3,2808,24,838
11:02:28.500,2800,2,2808,3,2808,24,838
11:02:29.0,2800,3,2808,3,2808,24,838
11:02:31.500,2800,2,2808,3,2808,24,838
11:02:32.0,2802,1,2808,3,2808,24,838
11:02:33.500,2800,2,2808,3,2808,24,838
11:02:34.0,2800,3,2808,3,2808,24,838
11:02:35.500,2800,2,2808,3,2808,24,838
11:02:36.0,2802,1,2808,3,2808,24,838
11:02:36.500,2800,2,2808,3,2808,24,838
11:02:37.0,2802,1,2808,3,2808,24,838
11:02:38.0,2800,2,2808,3,2808,24,838
11:02:38.500,2800,3,2808,3,2808,24,838
11:02:49.0,2800,2,2808,3,2808,24,838
11:02:49.500,2802,1,2808,3,2808,24,838
11:02:51.500,2800,2,2808,3,2808,24,838
11:02:52.0,2800,3,2808,3,2808,24,838
11:02:59.0,2800,2,2808,3,2808,24,838
11:02:59.500,2802,1,2808,3,2808,24,838
11:03:00.0,2800,2,2808,3,2808,24,838
11:03:00.500,2800,3,2808,3,2808,24,838
11:03:03.500,2800,2,2808,3,2808,24,838
11:03:04.0,2802,1,2808,3,2808,24,838
11:03:04.500,2800,2,2808,3,2808,24,838
11:03:05.0,2800,3,2808,3,2808,24,838
11:03:07.0,2800,2,2808,3,2808,24,838
11:03:07.500,2802,1,2808,3,2808,24,838
11:03:08.0,2800,2,2808,3,2808,24,838
11:03:08.500,2800,3,2808,3,2808,24,838
11:03:12.500,2800,2,2808,3,2808,24,838
11:03:13.0,2802,1,2808,3,2808,24,838
11:03:13.500,2800,2,2808,3,2808,24,838
11:03:14.0,2800,3,2808,3,2808,24,838
11:03:25.0,2800,2,2808,3,2808,24,838
11:03:25.500,2802,1,2808,3,2808,24,838
11:03:26.0,2800,2,2808,3,2808,24,838
11:03:26.500,2800,3,2808,3,2808,24,838
11:03:34.0,2800,2,2808,3,2808,24,838
11:03:34.500,2802,1,2808,3,2808,24,838
11:03:35.0,2800,2,2808,3,2808,24,838
11:03:35.500,2800,3,2808,3,2808,24,838
11:03:36.500,2800,2,2808,3,2808,24,838
11:03:37.0,2802,1,2808,3,2808,24,838
11:03:38.500,2800,2,2808,3,2808,24,838
11:03:39.0,2800,3,2808,3,2808,24,838
11:03:47.0,2800,2,2808,3,2808,24,838
11:03:47.500,2802,1,2808,3,2808,24,838
11:03:52.0,2800,2,2808,3,2808,24,838
11:03:52.500,2802,1,2808,3,2808,24,838
11:03:53.0,2800,2,2808,3,2808,24,838
11:03:53.500,2800,3,2808,3,2808,24,838
11:03:57.500,2800,2,2808,3,2808,24,838
11:03:58.0,2802,1,2808,3,2808,24,838
11:04:04.500,2802,1,2808,3,2808,24,838
11:04:23.500,2802,1,2808,2,2808,24,838
11:04:56.0,2802,1,2808,1,2808,24,838
11:04:56.500,2802,1,2810,3,2808,24,838
11:05:39.0,2802,2,2810,3,2808,24,838
11:05:41.0,2802,2,2808,1,2808,24,838
11:05:45.500,2802,1,2808,1,2808,24,838
11:07:14.0,2802,1,2808,1,2808,24,838
11:07:21.500,2802,1,2816,1,2808,26,838
11:07:36.500,2802,1,2824,3,2808,26,838
11:07:37.0,2802,1,2824,4,2808,26,838
11:07:37.500,2802,1,2824,4,2808,26,838
11:07:39.500,2802,1,2824,5,2808,26,838
11:07:42.500,2802,1,2822,1,2808,26,838
11:07:43.0,2802,1,2822,1,2808,26,838
11:07:44.0,2802,1,2822,1,2808,26,838
11:07:44.500,2802,1,2822,2,2808,26,838
11:07:47.500,2802,1,2822,3,2808,26,838
11:07:51.0,2804,1,2822,3,2808,26,838
11:07:51.500,2804,1,2822,3,2808,26,838
11:07:52.0,2806,1,2822,3,2808,26,838
11:08:01.500,2804,1,2822,3,2808,26,838
11:08:02.0,2804,2,2822,3,2808,26,838
11:09:20.0,2804,2,2816,3,2808,26,838
11:09:20.500,2804,2,2816,3,2808,26,838
11:09:21.0,2804,2,2816,3,2808,26,838
11:09:58.0,2804,1,2816,3,2808,26,838
11:09:58.500,2806,1,2816,3,2808,26,838
11:10:00.500,2804,1,2816,3,2808,26,838
11:10:01.0,2804,2,2816,3,2808,26,838
11:10:03.0,2804,1,2816,3,2808,26,838
11:10:03.500,2806,1,2816,3,2808,26,838
11:10:07.0,2804,1,2816,3,2808,26,838
11:10:07.500,2804,2,2816,3,2808,26,838
11:10:12.0,2804,1,2816,3,2808,26,838
11:10:12.500,2804,1,2816,3,2808,26,838
11:10:13.0,2804,2,2816,3,2808,26,838
11:10:15.0,2804,1,2816,3,2808,26,838
11:10:15.500,2806,1,2816,3,2808,26,838
11:10:16.0,2804,1,2816,3,2808,26,838
11:10:16.500,2804,2,2816,3,2808,26,838
11:10:29.0,2804,1,2816,3,2808,26,838
11:10:29.500,2806,1,2816,3,2808,26,838
11:10:43.500,2804,1,2816,3,2808,26,838
11:10:44.0,2804,2,2816,3,2808,26,838
11:11:00.0,2804,1,2816,3,2808,26,838
11:11:00.500,2806,1,2816,3,2808,26,838
11:11:16.0,2804,1,2816,3,2808,26,838
11:11:16.500,2804,2,2816,3,2808,26,838
11:11:39.500,2804,3,2816,3,2808,26,838
11:12:12.0,2804,2,2816,3,2808,26,838
11:12:12.500,2804,3,2816,3,2808,26,838
11:12:23.500,2804,4,2816,3,2808,26,838
11:12:27.500,2804,3,2816,3,2808,26,838
11:12:28.0,2804,4,2816,3,2808,26,838
11:12:46.500,2804,3,2816,3,2808,26,838
11:12:47.0,2806,1,2816,3,2808,26,838
11:12:47.500,2806,1,2816,3,2808,26,838
11:13:52.0,2806,2,2816,3,2808,26,838
11:14:08.500,2806,2,2814,1,2808,26,838
11:15:11.500,2806,2,2814,1,2808,26,838
11:15:20.0,2806,2,2814,1,2808,26,838
11:15:59.500,2806,2,2810,1,2808,26,838
11:16:28.500,2806,1,2810,1,2808,26,838
11:16:41.0,2806,1,2810,1,2808,26,838
11:16:43.0,2806,2,2810,1,2808,26,838
11:17:17.500,2806,2,2814,1,2808,26,838
11:18:35.500,2806,1,2814,1,2808,26,838
11:18:37.0,2806,2,2814,1,2808,26,838
11:19:10.500,2806,2,2814,1,2808,26,838
11:20:04.500,2806,2,2814,1,2808,26,838
11:21:03.500,2806,3,2814,1,2808,26,838
11:21:46.500,2806,3,2814,2,2808,26,838
11:25:02.500,2806,2,2814,2,2808,26,838
11:25:03.0,2808,1,2814,2,2808,26,838
11:25:12.0,2808,1,2814,1,2808,26,838
11:25:16.0,2806,1,2814,1,2808,26,838
11:25:16.500,2806,2,2814,1,2808,26,838
11:28:15.0,2806,3,2814,1,2808,26,838
11:28:29.0,2806,2,2814,1,2808,26,838
11:28:30.0,2806,1,2814,1,2808,26,838
11:28:30.500,2800,1,2814,1,2808,26,838
11:28:31.0,2804,1,2814,1,2808,26,838
11:29:32.500,2800,1,2814,1,2808,26,838
11:29:39.500,2800,1,2814,1,2808,26,838
11:29:43.0,2802,1,2814,1,2808,26,838
11:29:46.500,2802,1,2814,1,2808,26,838
11:29:50.500,2802,1,2814,1,2808,26,838
11:29:51.500,2802,1,2814,1,2808,26,838
11:29:58.500,2802,1,2814,1,2808,26,838
11:30:00.500,2802,1,2814,1,2808,26,838
13:30:00.500,2802,1,2814,1,2808,26,838
13:30:01.0,2804,1,2814,1,2808,26,838
13:30:01.500,2802,1,2814,1,2808,26,838
13:30:02.0,2802,2,2814,1,2808,26,838
13:30:02.500,2802,1,2814,1,2808,26,838
13:30:03.0,2804,1,2814,1,2808,26,838
13:30:08.500,2804,1,2814,1,2808,26,838
13:30:36.0,2804,1,2824,3,2808,26,838
13:30:37.0,2804,1,2824,5,2808,26,838
13:30:37.500,2804,1,2824,4,2808,26,838
13:30:39.500,2804,1,2824,5,2808,26,838
13:30:59.0,2804,1,2816,1,2808,26,838
13:30:59.500,2804,1,2816,1,2808,26,838
13:31:00.0,2804,1,2816,1,2808,26,838
13:31:14.0,2804,1,2816,1,2808,26,838
13:32:13.500,2804,1,2812,1,2808,26,838
13:32:20.0,2804,1,2812,1,2808,26,838
13:33:12.500,2804,2,2812,1,2808,26,838
13:33:31.0,2804,2,2812,1,2808,26,838
13:37:29.0,2804,2,2810,1,2808,26,838
13:37:32.0,2804,1,2810,1,2808,26,838
13:38:09.0,2804,2,2810,1,2808,26,838
13:41:03.0,2804,3,2810,1,2808,26,838
13:43:01.0,2804,4,2810,1,2808,26,838
13:43:02.0,2804,4,2812,1,2808,26,838
13:43:14.0,2804,4,2812,1,2808,26,838
13:43:18.500,2804,4,2824,3,2808,26,838
13:43:19.0,2804,4,2824,4,2808,26,838
13:43:19.500,2804,4,2824,4,2808,26,838
13:43:21.500,2804,4,2824,5,2808,26,838
13:43:36.500,2804,4,2824,4,2808,26,838
13:43:37.0,2804,4,2824,3,2808,26,838
13:43:46.0,2804,4,2824,4,2808,26,838
13:43:46.500,2804,4,2824,4,2808,26,838
13:43:48.0,2804,4,2824,5,2808,26,838
13:44:35.0,2804,4,2822,1,2808,26,838
13:44:36.0,2804,4,2822,1,2808,26,838
13:44:36.500,2804,4,2822,1,2808,26,838
13:44:37.0,2804,4,2822,2,2808,26,838
13:44:41.0,2804,4,2822,1,2808,26,838
13:46:06.500,2804,4,2824,3,2808,26,838
13:46:07.500,2804,4,2824,4,2808,26,838
13:46:11.500,2804,4,2822,1,2808,26,838
13:46:12.500,2804,4,2822,1,2808,26,838
13:46:50.500,2804,4,2822,2,2808,26,838
13:46:51.0,2804,4,2822,3,2808,26,838
13:46:51.500,2804,4,2822,2,2808,26,838
13:46:53.0,2804,4,2822,3,2808,26,838
13:47:02.0,2804,4,2822,2,2808,26,838
13:47:02.500,2804,4,2822,1,2808,26,838
13:47:03.500,2804,4,2822,2,2808,26,838
13:47:04.0,2804,4,2822,2,2808,26,838
13:47:04.500,2804,4,2822,3,2808,26,838
13:47:05.0,2804,4,2822,2,2808,26,838
13:47:05.500,2804,4,2822,1,2808,26,838
13:47:07.0,2804,4,2822,3,2808,26,838
13:47:07.500,2804,4,2822,1,2808,26,838
13:47:08.0,2804,4,2822,2,2808,26,838
13:47:08.500,2804,4,2822,1,2808,26,838
13:47:09.0,2804,4,2822,3,2808,26,838
13:47:09.500,2804,4,2822,2,2808,26,838
13:47:10.0,2804,4,2822,3,2808,26,838
13:48:29.500,2804,4,2820,1,2808,26,838
13:48:30.500,2804,4,2820,1,2808,26,838
13:49:59.500,2804,4,2820,2,2808,26,838
13:50:00.0,2804,4,2820,2,2808,26,838
13:50:02.0,2804,4,2820,3,2808,26,838
13:50:03.500,2804,3,2820,3,2808,26,838
13:50:04.0,2804,4,2820,3,2808,26,838
13:50:04.500,2804,3,2820,3,2808,26,838
13:50:05.0,2804,3,2820,4,2808,26,838
13:50:05.500,2804,4,2820,4,2808,26,838
13:50:06.500,2804,3,2820,4,2808,26,838
13:50:09.500,2804,3,2820,3,2808,26,838
13:50:10.500,2804,4,2820,3,2808,26,838
13:50:12.500,2804,3,2820,3,2808,26,838
13:50:15.500,2804,4,2818,1,2808,26,838
13:50:16.500,2804,4,2818,1,2808,26,838
13:50:19.0,2804,3,2818,1,2808,26,838
13:50:22.0,2804,3,2818,2,2808,26,838
13:50:39.0,2804,3,2816,1,2808,26,838
13:51:23.0,2804,2,2816,1,2808,26,838
13:51:23.500,2806,1,2816,1,2808,26,838
13:51:25.0,2806,1,2816,1,2808,26,838
13:51:35.500,2804,1,2816,1,2808,26,838
13:51:36.0,2804,2,2816,1,2808,26,838
13:51:38.0,2804,1,2816,1,2808,26,838
13:51:38.500,2806,1,2816,1,2808,26,838
13:52:13.500,2806,1,2816,1,2808,26,838
13:52:15.0,2804,1,2816,1,2808,26,838
13:52:15.500,2804,2,2816,1,2808,26,838
13:53:03.500,2804,3,2816,1,2808,26,838
13:59:33.500,2804,2,2816,1,2808,26,838
13:59:34.0,2806,1,2816,1,2808,26,838
13:59:36.0,2806,1,2816,1,2808,26,838
14:00:52.0,2806,2,2816,1,2808,26,838
14:00:53.0,2806,1,2816,1,2808,26,838
14:01:15.0,2806,2,2816,1,2808,26,838
14:01:16.0,2806,1,2816,1,2808,26,838
14:02:03.500,2804,1,2816,1,2808,26,838
14:02:04.0,2808,1,2816,1,2808,26,838
14:02:46.0,2808,2,2816,1,2808,26,838
14:03:39.500,2808,1,2816,1,2808,26,838
14:03:40.0,2804,1,2816,1,2808,26,838
14:03:40.500,2806,1,2816,1,2808,26,838
14:05:10.500,2806,2,2816,1,2808,26,838
14:11:37.0,2804,1,2816,1,2808,26,838
14:11:37.500,2804,2,2816,1,2808,26,838
14:11:38.500,2804,1,2816,1,2808,26,838
14:11:39.0,2804,1,2816,1,2808,26,838
14:11:39.500,2804,2,2816,1,2808,26,838
14:12:50.0,2804,3,2816,1,2808,26,838
14:16:16.0,2804,2,2816,1,2808,26,838
14:16:16.500,2806,1,2816,1,2808,26,838
14:16:18.0,2806,1,2816,1,2808,26,838
14:17:29.0,2806,2,2816,1,2808,26,838
14:20:31.0,2806,1,2816,1,2808,26,838
14:20:31.500,2804,1,2816,1,2808,26,838
14:20:32.0,2804,2,2816,1,2808,26,838
14:20:32.500,2804,1,2816,1,2808,26,838
14:20:33.0,2806,1,2816,1,2808,26,838
14:21:05.0,2804,1,2816,1,2808,26,838
14:21:05.500,2806,1,2816,1,2808,26,838
14:21:58.500,2806,2,2816,1,2808,26,838
14:22:05.500,2806,1,2816,1,2808,26,838
14:22:06.0,2808,1,2816,1,2808,26,838
14:22:06.500,2806,1,2816,1,2808,26,838
14:22:07.0,2808,1,2816,1,2808,26,838
14:22:07.500,2806,1,2816,1,2808,26,838
14:22:08.0,2808,1,2816,1,2808,26,838
14:22:08.500,2808,1,2816,1,2808,26,838
14:22:09.0,2804,1,2816,1,2808,26,838
14:22:09.500,2806,1,2816,1,2808,26,838
14:23:09.500,2806,2,2816,1,2808,26,838
14:25:07.500,2808,1,2816,1,2808,26,838
14:25:08.0,2808,1,2816,1,2808,26,838
14:26:37.0,2808,2,2816,1,2808,26,838
14:26:37.500,2808,1,2816,1,2808,26,838
14:26:52.0,2808,2,2816,1,2808,26,838
14:26:52.500,2808,1,2816,1,2808,26,838
14:26:58.500,2808,2,2816,1,2808,26,838
14:26:59.0,2808,1,2816,1,2808,26,838
14:27:03.500,2808,2,2816,1,2808,26,838
14:27:04.0,2808,1,2816,1,2808,26,838
14:27:27.500,2808,2,2816,1,2808,26,838
14:27:31.0,2808,1,2816,1,2808,26,838
14:29:54.0,2808,3,2816,1,2808,26,838
14:30:00.500,2808,1,2816,1,2808,26,838
14:30:01.0,2808,2,2816,1,2808,26,838
14:30:01.500,2808,1,2816,1,2808,26,838
14:30:02.0,2808,2,2816,1,2808,26,838
14:31:20.0,2808,3,2816,1,2808,26,838
14:34:25.0,2808,2,2816,1,2808,26,838
14:34:25.500,2810,1,2816,1,2808,26,838
14:34:57.500,2810,1,2816,1,2808,26,838
14:35:02.500,2810,1,2820,1,2808,26,838
14:35:22.500,2810,1,2820,1,2808,26,838
14:35:47.500,2808,1,2820,1,2810,28,838
14:35:48.500,2808,1,2818,1,2810,28,838
14:35:49.0,2808,1,2818,1,2810,28,838
14:36:18.500,2810,1,2818,1,2810,28,838
14:37:11.500,2810,2,2818,1,2810,28,838
14:38:22.0,2810,2,2818,1,2810,28,838
14:39:01.0,2810,2,2818,1,2810,28,838
14:41:11.500,2810,2,2824,3,2810,28,838
14:41:12.0,2810,2,2822,1,2810,28,838
14:41:19.500,2810,2,2822,1,2810,28,838
14:41:39.0,2810,2,2822,1,2810,28,838
14:42:14.500,2812,1,2822,1,2810,28,838
14:43:19.0,2812,1,2822,1,2810,28,838
14:43:19.500,2812,1,2822,1,2810,28,838
14:43:31.0,2812,1,2822,1,2810,28,838
14:44:31.500,2812,1,2822,2,2810,28,838
14:44:38.0,2812,1,2822,2,2810,28,838
14:45:04.500,2812,1,2822,2,2810,28,838
14:45:05.500,2812,1,2822,1,2810,28,838
14:45:06.0,2812,1,2822,1,2810,28,838
14:45:06.500,2812,1,2822,1,2810,28,838
14:45:07.500,2800,1,2822,1,2810,28,838
14:45:08.0,2802,2,2822,1,2810,28,838
14:45:08.500,2804,1,2822,1,2810,28,838
14:45:09.0,2804,1,2822,1,2810,28,838
14:45:09.500,2806,2,2822,1,2810,28,838
14:45:17.0,2816,1,2822,1,2810,28,838
14:45:17.500,2816,1,2822,1,2810,28,838
14:46:11.0,2816,1,2822,1,2810,28,838
14:46:13.500,2816,1,2822,2,2810,28,838
14:46:17.0,2816,1,2822,2,2810,28,838
14:46:17.500,2816,1,2822,2,2810,28,838
14:46:27.500,2816,1,2822,2,2810,28,838
14:46:28.0,2816,1,2822,2,2810,28,838
14:46:47.500,2816,1,2822,2,2810,28,838
14:46:48.500,2816,1,2822,1,2810,28,838
14:46:49.0,2816,1,2820,1,2810,28,838
14:46:58.0,2816,1,2822,1,2810,28,838
14:46:58.500,2816,1,2822,2,2810,28,838
14:47:00.0,2816,1,2822,1,2810,28,838
14:47:08.0,2816,1,2824,2,2824,32,838
14:47:32.500,2816,2,2844,1,2824,36,838
14:47:33.0,2816,1,2842,4,2824,36,838
14:47:33.500,2816,2,2842,4,2824,36,838
14:47:34.0,2816,1,2842,4,2824,36,838
14:47:34.500,2816,1,2842,5,2824,36,838
14:47:36.0,2816,1,2842,6,2824,36,838
14:47:37.500,2816,2,2842,6,2824,36,838
14:47:38.0,2816,1,2842,6,2824,36,838
14:47:38.500,2816,2,2842,6,2824,36,838
14:47:39.0,2816,1,2842,6,2824,36,838
14:47:41.0,2816,2,2842,6,2824,36,838
14:47:41.500,2816,1,2842,6,2824,36,838
14:47:42.0,2816,2,2842,6,2824,36,838
14:47:49.0,2816,3,2842,6,2824,36,838
14:47:51.0,2816,2,2842,6,2824,36,838
14:47:51.500,2816,2,2842,6,2824,36,838
14:47:55.500,2816,3,2842,3,2824,36,838
14:47:58.0,2816,3,2840,1,2824,36,838
14:47:58.500,2816,3,2840,1,2824,36,838
14:47:59.0,2816,3,2838,1,2824,36,838
14:48:09.500,2816,2,2838,1,2824,36,838
14:48:10.500,2816,2,2838,2,2824,36,838
14:48:11.0,2816,2,2838,2,2824,36,838
14:48:11.500,2816,2,2838,1,2824,36,838
14:48:12.0,2816,2,2838,2,2824,36,838
14:48:12.500,2816,2,2838,2,2824,36,838
14:48:13.0,2816,2,2838,3,2824,36,838
14:48:36.500,2816,2,2838,6,2824,36,838
14:48:37.0,2816,2,2838,3,2824,36,838
14:48:39.0,2816,2,2830,1,2824,36,838
14:48:39.500,2816,2,2830,1,2824,36,838
14:48:40.0,2816,2,2828,1,2824,36,838
14:48:40.500,2816,2,2828,1,2824,36,838
14:48:53.0,2816,2,2828,1,2824,36,838
14:49:07.500,2820,1,2828,1,2824,36,838
14:49:12.0,2820,1,2840,1,2824,36,838
14:49:12.500,2820,1,2838,1,2824,36,838
14:49:13.0,2820,1,2838,1,2824,36,838
14:49:45.0,2820,2,2838,1,2824,36,838
14:50:05.500,2820,2,2838,2,2824,36,838
14:50:09.500,2820,2,2838,2,2824,36,838
14:50:15.500,2820,2,2836,1,2824,36,838
14:50:16.0,2820,2,2836,1,2824,36,838
14:50:16.500,2820,2,2834,1,2824,36,838
14:50:27.0,2820,2,2838,1,2834,38,836
14:50:28.0,2822,1,2838,1,2834,38,836
14:50:38.500,2822,1,2834,1,2834,38,836
14:51:27.500,2822,2,2834,1,2834,38,836
14:52:39.0,2822,3,2834,1,2834,38,836
14:52:40.0,2824,1,2834,1,2834,38,836
14:52:40.500,2824,1,2834,1,2834,38,836
14:52:41.0,2826,1,2834,1,2834,38,836
14:52:46.500,2826,2,2834,1,2834,38,836
14:52:47.500,2826,2,2834,1,2834,38,836
14:52:56.500,2826,1,2834,1,2834,38,836
14:52:59.0,2826,2,2834,1,2834,38,836
14:52:59.500,2826,1,2834,1,2834,38,836
14:53:26.0,2822,1,2834,1,2834,38,836
14:53:26.500,2824,1,2834,1,2834,38,836
14:53:38.0,2824,1,2834,1,2834,38,836
14:53:42.500,2824,1,2834,2,2834,38,836
14:53:50.500,2824,1,2834,3,2834,38,836
14:54:41.500,2824,2,2834,3,2834,38,836
14:55:10.0,2824,1,2834,3,2834,38,836
14:55:11.0,2824,1,2834,3,2834,38,836
14:55:19.0,2824,1,2834,3,2834,38,836
14:55:20.500,2824,1,2834,3,2834,38,836
14:55:31.0,2824,1,2834,3,2834,38,836
14:55:36.500,2824,1,2834,3,2834,38,836
14:55:55.0,2824,1,2834,2,2834,38,836
14:57:20.500,2824,1,2834,3,2834,38,836
14:58:00.0,2824,2,2834,3,2834,38,836
14:58:16.0,2824,1,2834,3,2824,40,838
14:58:17.0,2824,1,2832,1,2824,40,838
14:58:28.500,2826,1,2832,1,2824,40,838
14:58:43.500,2826,1,2832,1,2824,40,838
14:58:49.500,2826,1,2834,3,2824,40,838
14:58:50.0,2826,1,2834,4,2824,40,838
14:58:55.0,2826,1,2834,3,2824,40,838
14:58:59.500,2826,1,2834,3,2824,40,838
14:59:02.500,2826,1,2834,2,2824,40,838
14:59:03.0,2826,1,2832,1,2824,40,838
14:59:06.0,2826,1,2834,2,2824,40,838
14:59:06.500,2826,1,2834,3,2824,40,838
14:59:15.0,2826,1,2834,2,2824,40,838
14:59:15.500,2826,1,2832,1,2824,40,838
14:59:16.0,2826,1,2834,2,2824,40,838
14:59:16.500,2826,1,2832,1,2824,40,838
14:59:17.0,2826,1,2834,2,2824,40,838
14:59:17.500,2826,1,2832,1,2824,40,838
14:59:30.0,2826,1,2834,2,2824,40,838
14:59:41.500,2826,1,2834,2,2824,40,838
14:59:46.500,2824,1,2834,2,2824,40,838
14:59:50.0,2824,1,2834,2,2824,40,838
14:59:56.0,2824,1,2834,2,2824,40,838
14:59:56.500,2824,1,2834,2,2824,40,838
15:00:00.500,2824,1,2834,2,2824,40,838
15:00:00.500,2824,1,2834,2,2824,40,838
15:22:06.500,2824,1,2834,2,2824,40,838
