09:00:03.719,1748,2,1752,101,1750,16,50686
09:00:03.729,1749,5,1752,101,1750,16,50686
09:00:05.220,1750,34,1751,14,1750,16,50686
09:00:06.192,1750,18,1752,101,1751,48,50674
09:00:06.364,1750,18,1752,103,1751,48,50674
09:00:07.156,1751,5,1752,103,1751,58,50674
09:00:07.721,1751,31,1752,97,1752,66,50682
09:00:08.219,1751,32,1752,81,1751,100,50698
09:00:08.722,1751,12,1752,74,1752,114,50712
09:00:09.220,1751,9,1752,79,1752,114,50712
09:00:10.219,1748,2,1752,75,1751,124,50718
09:00:10.719,1749,39,1751,9,1751,126,50718
09:00:11.637,1750,31,1751,9,1751,126,50718
09:00:12.69,1750,34,1751,9,1751,126,50718
09:00:12.719,1750,34,1752,74,1752,146,50702
09:00:13.26,1751,3,1752,74,1752,146,50702
09:00:13.719,1748,2,1752,74,1752,146,50702
09:00:14.132,1749,20,1751,8,1752,148,50704
09:00:14.507,1750,34,1751,8,1750,150,50706
09:00:14.970,1750,34,1752,72,1752,170,50726
09:00:15.719,1751,8,1752,82,1752,170,50726
09:00:15.997,1751,3,1752,82,1752,170,50726
09:00:16.719,1748,2,1752,78,1752,170,50726
09:00:17.218,1749,21,1752,78,1752,170,50726
09:00:17.228,1750,34,1752,78,1752,170,50726
09:00:17.921,1751,14,1752,78,1752,170,50726
09:00:19.219,1751,14,1752,78,1752,172,50728
09:00:19.640,1751,14,1752,76,1752,176,50728
09:00:20.36,1751,14,1752,77,1752,176,50728
09:00:22.469,1751,14,1752,107,1752,176,50728
09:00:24.220,1751,13,1752,107,1751,178,50730
09:00:24.728,1748,2,1752,107,1751,178,50730
09:00:25.471,1749,20,1751,1,1751,178,50730
09:00:25.969,1749,20,1752,105,1751,178,50730
09:00:26.711,1749,20,1751,1,1751,178,50730
09:00:27.216,1749,20,1752,105,1751,178,50730
09:00:27.702,1749,20,1751,1,1751,178,50730
09:00:28.121,1749,20,1752,105,1751,178,50730
09:00:28.719,1749,22,1751,31,1751,178,50730
09:00:29.201,1749,19,1751,33,1751,178,50730
09:00:31.219,1749,17,1751,23,1751,178,50730
09:00:31.719,1749,20,1751,21,1751,178,50730
09:00:31.969,1749,22,1751,48,1751,178,50730
09:00:32.663,1749,21,1751,50,1751,178,50730
09:00:33.75,1749,21,1751,52,1751,178,50730
09:00:33.715,1749,21,1751,54,1751,178,50730
09:00:34.219,1749,19,1751,54,1751,178,50730
09:00:34.452,1749,15,1751,54,1751,178,50730
09:00:35.893,1749,15,1751,55,1751,178,50730
09:00:38.172,1749,15,1751,56,1751,178,50730
09:00:39.894,1749,16,1751,56,1751,178,50730
09:00:41.220,1749,14,1751,26,1751,178,50730
09:00:41.689,1749,14,1750,32,1751,178,50730
09:00:42.116,1749,6,1750,32,1751,178,50730
09:00:43.221,1749,6,1750,33,1751,178,50730
09:00:47.883,1749,2,1750,33,1749,186,50722
09:00:49.970,1749,2,1750,36,1749,186,50722
09:00:51.719,1748,2,1750,6,1749,190,50720
09:00:52.9,1748,2,1749,30,1749,190,50720
09:00:55.412,1747,54,1748,98,1748,194,50718
09:00:55.970,1747,57,1748,98,1748,194,50718
09:00:56.727,1747,61,1748,98,1748,194,50718
09:00:57.957,1747,61,1748,97,1748,196,50716
09:01:00.219,1747,18,1748,125,1747,198,50718
09:01:00.718,1747,11,1748,127,1747,198,50718
09:01:01.220,1747,53,1748,99,1747,198,50718
09:01:01.720,1747,15,1748,125,1747,198,50718
09:01:02.218,1747,11,1748,127,1747,198,50718
09:01:05.36,1746,45,1747,89,1747,220,50718
09:01:05.655,1746,51,1747,89,1747,220,50718
09:01:10.966,1746,51,1747,92,1747,220,50718
09:01:12.917,1746,48,1747,89,1746,232,50716
09:01:13.662,1746,148,1747,89,1746,232,50716
09:01:15.712,1746,149,1747,89,1746,232,50716
09:01:18.719,1746,93,1747,26,1747,358,50676
09:01:19.219,1746,92,1747,25,1747,360,50676
09:01:19.638,1746,88,1747,25,1747,360,50676
09:01:19.937,1746,84,1747,25,1746,364,50672
09:01:20.976,1746,104,1747,25,1746,364,50672
09:01:21.541,1746,108,1747,25,1746,364,50672
09:01:22.172,1746,109,1747,25,1746,364,50672
09:01:22.969,1746,113,1747,25,1746,364,50672
09:01:23.565,1746,105,1747,25,1746,364,50672
09:01:23.974,1746,113,1747,24,1747,366,50672
09:01:28.221,1746,18,1748,97,1747,414,50672
09:01:28.973,1746,18,1748,97,1747,416,50674
09:01:29.904,1747,73,1748,97,1747,416,50674
09:01:30.765,1747,1,1748,58,1748,556,50674
09:01:31.227,1747,1,1748,61,1748,556,50674
09:01:35.710,1747,1,1748,62,1748,556,50674
09:01:39.218,1747,1,1748,64,1748,556,50674
09:01:39.469,1747,1,1748,32,1748,556,50674
09:01:39.969,1747,31,1748,30,1748,556,50674
09:01:40.227,1747,23,1748,30,1748,556,50674
09:01:42.373,1747,24,1748,30,1748,556,50674
09:01:42.891,1747,31,1748,30,1748,556,50674
09:01:43.564,1747,32,1748,30,1748,556,50674
09:01:44.107,1747,52,1748,30,1748,556,50674
09:01:44.227,1747,53,1748,30,1748,556,50674
09:01:45.469,1747,75,1748,30,1748,556,50674
09:01:47.91,1747,76,1748,30,1748,556,50674
09:01:48.307,1747,78,1748,30,1748,556,50674
09:01:57.770,1747,78,1748,29,1748,558,50674
09:01:58.719,1747,6,1748,60,1748,558,50674
09:01:59.218,1747,3,1748,62,1748,558,50674
09:02:00.373,1747,3,1748,72,1748,558,50674
09:02:11.707,1747,53,1748,72,1748,558,50674
09:02:13.973,1747,225,1748,41,1748,558,50674
09:02:14.645,1747,238,1748,39,1748,558,50674
09:02:15.227,1747,246,1748,39,1748,558,50674
09:02:16.787,1747,256,1748,39,1748,558,50674
09:02:20.727,1747,248,1748,39,1748,558,50674
09:02:31.66,1747,256,1748,29,1748,558,50674
09:02:32.958,1747,256,1748,28,1748,560,50674
09:02:38.717,1747,74,1750,40,1748,616,50674
09:02:38.771,1748,181,1749,7,1748,616,50674
09:02:39.605,1748,181,1749,17,1748,616,50674
09:02:49.752,1748,176,1749,17,1748,616,50674
09:02:51.29,1748,175,1749,17,1748,616,50674
09:02:52.219,1748,181,1749,17,1748,616,50674
09:02:52.872,1748,176,1749,17,1748,626,50666
09:03:01.696,1748,180,1749,17,1748,626,50666
09:03:03.727,1748,184,1749,17,1748,626,50666
09:03:12.96,1748,176,1749,17,1748,626,50666
09:03:12.720,1748,22,1749,48,1748,626,50666
09:03:12.770,1748,11,1749,51,1748,626,50666
09:03:14.669,1748,12,1749,51,1748,626,50666
09:03:15.723,1748,11,1749,50,1749,628,50668
09:03:16.652,1748,11,1749,52,1749,628,50668
09:03:20.658,1748,12,1749,42,1749,648,50672
09:03:22.220,1748,166,1749,21,1749,648,50672
09:03:22.718,1748,177,1749,8,1749,648,50672
09:03:22.933,1748,185,1749,9,1749,648,50672
09:03:25.525,1748,177,1749,9,1749,648,50672
09:03:25.727,1748,181,1749,9,1749,648,50672
09:03:26.643,1748,177,1749,9,1749,648,50672
09:03:26.969,1748,23,1749,30,1749,648,50672
09:03:27.556,1748,12,1749,41,1749,648,50672
09:03:30.193,1748,13,1749,41,1749,648,50672
09:03:30.653,1748,12,1749,41,1748,650,50670
09:03:32.974,1748,11,1749,40,1748,652,50670
09:03:40.764,1747,217,1748,19,1748,674,50662
09:03:41.693,1747,227,1748,19,1748,674,50662
09:03:45.988,1747,227,1748,18,1748,676,50662
09:03:47.517,1747,228,1748,18,1748,676,50662
09:03:50.719,1747,73,1749,13,1748,712,50662
09:03:51.17,1748,148,1749,13,1748,712,50662
09:03:57.192,1748,149,1749,13,1748,712,50662
09:03:58.241,1748,151,1749,13,1748,712,50662
09:04:03.667,1748,151,1749,14,1748,712,50662
09:04:15.714,1748,152,1749,4,1748,712,50662
09:04:24.469,1748,156,1749,4,1748,712,50662
09:04:25.221,1748,156,1749,3,1748,712,50662
09:04:25.362,1748,160,1749,3,1748,712,50662
09:04:28.881,1748,160,1749,1,1748,712,50662
09:04:43.769,1748,160,1749,2,1748,712,50662
09:04:47.104,1748,160,1749,1,1748,712,50662
09:04:57.220,1748,22,1750,13,1749,714,50662
09:04:57.469,1749,110,1750,13,1749,722,50662
09:04:58.121,1749,108,1750,23,1749,722,50662
09:04:58.723,1749,112,1750,24,1749,722,50662
09:04:59.71,1749,114,1750,24,1749,722,50662
09:04:59.565,1749,109,1750,24,1749,722,50662
09:05:01.822,1749,114,1750,24,1749,722,50662
09:05:03.467,1749,116,1750,24,1749,722,50662
09:05:03.729,1749,136,1750,24,1749,722,50662
09:05:05.470,1749,147,1750,24,1749,722,50662
09:05:05.797,1749,148,1750,24,1749,722,50662
09:05:07.304,1749,147,1750,24,1749,722,50662
09:05:07.849,1749,148,1750,24,1749,722,50662
09:05:09.848,1749,178,1750,24,1749,722,50662
09:05:11.795,1749,179,1750,24,1749,722,50662
09:05:14.526,1749,179,1750,23,1749,722,50662
09:05:14.911,1749,183,1750,23,1749,722,50662
09:05:16.116,1749,183,1750,21,1750,726,50658
09:05:17.222,1749,184,1750,21,1750,726,50658
09:05:17.320,1749,185,1750,21,1750,726,50658
09:05:18.202,1749,190,1750,21,1750,726,50658
09:05:18.719,1749,194,1750,21,1750,726,50658
09:05:19.548,1749,178,1750,1,1750,766,50676
09:05:20.220,1749,193,1751,23,1750,768,50678
09:05:20.722,1750,10,1751,23,1750,768,50678
09:05:21.220,1750,192,1751,23,1750,768,50678
09:05:21.720,1750,202,1751,22,1750,768,50678
09:05:22.221,1750,152,1751,22,1750,768,50678
09:05:22.641,1750,135,1751,2,1750,768,50678
09:05:22.968,1750,127,1751,2,1750,768,50678
09:05:23.663,1750,132,1751,2,1750,768,50678
09:05:24.224,1750,202,1751,2,1750,768,50678
09:05:25.172,1750,202,1751,22,1750,768,50678
09:05:29.199,1750,204,1751,22,1750,768,50678
09:05:41.565,1750,203,1751,22,1750,770,50678
09:05:42.656,1750,203,1751,23,1750,770,50678
09:05:44.721,1750,21,1751,44,1750,770,50678
09:05:44.959,1750,2,1751,46,1750,770,50678
09:05:49.221,1750,2,1751,47,1750,770,50678
09:05:49.592,1750,1,1751,47,1750,772,50678
09:05:49.908,1750,1,1751,48,1750,772,50678
09:05:51.597,1749,194,1751,48,1750,774,50678
09:05:51.872,1749,204,1751,48,1750,774,50678
09:05:53.449,1749,205,1751,48,1750,774,50678
09:05:56.702,1750,1,1751,50,1750,774,50678
09:05:57.102,1750,1,1751,48,1750,774,50678
09:05:59.657,1750,1,1751,49,1750,774,50678
09:06:00.612,1750,80,1751,28,1750,816,50694
09:06:02.326,1750,81,1751,28,1750,816,50694
09:06:05.628,1750,81,1751,30,1750,816,50694
09:06:07.394,1750,81,1751,28,1750,816,50694
09:06:08.210,1750,81,1751,31,1750,816,50694
09:06:09.719,1749,200,1750,19,1750,978,50856
09:06:10.175,1749,190,1750,19,1750,1018,50896
09:06:12.630,1749,200,1750,19,1750,1018,50896
09:06:28.520,1749,200,1750,17,1750,1022,50900
09:06:34.527,1749,200,1750,9,1750,1038,50916
09:06:35.556,1749,200,1750,10,1750,1038,50916
09:06:39.270,1749,200,1751,79,1750,1058,50936
09:06:39.979,1749,200,1751,82,1750,1058,50936
09:06:41.596,1749,200,1751,62,1750,1058,50936
09:06:42.764,1749,200,1750,20,1750,1058,50936
09:06:53.720,1749,200,1750,19,1750,1060,50936
09:07:41.106,1749,200,1750,14,1750,1070,50936
09:07:42.979,1749,200,1750,13,1750,1072,50936
09:07:43.442,1749,200,1750,13,1750,1074,50936
09:07:47.558,1749,23,1751,63,1750,1100,50936
09:07:47.727,1749,23,1751,66,1750,1100,50936
09:07:59.528,1750,14,1751,66,1750,1100,50936
09:08:17.719,1750,116,1751,57,1751,1118,50944
09:08:17.970,1750,160,1751,54,1751,1118,50944
09:08:18.267,1750,159,1751,54,1751,1118,50944
09:08:18.929,1750,162,1751,54,1751,1118,50944
09:08:20.308,1750,164,1751,54,1751,1118,50944
09:08:22.33,1750,179,1751,54,1751,1118,50944
09:08:22.467,1750,192,1751,54,1751,1118,50944
09:08:22.996,1750,189,1751,54,1751,1118,50944
09:08:24.693,1750,187,1751,54,1751,1118,50944
09:08:25.768,1750,192,1751,54,1751,1118,50944
09:08:40.718,1750,187,1751,54,1751,1118,50944
09:08:40.838,1750,188,1751,54,1751,1118,50944
09:08:41.289,1750,140,1751,54,1751,1118,50944
09:08:42.997,1750,139,1751,54,1751,1118,50944
09:08:43.468,1750,152,1751,54,1751,1118,50944
09:08:43.961,1750,151,1751,54,1751,1118,50944
09:08:44.591,1750,152,1751,54,1751,1118,50944
09:08:45.573,1750,192,1751,54,1751,1118,50944
09:08:48.925,1750,192,1751,53,1751,1118,50944
09:08:53.722,1750,192,1751,54,1751,1118,50944
09:08:57.971,1750,192,1751,53,1751,1118,50944
09:09:06.471,1750,193,1751,53,1751,1118,50944
09:09:11.462,1750,187,1751,52,1751,1130,50946
09:09:12.25,1750,188,1751,52,1751,1130,50946
09:09:30.970,1750,21,1751,52,1751,1130,50946
09:09:31.627,1750,11,1751,53,1751,1130,50946
09:09:32.879,1750,10,1751,53,1750,1132,50946
09:09:33.498,1750,10,1751,54,1750,1132,50946
09:09:40.98,1750,9,1751,54,1750,1132,50946
09:09:50.73,1750,9,1751,55,1750,1132,50946
09:09:50.227,1750,8,1751,55,1750,1134,50948
09:09:56.799,1750,7,1751,55,1750,1136,50950
09:10:01.221,1750,1,1751,56,1750,1148,50962
09:10:01.719,1749,17,1750,9,1750,1148,50962
09:10:02.219,1749,32,1750,10,1750,1148,50962
09:10:02.597,1749,127,1750,9,1750,1148,50962
09:10:02.726,1749,128,1750,9,1750,1148,50962
09:10:04.293,1749,129,1750,9,1750,1148,50962
09:10:12.221,1749,183,1750,9,1750,1148,50962
09:10:12.704,1749,194,1751,86,1750,1148,50962
09:10:13.218,1749,194,1751,87,1750,1148,50962
09:10:24.222,1750,6,1752,212,1751,1322,51130
09:10:24.599,1751,90,1752,211,1751,1322,51130
09:10:24.955,1751,98,1752,211,1751,1322,51130
09:10:32.723,1751,98,1752,210,1752,1324,51132
09:10:37.3,1751,97,1752,210,1751,1326,51130
09:10:38.473,1751,97,1752,211,1751,1326,51130
09:10:38.831,1751,89,1752,211,1751,1326,51130
09:10:39.494,1751,89,1752,210,1751,1326,51130
09:10:40.700,1751,89,1752,209,1752,1328,51132
09:10:43.472,1751,90,1752,209,1752,1328,51132
09:10:44.110,1751,98,1752,209,1752,1328,51132
09:10:46.972,1751,90,1752,209,1752,1328,51132
09:10:47.721,1751,90,1752,217,1752,1328,51132
09:10:48.606,1751,98,1752,217,1752,1328,51132
09:11:00.222,1751,31,1752,217,1752,1328,51132
09:11:00.723,1751,10,1752,217,1752,1328,51132
09:11:01.214,1751,1,1752,217,1752,1328,51132
09:11:10.221,1751,14,1752,217,1752,1328,51132
09:11:10.342,1751,23,1752,217,1752,1328,51132
09:11:11.720,1751,13,1752,217,1752,1328,51132
09:11:11.776,1751,11,1752,217,1752,1328,51132
09:11:12.722,1751,2,1752,217,1752,1328,51132
09:11:18.386,1751,3,1752,217,1752,1328,51132
09:11:19.722,1751,83,1752,217,1752,1328,51132
09:11:19.767,1751,92,1752,217,1752,1328,51132
09:11:22.471,1751,100,1752,217,1752,1328,51132
09:11:25.48,1751,99,1752,217,1752,1328,51132
09:11:26.169,1751,33,1752,216,1752,1330,51134
09:11:26.270,1751,25,1752,216,1752,1330,51134
09:11:27.370,1751,26,1752,216,1752,1330,51134
09:11:29.4,1751,24,1752,216,1752,1330,51134
09:11:29.472,1751,83,1752,216,1752,1330,51134
09:11:29.767,1751,91,1752,216,1752,1330,51134
09:11:30.722,1751,33,1752,216,1752,1330,51134
09:11:31.51,1751,24,1752,216,1752,1330,51134
09:11:32.222,1751,83,1752,216,1752,1330,51134
09:11:32.723,1751,99,1752,216,1752,1330,51134
09:11:38.656,1751,99,1752,214,1752,1334,51138
09:11:39.125,1751,99,1752,211,1752,1340,51144
09:11:39.250,1751,99,1752,210,1752,1342,51146
09:11:45.624,1751,98,1752,210,1752,1342,51146
09:11:47.224,1750,163,1751,2,1751,1538,51188
09:11:47.667,1751,2,1752,209,1752,1544,51194
09:11:47.805,1751,2,1752,217,1752,1544,51194
09:11:52.422,1750,163,1752,217,1751,1548,51194
09:11:52.861,1750,164,1752,217,1751,1548,51194
09:11:53.718,1750,165,1752,217,1751,1548,51194
09:12:00.36,1750,166,1752,217,1751,1548,51194
09:12:00.564,1750,166,1752,218,1751,1548,51194
09:12:04.223,1750,154,1752,219,1750,1572,51170
09:12:09.600,1750,153,1752,219,1750,1572,51170
09:12:12.46,1750,155,1751,49,1751,1574,51170
09:12:12.598,1750,154,1751,49,1751,1574,51170
09:12:19.592,1750,153,1751,49,1751,1574,51170
09:12:24.40,1750,153,1751,48,1751,1576,51172
09:12:24.681,1750,155,1751,47,1751,1578,51174
09:12:25.218,1750,157,1751,48,1751,1578,51174
09:12:28.714,1750,156,1751,48,1751,1578,51174
09:12:29.53,1750,156,1751,49,1751,1578,51174
09:12:32.45,1750,156,1751,40,1751,1596,51180
09:12:36.898,1750,137,1751,21,1751,1634,51180
09:12:38.33,1750,137,1751,20,1751,1636,51182
09:12:40.722,1750,134,1751,18,1751,1640,51186
09:12:41.7,1750,135,1751,18,1751,1640,51186
09:12:49.583,1750,136,1751,18,1751,1640,51186
09:13:00.721,1750,118,1752,204,1751,1676,51200
09:13:01.96,1750,118,1752,222,1751,1676,51200
09:13:03.224,1751,1,1752,224,1751,1676,51200
09:13:03.465,1751,1,1752,223,1751,1676,51200
09:13:06.176,1751,1,1752,243,1751,1676,51200
09:13:12.153,1751,1,1752,233,1751,1676,51200
09:13:16.722,1750,147,1751,9,1751,1680,51202
09:13:17.101,1750,149,1751,9,1751,1680,51202
09:13:18.931,1750,119,1751,9,1751,1680,51202
09:13:19.727,1750,119,1751,8,1751,1682,51202
09:13:21.694,1750,118,1751,8,1751,1682,51202
09:13:29.494,1750,118,1751,9,1751,1682,51202
09:13:30.351,1750,119,1751,9,1751,1682,51202
09:13:31.598,1750,117,1751,9,1751,1682,51202
09:13:31.732,1750,118,1751,9,1751,1682,51202
09:13:33.903,1750,117,1751,9,1751,1682,51202
09:13:36.553,1750,117,1751,8,1751,1684,51202
09:13:38.703,1750,116,1751,8,1751,1684,51202
09:13:44.62,1750,116,1751,10,1751,1684,51202
09:13:48.727,1750,117,1751,10,1751,1684,51202
09:13:49.227,1750,116,1751,10,1751,1684,51202
09:13:49.934,1750,117,1751,9,1751,1686,51202
09:13:50.269,1750,116,1751,9,1751,1686,51202
09:13:52.720,1750,116,1751,8,1751,1688,51202
09:13:58.38,1750,116,1751,7,1751,1690,51202
09:14:08.224,1750,5,1751,7,1751,1690,51202
09:14:08.471,1750,4,1751,16,1751,1690,51202
09:14:08.726,1750,4,1751,24,1751,1690,51202
09:14:14.586,1750,3,1751,24,1750,1692,51200
09:14:15.973,1750,3,1751,26,1750,1692,51200
09:14:19.64,1750,2,1751,26,1750,1694,51200
09:14:20.222,1750,3,1751,24,1750,1694,51200
09:14:20.308,1750,25,1751,24,1750,1694,51200
09:14:20.727,1750,25,1751,16,1750,1694,51200
09:14:22.21,1750,24,1751,16,1750,1694,51200
09:14:23.758,1750,23,1751,16,1750,1694,51200
09:14:24.585,1750,43,1751,16,1750,1694,51200
09:14:26.722,1750,3,1751,27,1750,1694,51200
09:14:27.223,1750,2,1751,49,1750,1694,51200
09:14:34.848,1750,2,1751,50,1750,1694,51200
09:14:41.482,1750,2,1751,51,1750,1694,51200
09:14:44.172,1750,3,1751,51,1750,1694,51200
09:14:47.29,1750,79,1751,27,1750,1742,51220
09:14:50.120,1750,79,1751,26,1750,1742,51220
09:14:59.726,1750,79,1751,25,1750,1742,51220
09:15:11.726,1750,79,1751,26,1750,1742,51220
09:15:22.496,1750,79,1751,25,1750,1742,51220
09:15:25.226,1750,79,1751,17,1750,1742,51220
09:15:29.267,1750,79,1751,26,1750,1742,51220
09:15:31.917,1750,79,1751,25,1750,1742,51220
09:15:34.679,1750,79,1751,27,1750,1742,51220
09:15:37.720,1750,79,1751,26,1750,1742,51220
09:15:37.733,1750,79,1751,27,1750,1742,51220
09:15:38.689,1750,79,1751,26,1750,1742,51220
09:15:38.726,1750,79,1751,27,1750,1742,51220
09:15:39.226,1750,79,1751,26,1750,1742,51220
09:15:41.604,1749,60,1751,26,1750,1752,51220
09:15:41.974,1749,61,1751,27,1750,1752,51220
09:16:01.152,1749,61,1751,28,1750,1752,51220
09:16:07.221,1749,134,1750,6,1750,1752,51220
09:16:07.471,1749,133,1750,19,1750,1752,51220
09:16:08.270,1749,133,1750,28,1750,1752,51220
09:16:50.724,1749,53,1750,22,1749,1764,51224
09:16:51.101,1749,53,1750,43,1749,1764,51224
09:16:51.721,1749,53,1750,44,1749,1764,51224
09:16:52.476,1749,53,1750,43,1749,1764,51224
09:16:57.105,1749,52,1750,43,1749,1766,51222
09:17:08.194,1749,52,1750,44,1749,1766,51222
09:17:09.636,1749,47,1750,44,1749,1776,51212
09:17:20.222,1749,47,1750,49,1749,1776,51212
09:17:49.834,1749,47,1750,48,1750,1778,51214
09:18:20.369,1749,47,1750,68,1750,1778,51214
09:18:22.666,1749,47,1750,69,1750,1778,51214
09:18:22.975,1749,47,1750,68,1750,1778,51214
09:18:33.801,1749,47,1750,67,1750,1780,51216
09:19:01.112,1749,50,1750,66,1750,1782,51218
09:19:04.224,1749,30,1750,56,1749,1822,51198
09:19:04.722,1749,19,1750,86,1749,1844,51198
09:19:05.221,1749,10,1750,38,1749,1862,51180
09:19:05.723,1749,1,1750,37,1749,1880,51188
09:19:06.222,1749,1,1750,38,1749,1880,51188
09:19:07.714,1749,1,1750,39,1749,1880,51188
09:19:18.112,1748,104,1750,39,1749,1882,51188
09:19:18.472,1749,3,1750,39,1749,1882,51188
09:19:18.726,1749,2,1750,39,1749,1882,51188
09:19:19.495,1748,106,1750,39,1749,1882,51188
09:19:20.109,1749,2,1750,39,1749,1882,51188
09:19:20.723,1748,106,1750,40,1749,1882,51188
09:19:21.217,1749,2,1750,39,1749,1882,51188
09:19:21.226,1748,106,1750,39,1749,1882,51188
09:19:21.957,1749,2,1750,39,1749,1882,51188
09:19:22.268,1748,106,1750,39,1749,1882,51188
09:19:23.187,1749,2,1750,39,1749,1882,51188
09:19:23.226,1748,106,1750,39,1749,1882,51188
09:19:23.726,1749,2,1750,39,1749,1882,51188
09:19:24.226,1748,106,1750,39,1749,1882,51188
09:19:24.726,1749,2,1750,39,1749,1882,51188
09:19:25.342,1748,106,1750,40,1749,1882,51188
09:19:26.2,1749,2,1750,40,1749,1882,51188
09:19:26.226,1748,106,1750,40,1749,1882,51188
09:19:26.726,1749,2,1750,40,1749,1882,51188
09:19:27.225,1748,106,1750,40,1749,1882,51188
09:19:27.971,1749,3,1750,40,1749,1882,51188
09:19:30.768,1749,5,1750,39,1749,1882,51188
09:19:32.575,1749,3,1750,42,1749,1882,51188
09:19:36.165,1749,4,1750,42,1749,1882,51188
09:19:47.910,1749,4,1750,41,1749,1882,51188
09:19:55.160,1749,3,1750,41,1749,1882,51188
09:19:57.101,1749,3,1750,44,1749,1882,51188
09:20:00.573,1749,3,1750,46,1749,1882,51188
09:20:02.615,1749,5,1750,46,1749,1882,51188
09:20:52.221,1749,3,1750,46,1749,1882,51188
09:20:52.471,1749,5,1750,46,1749,1882,51188
09:20:52.973,1749,3,1750,46,1749,1882,51188
09:20:56.221,1749,5,1750,46,1749,1882,51188
09:20:57.720,1749,3,1750,46,1749,1882,51188
09:21:10.83,1749,4,1750,46,1749,1882,51188
09:21:21.222,1749,6,1750,46,1749,1882,51188
09:21:21.471,1749,4,1750,70,1749,1882,51188
09:21:25.25,1749,4,1750,69,1749,1882,51188
09:21:26.220,1749,4,1750,79,1749,1882,51188
09:21:28.471,1749,4,1750,69,1749,1882,51188
09:21:29.387,1749,4,1750,79,1749,1882,51188
09:21:29.769,1749,4,1750,78,1749,1882,51188
09:21:30.545,1749,4,1750,77,1749,1882,51188
09:21:32.800,1749,4,1750,76,1749,1882,51188
09:21:39.222,1749,6,1750,46,1749,1882,51188
09:21:43.687,1749,4,1750,46,1749,1882,51188
09:21:46.722,1749,3,1750,47,1749,1884,51186
09:21:55.720,1749,3,1750,56,1749,1884,51186
09:21:55.772,1749,3,1750,53,1749,1884,51186
09:21:57.470,1749,5,1750,47,1749,1884,51186
09:22:02.709,1749,7,1750,47,1749,1884,51186
09:23:18.903,1749,7,1750,46,1750,1886,51188
09:23:26.507,1749,10,1750,46,1750,1886,51188
09:23:26.745,1749,13,1750,46,1750,1886,51188
09:23:40.971,1749,11,1750,51,1750,1886,51188
09:23:41.722,1749,13,1750,46,1750,1886,51188
09:23:43.223,1749,10,1750,46,1750,1886,51188
09:24:09.699,1749,11,1750,46,1750,1886,51188
09:24:19.725,1749,11,1750,45,1750,1886,51188
09:24:21.224,1749,12,1750,45,1750,1886,51188
09:24:21.356,1749,21,1750,45,1750,1886,51188
09:25:40.617,1749,21,1750,43,1750,1886,51188
09:25:50.223,1749,11,1750,43,1750,1886,51188
09:25:53.270,1749,21,1750,43,1750,1886,51188
09:25:55.761,1749,21,1750,40,1750,1886,51188
09:26:16.463,1749,8,1750,40,1749,1906,51182
09:26:19.768,1749,8,1750,43,1749,1906,51182
09:26:46.726,1749,4,1750,43,1749,1906,51182
09:27:18.804,1749,4,1750,13,1750,1966,51212
09:27:19.270,1749,8,1750,15,1750,1966,51212
09:28:31.721,1748,16,1750,17,1750,1966,51212
09:28:31.732,1748,24,1750,17,1750,1966,51212
09:28:40.568,1748,24,1750,47,1750,1966,51212
09:28:44.473,1748,23,1750,47,1750,1966,51212
09:28:49.779,1748,25,1750,59,1750,1966,51212
09:28:50.589,1748,24,1750,58,1750,1966,51212
09:28:51.781,1748,24,1750,59,1750,1966,51212
09:28:52.558,1748,24,1750,60,1750,1966,51212
09:28:53.593,1748,24,1750,100,1750,1966,51212
09:28:54.148,1748,24,1750,102,1750,1966,51212
09:28:54.707,1748,24,1750,104,1750,1966,51212
09:28:54.732,1748,24,1750,106,1750,1966,51212
09:28:56.61,1748,24,1750,116,1750,1966,51212
09:28:56.607,1748,24,1750,118,1750,1966,51212
09:28:58.756,1748,22,1750,118,1750,1966,51212
09:29:01.443,1748,22,1750,117,1750,1966,51212
09:29:02.169,1748,22,1750,116,1750,1966,51212
09:29:03.31,1748,22,1750,111,1750,1966,51212
09:29:04.471,1748,22,1750,110,1750,1966,51212
09:29:07.172,1748,22,1750,112,1750,1966,51212
09:29:09.138,1748,22,1750,111,1750,1966,51212
09:29:11.715,1748,22,1750,110,1750,1966,51212
09:29:11.919,1748,22,1750,109,1750,1966,51212
09:29:13.88,1748,22,1750,113,1750,1966,51212
09:29:15.83,1748,22,1750,116,1750,1966,51212
09:29:16.6,1748,22,1750,86,1750,1966,51212
09:29:18.222,1748,22,1750,118,1750,1966,51212
09:29:18.225,1748,19,1750,118,1750,1966,51212
09:29:26.221,1748,17,1750,51,1750,1966,51212
09:29:26.611,1748,21,1750,51,1750,1966,51212
09:29:45.223,1749,4,1750,49,1750,1966,51212
09:29:47.897,1749,4,1750,19,1750,1966,51212
09:30:01.722,1749,2,1750,86,1750,1966,51212
09:30:01.974,1748,15,1749,2,1750,1966,51212
09:30:02.611,1748,23,1749,2,1750,1966,51212
09:30:13.475,1748,23,1749,3,1750,1966,51212
09:30:18.932,1748,23,1749,2,1750,1966,51212
09:30:19.609,1748,22,1749,2,1750,1966,51212
09:30:24.181,1748,23,1749,3,1750,1966,51212
09:30:26.721,1748,118,1749,1,1749,1970,51212
09:30:26.770,1748,119,1749,1,1749,1970,51212
09:30:28.471,1748,119,1750,46,1749,1970,51212
09:30:28.725,1748,119,1750,47,1749,1970,51212
09:30:29.395,1748,119,1750,17,1749,1970,51212
09:30:30.223,1749,2,1750,16,1749,1970,51212
09:30:30.473,1748,112,1750,17,1749,1970,51212
09:30:30.974,1749,2,1750,16,1749,1970,51212
09:30:31.474,1748,112,1750,17,1749,1970,51212
09:30:31.975,1749,2,1750,16,1749,1970,51212
09:30:32.721,1748,112,1750,17,1749,1970,51212
09:30:32.767,1749,2,1750,17,1749,1970,51212
09:30:33.428,1748,112,1750,17,1749,1970,51212
09:30:33.942,1749,2,1750,18,1749,1970,51212
09:30:34.527,1748,112,1750,18,1749,1970,51212
09:30:34.725,1749,2,1750,18,1749,1970,51212
09:30:35.225,1748,112,1750,18,1749,1970,51212
09:30:35.725,1749,2,1750,18,1749,1970,51212
09:30:36.358,1748,112,1750,18,1749,1970,51212
09:30:36.936,1749,2,1750,18,1749,1970,51212
09:30:37.292,1748,112,1750,18,1749,1970,51212
09:30:38.223,1749,2,1750,16,1749,1970,51212
09:30:38.721,1748,112,1750,16,1749,1970,51212
09:30:38.974,1749,2,1750,16,1749,1970,51212
09:30:39.474,1748,112,1750,17,1749,1970,51212
09:30:39.725,1749,2,1750,17,1749,1970,51212
09:30:40.574,1748,122,1750,17,1749,1970,51212
09:30:40.725,1749,2,1750,17,1749,1970,51212
09:30:41.225,1748,122,1750,17,1749,1970,51212
09:30:41.725,1749,2,1750,17,1749,1970,51212
09:30:42.225,1748,122,1750,17,1749,1970,51212
09:30:42.725,1749,2,1750,17,1749,1970,51212
09:30:43.225,1748,122,1750,17,1749,1970,51212
09:30:43.725,1749,2,1750,17,1749,1970,51212
09:30:44.431,1748,132,1750,17,1749,1970,51212
09:30:44.725,1749,2,1750,17,1749,1970,51212
09:30:45.225,1748,132,1750,17,1749,1970,51212
09:30:45.726,1749,2,1750,17,1749,1970,51212
09:30:46.225,1748,132,1750,17,1749,1970,51212
09:30:46.725,1749,2,1750,17,1749,1970,51212
09:30:47.471,1748,132,1750,17,1749,1970,51212
09:30:47.788,1749,2,1750,17,1749,1970,51212
09:30:48.225,1748,132,1750,17,1749,1970,51212
09:30:48.725,1749,2,1750,17,1749,1970,51212
09:30:49.474,1748,132,1750,17,1749,1970,51212
09:30:49.726,1749,2,1750,17,1749,1970,51212
09:30:50.225,1748,132,1750,17,1749,1970,51212
09:30:50.973,1749,2,1750,16,1749,1970,51212
09:30:51.473,1748,132,1750,18,1749,1970,51212
09:30:51.725,1749,2,1750,18,1749,1970,51212
09:30:52.225,1748,132,1750,18,1749,1970,51212
09:30:52.974,1749,2,1750,17,1749,1970,51212
09:30:53.474,1748,132,1750,18,1749,1970,51212
09:30:54.222,1749,2,1750,17,1749,1970,51212
09:30:54.473,1748,132,1750,18,1749,1970,51212
09:30:54.726,1749,2,1750,18,1749,1970,51212
09:30:55.411,1748,132,1750,18,1749,1970,51212
09:30:55.974,1749,2,1750,17,1749,1970,51212
09:30:56.473,1748,132,1750,18,1749,1970,51212
09:30:56.725,1749,2,1750,18,1749,1970,51212
09:30:57.225,1748,132,1750,18,1749,1970,51212
09:30:57.972,1749,2,1750,17,1749,1970,51212
09:30:58.473,1748,132,1750,18,1749,1970,51212
09:30:58.725,1749,2,1750,18,1749,1970,51212
09:30:59.722,1748,131,1749,1,1749,1970,51212
09:30:59.726,1748,139,1749,1,1749,1970,51212
09:31:04.446,1748,139,1750,17,1749,1972,51212
09:31:05.53,1749,2,1750,18,1749,1972,51212
09:31:05.490,1748,132,1750,18,1749,1972,51212
09:31:05.726,1749,2,1750,18,1749,1972,51212
09:31:06.225,1748,132,1750,18,1749,1972,51212
09:31:06.725,1749,2,1750,18,1749,1972,51212
09:31:07.225,1748,132,1750,18,1749,1972,51212
09:31:07.974,1749,2,1750,17,1749,1972,51212
09:31:08.473,1748,132,1750,18,1749,1972,51212
09:31:08.726,1749,2,1750,18,1749,1972,51212
09:31:09.225,1748,132,1750,18,1749,1972,51212
09:31:09.973,1749,2,1750,17,1749,1972,51212
09:31:10.473,1748,132,1750,18,1749,1972,51212
09:31:10.725,1749,2,1750,18,1749,1972,51212
09:31:11.225,1748,132,1750,18,1749,1972,51212
09:31:11.973,1749,2,1750,17,1749,1972,51212
09:31:12.474,1748,132,1750,18,1749,1972,51212
09:31:13.223,1749,2,1750,17,1749,1972,51212
09:31:13.474,1748,132,1750,18,1749,1972,51212
09:31:13.727,1749,2,1750,18,1749,1972,51212
09:31:14.225,1748,132,1750,18,1749,1972,51212
09:31:14.975,1749,2,1750,17,1749,1972,51212
09:31:15.473,1748,132,1750,18,1749,1972,51212
09:31:16.222,1749,2,1750,17,1749,1972,51212
09:31:16.473,1748,132,1750,17,1749,1972,51212
09:31:16.974,1749,2,1750,16,1749,1972,51212
09:31:17.474,1748,132,1750,17,1749,1972,51212
09:31:17.974,1749,2,1750,16,1749,1972,51212
09:31:18.473,1748,132,1750,17,1749,1972,51212
09:31:18.973,1749,2,1750,16,1749,1972,51212
09:31:19.472,1748,132,1750,17,1749,1972,51212
09:31:19.725,1749,2,1750,17,1749,1972,51212
09:31:20.225,1748,132,1750,17,1749,1972,51212
09:31:20.973,1749,2,1750,16,1749,1972,51212
09:31:21.474,1748,132,1750,17,1749,1972,51212
09:31:21.802,1749,2,1750,18,1749,1972,51212
09:31:22.225,1748,132,1750,18,1749,1972,51212
09:31:22.973,1749,2,1750,17,1749,1972,51212
09:31:23.473,1748,132,1750,18,1749,1972,51212
09:31:23.725,1749,2,1750,18,1749,1972,51212
09:31:24.225,1748,132,1750,18,1749,1972,51212
09:31:24.972,1749,2,1750,17,1749,1972,51212
09:31:25.474,1748,132,1750,18,1749,1972,51212
09:31:25.726,1749,2,1750,18,1749,1972,51212
09:31:26.225,1748,132,1750,18,1749,1972,51212
09:31:26.974,1749,2,1750,17,1749,1972,51212
09:31:27.474,1748,132,1750,18,1749,1972,51212
09:31:27.973,1749,2,1750,17,1749,1972,51212
09:31:28.473,1748,132,1750,18,1749,1972,51212
09:31:28.972,1749,2,1750,17,1749,1972,51212
09:31:29.473,1748,132,1750,18,1749,1972,51212
09:31:29.973,1749,2,1750,17,1749,1972,51212
09:31:30.473,1748,132,1750,18,1749,1972,51212
09:31:31.201,1749,2,1750,17,1749,1972,51212
09:31:31.416,1749,1,1750,17,1749,1972,51212
09:31:35.926,1749,1,1750,19,1749,1972,51212
09:31:43.304,1749,3,1750,19,1749,1972,51212
09:31:44.547,1749,3,1750,18,1749,1972,51212
09:32:02.222,1749,3,1750,85,1749,1972,51212
09:32:02.225,1749,3,1750,86,1749,1972,51212
09:32:35.934,1749,4,1750,86,1749,1972,51212
09:33:11.382,1749,3,1750,86,1749,1974,51214
09:33:39.220,1749,3,1750,19,1749,1974,51214
09:33:39.225,1749,3,1750,18,1749,1974,51214
09:34:01.461,1749,3,1750,17,1750,1976,51214
09:34:46.141,1749,3,1750,18,1750,1976,51214
09:34:56.61,1749,2,1750,18,1749,1978,51214
09:35:18.220,1749,2,1750,85,1749,1978,51214
09:35:18.472,1749,2,1750,86,1749,1978,51214
09:35:26.87,1749,3,1750,86,1749,1978,51214
09:35:54.626,1749,4,1750,86,1749,1978,51214
09:35:56.377,1749,3,1750,86,1749,1980,51216
09:36:02.220,1749,3,1750,43,1749,1980,51216
09:36:02.265,1749,3,1750,44,1749,1980,51216
09:36:11.222,1749,3,1750,86,1749,1980,51216
09:36:23.347,1749,3,1750,81,1750,1990,51226
09:37:12.973,1748,18,1749,8,1749,1996,51226
09:37:13.472,1748,25,1749,8,1749,1996,51226
09:37:15.339,1748,25,1749,3,1749,2006,51226
09:37:18.462,1748,22,1750,89,1748,2012,51220
09:37:18.974,1748,31,1750,90,1748,2012,51220
09:37:24.841,1748,31,1750,85,1750,2022,51220
09:37:25.473,1749,2,1750,76,1750,2022,51220
09:37:25.725,1748,23,1750,76,1750,2022,51220
09:37:26.720,1749,2,1750,55,1750,2022,51220
09:37:27.223,1748,23,1750,9,1750,2022,51220
09:37:27.720,1749,2,1750,11,1750,2022,51220
09:37:28.221,1748,23,1750,13,1750,2022,51220
09:37:28.721,1749,2,1750,11,1750,2022,51220
09:37:28.775,1748,27,1750,10,1750,2022,51220
09:37:29.225,1749,2,1750,10,1750,2022,51220
09:37:29.725,1748,27,1750,10,1750,2022,51220
09:37:30.225,1749,2,1750,10,1750,2022,51220
09:37:30.725,1748,27,1750,10,1750,2022,51220
09:37:31.225,1749,2,1750,10,1750,2022,51220
09:37:31.724,1748,27,1750,10,1750,2022,51220
09:37:32.225,1749,2,1750,10,1750,2022,51220
09:37:32.725,1748,27,1750,10,1750,2022,51220
09:37:33.225,1749,2,1750,10,1750,2022,51220
09:37:33.725,1748,27,1750,10,1750,2022,51220
09:37:34.225,1749,2,1750,10,1750,2022,51220
09:37:34.725,1748,27,1750,10,1750,2022,51220
09:37:35.225,1749,2,1750,10,1750,2022,51220
09:37:35.725,1748,27,1750,10,1750,2022,51220
09:37:36.224,1749,2,1750,10,1750,2022,51220
09:37:37.91,1748,27,1750,10,1750,2022,51220
09:37:37.225,1749,2,1750,10,1750,2022,51220
09:37:37.801,1748,27,1750,11,1750,2022,51220
09:37:38.226,1749,2,1750,11,1750,2022,51220
09:37:38.939,1748,35,1750,11,1750,2022,51220
09:37:39.225,1749,2,1750,11,1750,2022,51220
09:37:39.724,1748,35,1750,11,1750,2022,51220
09:37:40.225,1749,2,1750,11,1750,2022,51220
09:37:40.725,1748,35,1750,11,1750,2022,51220
09:37:41.674,1749,2,1750,11,1750,2022,51220
09:37:41.828,1748,35,1750,12,1750,2022,51220
09:37:42.225,1749,2,1750,12,1750,2022,51220
09:37:42.987,1748,41,1750,12,1750,2022,51220
09:37:43.703,1749,2,1750,12,1750,2022,51220
09:37:43.724,1748,51,1750,12,1750,2022,51220
09:37:44.225,1749,2,1750,12,1750,2022,51220
09:37:44.811,1748,61,1750,12,1750,2022,51220
09:37:45.480,1749,2,1750,12,1750,2022,51220
09:37:45.725,1748,71,1750,12,1750,2022,51220
09:37:46.225,1749,2,1750,12,1750,2022,51220
09:37:47.191,1748,72,1750,12,1750,2022,51220
09:37:47.225,1749,2,1750,12,1750,2022,51220
09:37:47.724,1748,72,1750,12,1750,2022,51220
09:37:48.227,1749,2,1750,12,1750,2022,51220
09:37:48.724,1748,72,1750,12,1750,2022,51220
09:37:49.225,1749,2,1750,12,1750,2022,51220
09:37:50.221,1748,73,1750,12,1750,2022,51220
09:37:50.224,1749,2,1750,12,1750,2022,51220
09:37:50.725,1748,73,1750,12,1750,2022,51220
09:37:51.225,1749,2,1750,12,1750,2022,51220
09:37:51.724,1748,73,1750,12,1750,2022,51220
09:37:52.225,1749,2,1750,12,1750,2022,51220
09:37:52.725,1748,73,1750,12,1750,2022,51220
09:37:53.224,1749,2,1750,12,1750,2022,51220
09:37:53.724,1748,73,1750,12,1750,2022,51220
09:37:54.225,1749,7,1750,12,1750,2022,51220
09:37:59.295,1749,7,1750,11,1750,2022,51220
09:38:02.812,1749,8,1750,11,1750,2022,51220
09:38:16.37,1749,9,1750,11,1750,2022,51220
09:38:54.894,1749,9,1750,10,1750,2024,51220
09:38:58.3,1749,9,1750,9,1750,2026,51220
09:39:01.599,1749,11,1750,9,1750,2026,51220
09:39:10.190,1749,11,1750,10,1750,2026,51220
09:39:39.951,1749,11,1750,5,1750,2036,51224
09:39:40.224,1749,15,1750,5,1750,2036,51224
09:39:41.266,1749,16,1750,5,1750,2036,51224
09:39:52.722,1749,25,1750,2,1750,2042,51224
09:39:52.974,1749,19,1750,2,1750,2042,51224
09:39:55.939,1749,20,1750,2,1750,2042,51224
09:39:56.484,1749,21,1750,2,1750,2042,51224
09:40:09.20,1749,22,1750,2,1750,2042,51224
09:40:14.726,1749,23,1750,2,1750,2042,51224
09:40:21.992,1749,23,1750,3,1750,2042,51224
09:40:25.210,1749,22,1750,3,1750,2042,51224
09:42:34.628,1749,22,1750,2,1750,2044,51226
09:42:35.117,1749,22,1750,3,1750,2044,51226
09:42:51.722,1750,6,1751,157,1750,2050,51228
09:43:49.935,1749,17,1751,157,1750,2062,51228
09:43:50.225,1750,2,1751,157,1750,2062,51228
09:43:50.724,1749,17,1751,157,1750,2062,51228
09:43:51.225,1750,2,1751,157,1750,2062,51228
09:43:51.724,1749,17,1751,157,1750,2062,51228
09:43:52.225,1750,2,1751,157,1750,2062,51228
09:43:52.724,1749,17,1751,157,1750,2062,51228
09:43:53.225,1750,2,1751,157,1750,2062,51228
09:43:53.724,1749,17,1751,157,1750,2062,51228
09:43:54.224,1750,2,1751,157,1750,2062,51228
09:43:54.724,1749,17,1751,157,1750,2062,51228
09:43:55.224,1750,2,1751,157,1750,2062,51228
09:43:55.724,1749,17,1751,157,1750,2062,51228
09:43:56.224,1750,2,1751,157,1750,2062,51228
09:43:56.724,1749,17,1751,157,1750,2062,51228
09:43:57.626,1750,2,1751,157,1750,2062,51228
09:43:57.724,1749,17,1751,157,1750,2062,51228
09:43:58.224,1750,2,1751,157,1750,2062,51228
09:43:58.724,1749,17,1751,157,1750,2062,51228
09:43:59.225,1750,2,1751,157,1750,2062,51228
09:43:59.724,1749,17,1751,157,1750,2062,51228
09:44:00.225,1750,2,1751,157,1750,2062,51228
09:44:01.221,1749,17,1751,157,1750,2062,51228
09:44:01.473,1750,2,1751,157,1750,2062,51228
09:44:01.725,1749,17,1751,157,1750,2062,51228
09:44:02.224,1750,2,1751,157,1750,2062,51228
09:44:02.724,1749,17,1751,157,1750,2062,51228
09:44:03.224,1750,2,1751,157,1750,2062,51228
09:44:03.724,1749,17,1751,157,1750,2062,51228
09:44:04.224,1750,2,1751,157,1750,2062,51228
09:44:04.724,1749,17,1751,157,1750,2062,51228
09:44:05.225,1750,2,1751,157,1750,2062,51228
09:44:05.724,1749,17,1751,157,1750,2062,51228
09:44:06.224,1750,2,1751,157,1750,2062,51228
09:44:07.221,1749,8,1750,1,1750,2062,51228
09:44:07.225,1749,16,1750,1,1750,2062,51228
09:45:14.617,1749,15,1750,1,1750,2062,51228
09:45:16.768,1749,15,1750,51,1750,2062,51228
09:45:21.536,1749,15,1750,52,1750,2062,51228
09:46:10.724,1749,14,1750,52,1750,2062,51228
09:46:40.507,1749,14,1750,32,1750,2102,51266
09:47:17.572,1749,14,1750,33,1750,2102,51266
09:47:32.511,1749,15,1750,33,1750,2102,51266
09:48:08.803,1749,16,1750,33,1750,2102,51266
09:48:12.820,1749,11,1750,33,1749,2112,51264
09:48:13.269,1749,12,1750,34,1749,2112,51264
09:48:21.725,1749,9,1750,34,1749,2112,51264
09:48:41.624,1749,9,1750,36,1749,2112,51264
09:48:51.601,1749,9,1750,37,1749,2112,51264
09:49:00.299,1749,9,1750,38,1749,2112,51264
09:49:28.837,1749,9,1750,28,1750,2132,51284
09:50:30.655,1749,9,1750,27,1750,2134,51286
09:50:58.570,1749,9,1750,22,1750,2144,51296
09:51:58.208,1749,9,1750,23,1750,2144,51296
09:52:34.333,1749,9,1750,25,1750,2144,51296
09:52:57.667,1749,8,1750,28,1749,2146,51296
09:53:17.749,1749,7,1750,27,1749,2148,51296
09:53:19.124,1749,2,1750,25,1749,2152,51294
09:53:34.442,1749,2,1750,26,1749,2152,51294
09:54:02.70,1749,1,1750,26,1749,2154,51292
09:54:02.911,1749,1,1750,16,1750,2174,51312
09:54:14.225,1749,1,1750,17,1750,2174,51312
09:54:40.200,1749,4,1750,17,1750,2174,51312
09:54:40.432,1749,7,1750,17,1750,2174,51312
09:54:49.76,1749,7,1750,16,1750,2176,51314
09:54:51.220,1749,7,1750,13,1750,2182,51314
09:54:51.472,1749,14,1750,11,1750,2182,51314
09:54:51.877,1749,14,1750,9,1750,2182,51314
09:55:01.220,1749,15,1750,3,1750,2194,51318
09:55:01.721,1749,15,1750,1,1750,2198,51322
09:55:03.720,1749,15,1751,105,1750,2200,51322
09:55:03.977,1750,2,1751,99,1750,2200,51322
09:55:04.476,1749,17,1751,96,1750,2200,51322
09:55:05.220,1750,2,1751,88,1750,2200,51322
09:55:05.720,1750,6,1751,88,1750,2200,51322
09:55:05.771,1750,7,1751,88,1750,2200,51322
09:55:06.224,1750,14,1751,88,1750,2200,51322
09:55:15.222,1750,8,1751,88,1750,2200,51322
09:55:15.473,1749,16,1751,156,1750,2200,51322
09:55:15.774,1750,2,1751,156,1750,2200,51322
09:55:16.370,1749,16,1751,156,1750,2200,51322
09:55:16.973,1750,2,1751,155,1750,2200,51322
09:55:17.473,1749,16,1751,156,1750,2200,51322
09:55:17.973,1750,2,1751,155,1750,2200,51322
09:55:18.435,1749,16,1751,137,1750,2200,51322
09:55:19.109,1750,2,1751,137,1750,2200,51322
09:55:19.224,1749,16,1751,137,1750,2200,51322
09:55:19.970,1750,2,1751,137,1750,2200,51322
09:55:20.720,1749,16,1751,88,1750,2200,51322
09:55:20.974,1750,2,1751,88,1750,2200,51322
09:55:21.224,1749,16,1751,88,1750,2200,51322
09:55:21.724,1750,2,1751,88,1750,2200,51322
09:55:22.223,1749,16,1751,88,1750,2200,51322
09:55:22.926,1750,2,1751,88,1750,2200,51322
09:55:23.223,1749,16,1751,88,1750,2200,51322
09:55:24.220,1750,2,1751,100,1750,2200,51322
09:55:24.271,1749,16,1751,100,1750,2200,51322
09:55:24.724,1750,2,1751,100,1750,2200,51322
09:55:25.470,1749,25,1751,88,1750,2200,51322
09:55:25.785,1750,2,1751,88,1750,2200,51322
09:55:26.224,1749,25,1751,88,1750,2200,51322
09:55:26.723,1750,2,1751,88,1750,2200,51322
09:55:27.224,1749,25,1751,88,1750,2200,51322
09:55:27.724,1750,2,1751,88,1750,2200,51322
09:55:28.313,1749,25,1751,88,1750,2200,51322
09:55:28.970,1750,2,1751,88,1750,2200,51322
09:55:29.683,1749,60,1751,88,1750,2200,51322
09:55:29.846,1750,2,1751,88,1750,2200,51322
09:55:30.226,1749,85,1751,88,1750,2200,51322
09:55:30.724,1750,2,1751,88,1750,2200,51322
09:55:31.223,1749,85,1751,88,1750,2200,51322
09:55:32.107,1750,2,1751,88,1750,2200,51322
09:55:32.223,1749,85,1751,88,1750,2200,51322
09:55:32.724,1750,2,1751,88,1750,2200,51322
09:55:33.223,1749,85,1751,88,1750,2200,51322
09:55:33.723,1750,2,1751,88,1750,2200,51322
09:55:34.223,1749,85,1751,88,1750,2200,51322
09:55:34.724,1750,2,1751,88,1750,2200,51322
09:55:35.560,1749,87,1751,88,1750,2200,51322
09:55:35.724,1750,2,1751,88,1750,2200,51322
09:55:36.708,1749,87,1751,89,1750,2200,51322
09:55:36.723,1750,2,1751,89,1750,2200,51322
09:55:37.224,1749,87,1751,89,1750,2200,51322
09:55:37.723,1750,2,1751,89,1750,2200,51322
09:55:38.476,1749,92,1751,89,1750,2200,51322
09:55:39.128,1750,2,1751,89,1750,2200,51322
09:55:39.223,1749,93,1751,89,1750,2200,51322
09:55:39.724,1750,2,1751,89,1750,2200,51322
09:55:40.223,1749,93,1751,89,1750,2200,51322
09:55:41.212,1750,2,1751,89,1750,2200,51322
09:55:41.413,1749,92,1751,89,1750,2200,51322
09:55:41.724,1750,2,1751,89,1750,2200,51322
09:55:42.313,1749,92,1751,89,1750,2200,51322
09:55:42.730,1750,2,1751,89,1750,2200,51322
09:55:43.362,1749,96,1751,89,1750,2200,51322
09:55:43.727,1750,2,1751,89,1750,2200,51322
09:55:44.223,1749,95,1751,89,1750,2200,51322
09:55:44.724,1750,2,1751,89,1750,2200,51322
09:55:45.223,1749,95,1751,89,1750,2200,51322
09:55:46.97,1750,2,1751,89,1750,2200,51322
09:55:46.223,1749,96,1751,89,1750,2200,51322
09:55:46.973,1750,2,1751,89,1750,2200,51322
09:55:47.473,1749,81,1751,90,1750,2200,51322
09:55:47.973,1750,2,1751,89,1750,2200,51322
09:55:48.720,1749,81,1751,89,1750,2200,51322
09:55:48.972,1750,2,1751,89,1750,2200,51322
09:55:49.223,1749,81,1751,89,1750,2200,51322
09:55:49.964,1750,2,1751,88,1750,2200,51322
09:55:50.328,1749,81,1751,88,1750,2200,51322
09:55:50.724,1750,2,1751,88,1750,2200,51322
09:55:51.224,1749,81,1751,88,1750,2200,51322
09:55:51.723,1750,2,1751,88,1750,2200,51322
09:55:52.224,1749,81,1751,88,1750,2200,51322
09:55:52.724,1750,2,1751,88,1750,2200,51322
09:55:53.223,1749,81,1751,88,1750,2200,51322
09:55:53.723,1750,2,1751,88,1750,2200,51322
09:55:54.223,1749,81,1751,88,1750,2200,51322
09:55:54.723,1750,2,1751,88,1750,2200,51322
09:55:55.223,1749,81,1751,88,1750,2200,51322
09:55:56.156,1750,2,1751,88,1750,2200,51322
09:55:56.224,1749,96,1751,88,1750,2200,51322
09:55:56.724,1750,2,1751,88,1750,2200,51322
09:55:57.223,1749,96,1751,88,1750,2200,51322
09:55:58.212,1750,2,1751,88,1750,2200,51322
09:55:58.223,1749,97,1751,88,1750,2200,51322
09:55:58.723,1750,2,1751,88,1750,2200,51322
09:55:59.223,1749,97,1751,88,1750,2200,51322
09:55:59.972,1750,2,1751,88,1750,2200,51322
09:56:00.225,1749,97,1751,87,1750,2200,51322
09:56:00.723,1750,3,1751,87,1750,2200,51322
09:56:01.223,1750,2,1751,87,1750,2200,51322
09:56:01.723,1749,97,1751,87,1750,2200,51322
09:56:02.699,1750,3,1751,87,1750,2200,51322
09:56:04.719,1750,2,1751,87,1750,2200,51322
09:56:04.723,1749,105,1751,87,1750,2200,51322
09:56:05.223,1750,3,1751,87,1750,2200,51322
09:56:10.723,1750,2,1751,87,1750,2200,51322
09:56:11.223,1749,107,1751,87,1750,2200,51322
09:56:11.811,1750,3,1751,87,1750,2200,51322
09:56:12.224,1750,2,1751,87,1750,2200,51322
09:56:12.723,1749,116,1751,87,1750,2200,51322
09:56:13.453,1750,3,1751,87,1750,2200,51322
09:56:14.76,1750,2,1751,87,1750,2200,51322
09:56:14.223,1749,116,1751,87,1750,2200,51322
09:56:14.723,1750,3,1751,87,1750,2200,51322
09:56:15.674,1750,2,1751,87,1750,2200,51322
09:56:15.723,1749,116,1751,87,1750,2200,51322
09:56:16.223,1750,3,1751,87,1750,2200,51322
09:56:16.724,1750,2,1751,87,1750,2200,51322
09:56:17.223,1749,116,1751,87,1750,2200,51322
09:56:17.723,1750,2,1751,87,1750,2200,51322
09:56:18.628,1749,116,1751,87,1750,2200,51322
09:56:19.28,1750,3,1751,87,1750,2200,51322
09:56:19.224,1750,2,1751,87,1750,2200,51322
09:56:19.899,1749,116,1751,87,1750,2200,51322
09:56:20.479,1750,3,1751,87,1750,2200,51322
09:56:20.723,1750,2,1751,87,1750,2200,51322
09:56:21.223,1749,116,1751,87,1750,2200,51322
09:56:21.724,1750,3,1751,87,1750,2200,51322
09:56:22.223,1750,2,1751,87,1750,2200,51322
09:56:22.723,1749,116,1751,87,1750,2200,51322
09:56:23.223,1750,3,1751,87,1750,2200,51322
09:56:23.724,1750,2,1751,87,1750,2200,51322
09:56:24.223,1749,116,1751,87,1750,2200,51322
09:56:24.723,1750,3,1751,87,1750,2200,51322
09:56:25.361,1750,2,1751,87,1750,2200,51322
09:56:25.847,1749,116,1751,87,1750,2200,51322
09:56:26.224,1750,3,1751,87,1750,2200,51322
09:56:26.724,1750,2,1751,87,1750,2200,51322
09:56:27.223,1749,116,1751,87,1750,2200,51322
09:56:27.723,1750,3,1751,87,1750,2200,51322
09:56:28.223,1750,2,1751,87,1750,2200,51322
09:56:28.723,1749,116,1751,87,1750,2200,51322
09:56:29.223,1750,3,1751,87,1750,2200,51322
09:56:29.723,1750,2,1751,87,1750,2200,51322
09:56:30.223,1749,116,1751,87,1750,2200,51322
09:56:30.723,1750,3,1751,87,1750,2200,51322
09:56:31.224,1750,2,1751,87,1750,2200,51322
09:56:32.131,1749,116,1751,87,1750,2200,51322
09:56:32.472,1750,3,1751,87,1750,2200,51322
09:56:32.912,1750,2,1751,87,1750,2200,51322
09:56:33.224,1749,116,1751,87,1750,2200,51322
09:56:33.723,1750,3,1751,87,1750,2200,51322
09:56:34.223,1750,2,1751,87,1750,2200,51322
09:56:34.723,1749,116,1751,87,1750,2200,51322
09:56:35.641,1750,2,1751,87,1750,2200,51322
09:56:35.723,1749,116,1751,87,1750,2200,51322
09:56:36.294,1750,2,1751,87,1750,2200,51322
09:56:36.723,1749,116,1751,87,1750,2200,51322
09:56:37.224,1750,2,1751,87,1750,2200,51322
09:56:38.221,1749,13,1751,154,1750,2200,51322
09:56:38.470,1749,14,1750,12,1750,2200,51322
09:56:39.169,1749,18,1750,6,1750,2200,51322
09:56:40.53,1749,18,1750,5,1750,2202,51324
09:57:11.14,1749,18,1750,7,1750,2202,51324
09:57:12.972,1749,18,1750,8,1750,2202,51324
09:57:29.719,1749,18,1750,7,1750,2202,51324
09:57:45.223,1749,18,1750,6,1750,2204,51326
09:57:55.850,1749,17,1750,6,1750,2204,51326
09:58:02.199,1749,18,1750,6,1750,2204,51326
09:58:08.223,1749,20,1750,6,1750,2204,51326
09:58:21.221,1749,18,1750,6,1750,2204,51326
09:58:37.130,1749,20,1750,6,1750,2204,51326
09:58:40.720,1749,35,1750,6,1750,2204,51326
09:58:42.782,1749,36,1750,6,1750,2204,51326
09:58:44.720,1749,37,1750,6,1750,2204,51326
09:58:47.195,1749,47,1750,6,1750,2204,51326
09:58:52.51,1749,50,1750,6,1750,2204,51326
09:58:52.258,1749,53,1750,6,1750,2204,51326
09:58:53.166,1749,49,1750,6,1750,2204,51326
09:58:54.470,1749,47,1750,6,1750,2204,51326
09:59:05.825,1749,46,1750,5,1750,2206,51328
09:59:09.873,1749,45,1750,5,1750,2206,51328
09:59:10.905,1749,44,1750,5,1750,2206,51328
09:59:11.546,1749,43,1750,5,1750,2206,51328
09:59:12.124,1749,42,1750,5,1750,2206,51328
09:59:12.567,1749,40,1750,5,1750,2206,51328
09:59:12.952,1749,39,1750,5,1750,2206,51328
09:59:13.528,1749,38,1750,5,1750,2206,51328
09:59:14.824,1749,37,1750,5,1750,2206,51328
09:59:15.436,1749,36,1750,5,1750,2206,51328
09:59:16.309,1749,35,1750,5,1750,2206,51328
09:59:17.826,1749,34,1750,5,1750,2206,51328
09:59:18.470,1749,32,1750,5,1750,2206,51328
09:59:19.866,1749,31,1750,5,1750,2206,51328
09:59:21.73,1749,32,1750,5,1750,2206,51328
09:59:22.668,1749,52,1750,5,1750,2206,51328
09:59:24.613,1749,47,1750,5,1750,2206,51328
09:59:26.846,1749,48,1750,5,1750,2206,51328
09:59:36.598,1749,49,1750,5,1750,2206,51328
09:59:39.28,1749,46,1750,5,1750,2206,51328
09:59:39.984,1749,43,1750,1,1750,2214,51334
09:59:40.422,1749,44,1750,1,1750,2214,51334
09:59:45.553,1749,43,1750,1,1750,2214,51334
09:59:57.603,1749,39,1750,1,1750,2214,51334
10:00:01.221,1749,59,1750,1,1750,2214,51334
10:00:04.160,1749,64,1750,1,1750,2214,51334
10:00:06.363,1749,69,1750,1,1750,2214,51334
10:00:08.36,1749,72,1750,1,1750,2214,51334
10:00:17.434,1749,71,1750,1,1750,2214,51334
10:00:18.473,1749,56,1750,1,1750,2214,51334
10:00:22.672,1749,56,1751,89,1750,2216,51336
10:00:25.515,1749,54,1751,89,1750,2216,51336
10:00:27.59,1749,51,1751,89,1750,2216,51336
10:00:28.55,1749,50,1751,89,1750,2216,51336
10:00:36.220,1749,17,1751,156,1750,2216,51336
10:00:36.720,1749,13,1750,9,1750,2216,51336
10:00:36.949,1749,17,1750,9,1750,2216,51336
10:00:39.192,1749,14,1750,9,1750,2216,51336
10:00:39.548,1749,11,1750,9,1750,2216,51336
10:00:40.471,1749,11,1750,6,1750,2216,51336
10:00:41.665,1749,11,1750,8,1750,2216,51336
10:00:41.886,1749,8,1750,8,1750,2216,51336
10:00:43.815,1749,8,1750,9,1750,2216,51336
10:00:54.763,1749,8,1750,10,1750,2216,51336
10:01:05.223,1749,4,1750,10,1750,2216,51336
10:01:27.297,1749,4,1750,11,1750,2216,51336
10:01:35.970,1749,98,1750,11,1750,2216,51336
10:01:36.278,1749,102,1750,10,1750,2216,51336
10:01:40.595,1749,102,1750,9,1750,2216,51336
10:01:44.729,1749,96,1750,9,1750,2216,51336
10:01:51.53,1749,92,1750,9,1749,2226,51332
10:01:51.270,1749,94,1750,9,1749,2226,51332
10:01:58.331,1749,84,1750,9,1749,2226,51332
10:02:03.990,1749,69,1750,9,1749,2226,51332
10:02:06.971,1749,67,1750,9,1749,2226,51332
10:02:07.232,1749,67,1750,10,1749,2226,51332
10:02:16.527,1749,70,1750,10,1749,2226,51332
10:02:28.237,1749,68,1750,10,1749,2226,51332
10:02:29.165,1749,88,1750,10,1749,2226,51332
10:02:35.350,1749,68,1750,10,1749,2226,51332
10:02:35.856,1749,65,1750,10,1749,2226,51332
10:02:41.230,1749,64,1750,10,1749,2226,51332
10:02:44.891,1749,68,1750,10,1749,2226,51332
10:02:54.476,1749,83,1750,10,1749,2226,51332
10:02:55.551,1749,100,1750,10,1749,2226,51332
10:03:38.470,1749,48,1750,10,1749,2226,51332
10:03:41.807,1749,28,1750,10,1749,2226,51332
10:03:44.336,1749,27,1750,10,1749,2226,51332
10:03:53.990,1749,47,1750,10,1749,2226,51332
10:03:57.724,1749,67,1750,10,1749,2226,51332
10:04:17.755,1749,100,1750,10,1749,2226,51332
10:04:43.217,1749,103,1750,10,1749,2226,51332
10:04:43.362,1749,106,1750,10,1749,2226,51332
10:05:53.957,1749,103,1750,10,1749,2226,51332
10:06:13.724,1749,103,1750,11,1749,2226,51332
10:06:23.130,1749,99,1750,11,1749,2228,51334
10:06:39.452,1749,99,1750,21,1749,2228,51334
10:06:51.11,1749,99,1750,26,1749,2228,51334
10:08:51.13,1749,99,1750,25,1750,2230,51336
10:09:01.310,1749,99,1750,23,1750,2230,51336
10:09:56.918,1749,99,1750,24,1750,2230,51336
10:13:17.466,1749,100,1750,24,1750,2230,51336
10:13:51.304,1749,100,1750,22,1750,2230,51336
10:13:53.171,1749,100,1750,20,1750,2230,51336
10:13:53.531,1749,100,1750,21,1750,2230,51336
10:14:45.213,1749,100,1750,20,1750,2230,51336
10:14:55.220,1749,100,1750,19,1750,2230,51336
10:30:00.691,1749,103,1750,19,1750,2230,51336
10:30:00.907,1749,103,1750,13,1750,2242,51344
10:30:07.112,1749,105,1750,13,1750,2242,51344
10:30:23.273,1749,105,1750,12,1750,2244,51346
10:30:35.405,1749,105,1750,13,1750,2244,51346
10:31:22.187,1749,107,1750,13,1750,2244,51346
10:31:50.469,1749,13,1750,13,1750,2244,51346
10:31:50.969,1749,11,1750,15,1750,2244,51346
10:31:51.471,1749,23,1750,15,1750,2244,51346
10:31:52.219,1749,31,1750,15,1750,2244,51346
10:31:52.221,1749,37,1750,12,1750,2250,51352
10:31:56.479,1749,107,1750,12,1750,2250,51352
10:31:56.763,1749,107,1750,10,1750,2250,51352
10:31:59.547,1749,110,1750,10,1750,2250,51352
10:33:07.846,1749,110,1750,14,1750,2250,51352
10:33:49.183,1749,111,1750,14,1750,2250,51352
10:33:50.230,1749,111,1750,10,1750,2250,51352
10:34:13.588,1749,111,1750,9,1750,2252,51354
10:34:27.838,1749,112,1750,9,1750,2252,51354
10:34:53.722,1750,11,1751,122,1750,2270,51358
10:34:53.971,1750,11,1751,118,1750,2270,51358
10:35:03.219,1750,8,1751,118,1750,2276,51358
10:35:30.79,1750,8,1751,117,1751,2278,51358
10:35:35.9,1750,8,1751,114,1751,2278,51358
10:36:39.74,1750,8,1751,113,1751,2280,51358
10:36:42.224,1750,8,1751,123,1751,2280,51358
10:36:42.972,1750,8,1751,113,1751,2280,51358
10:36:44.719,1750,8,1751,117,1751,2280,51358
10:37:28.665,1750,5,1751,117,1750,2286,51358
10:38:15.409,1750,5,1751,87,1750,2286,51358
10:38:50.446,1750,10,1751,87,1750,2286,51358
10:39:36.791,1750,11,1751,87,1750,2286,51358
10:40:10.717,1750,11,1751,88,1750,2286,51358
10:40:51.83,1750,10,1751,88,1750,2286,51358
10:41:24.470,1750,11,1751,88,1750,2286,51358
10:41:24.724,1750,10,1751,88,1750,2286,51358
10:41:25.224,1750,11,1751,88,1750,2286,51358
10:41:25.723,1750,10,1751,88,1750,2286,51358
10:41:26.224,1750,11,1751,88,1750,2286,51358
10:41:26.724,1750,10,1751,88,1750,2286,51358
10:41:27.223,1750,11,1751,88,1750,2286,51358
10:41:27.723,1750,10,1751,88,1750,2286,51358
10:41:28.224,1750,11,1751,88,1750,2286,51358
10:41:28.724,1750,10,1751,88,1750,2286,51358
10:41:29.224,1750,11,1751,88,1750,2286,51358
10:41:29.723,1750,10,1751,88,1750,2286,51358
10:41:30.223,1750,11,1751,88,1750,2286,51358
10:41:30.724,1750,10,1751,88,1750,2286,51358
10:41:31.224,1750,11,1751,88,1750,2286,51358
10:41:31.723,1750,10,1751,88,1750,2286,51358
10:42:06.658,1750,11,1751,88,1750,2286,51358
10:42:41.223,1750,14,1751,88,1750,2286,51358
10:42:46.259,1750,13,1751,88,1750,2288,51358
10:43:02.471,1750,10,1751,88,1750,2288,51358
10:43:09.409,1750,13,1751,88,1750,2288,51358
10:43:14.923,1750,13,1751,83,1751,2298,51358
10:43:26.132,1750,13,1751,165,1751,2298,51358
10:43:38.790,1750,13,1751,83,1751,2298,51358
10:43:54.970,1749,122,1751,83,1750,2324,51358
10:43:55.224,1750,11,1751,83,1750,2324,51358
10:43:56.909,1750,12,1751,83,1750,2324,51358
10:44:13.583,1750,10,1751,81,1751,2328,51356
10:44:21.44,1750,12,1751,81,1751,2328,51356
10:44:43.693,1750,11,1751,80,1751,2330,51356
10:44:46.724,1750,11,1751,78,1751,2330,51356
10:44:54.25,1750,9,1751,78,1750,2334,51356
10:45:09.864,1749,117,1751,78,1750,2352,51342
10:45:10.223,1749,119,1751,78,1750,2352,51342
10:45:13.692,1749,117,1751,78,1750,2352,51342
10:45:24.354,1749,118,1751,78,1750,2352,51342
10:45:33.88,1749,121,1751,78,1750,2352,51342
10:45:33.429,1749,124,1751,78,1750,2352,51342
10:45:34.541,1749,127,1751,78,1750,2352,51342
10:45:52.648,1749,127,1751,80,1750,2352,51342
10:46:38.927,1750,5,1751,80,1750,2352,51342
10:50:01.820,1749,102,1751,80,1750,2362,51342
10:50:04.291,1749,101,1751,80,1750,2362,51342
10:50:11.950,1749,101,1751,81,1750,2362,51342
10:50:22.921,1749,129,1751,81,1750,2362,51342
10:50:23.276,1749,130,1751,81,1750,2362,51342
10:50:41.858,1749,133,1751,81,1750,2362,51342
10:50:51.748,1749,134,1751,81,1750,2362,51342
10:50:52.899,1749,154,1751,81,1750,2362,51342
10:50:57.200,1749,151,1751,81,1750,2362,51342
10:50:57.905,1749,131,1751,81,1750,2362,51342
10:51:25.222,1749,146,1751,81,1750,2362,51342
10:51:50.162,1749,128,1751,81,1750,2362,51342
10:51:56.264,1749,143,1751,81,1750,2362,51342
10:51:57.165,1749,144,1751,81,1750,2362,51342
10:52:12.470,1749,128,1751,81,1750,2362,51342
10:52:24.723,1749,143,1751,81,1750,2362,51342
10:52:25.223,1749,144,1751,81,1750,2362,51342
10:52:31.764,1750,2,1751,81,1750,2362,51342
10:52:32.971,1750,12,1751,81,1750,2362,51342
10:52:40.631,1750,13,1751,81,1750,2362,51342
10:52:53.237,1750,13,1751,80,1750,2362,51342
10:53:00.191,1749,144,1751,80,1750,2388,51338
10:53:00.667,1750,4,1751,80,1750,2388,51338
10:53:59.763,1750,4,1751,79,1750,2388,51338
10:54:40.152,1750,5,1751,79,1750,2388,51338
10:54:44.175,1750,4,1751,79,1750,2388,51338
10:55:00.970,1750,5,1751,79,1750,2388,51338
10:55:59.154,1749,142,1751,79,1750,2408,51338
10:55:59.591,1750,10,1751,79,1750,2408,51338
10:56:30.263,1749,128,1751,79,1750,2408,51338
10:56:45.535,1750,62,1751,79,1750,2408,51338
10:56:49.262,1750,70,1751,79,1750,2408,51338
10:57:02.15,1750,69,1751,79,1750,2410,51340
10:57:03.739,1750,70,1751,79,1750,2410,51340
10:57:14.219,1750,164,1751,79,1750,2410,51340
10:57:14.330,1750,157,1751,79,1750,2410,51340
10:57:15.722,1750,158,1751,79,1750,2410,51340
10:57:17.806,1750,161,1751,79,1750,2410,51340
10:57:18.240,1750,164,1751,79,1750,2410,51340
10:57:20.768,1750,163,1751,79,1750,2410,51340
10:57:21.530,1750,171,1751,79,1750,2410,51340
10:57:27.648,1750,168,1751,65,1751,2438,51344
10:57:28.178,1750,168,1751,64,1751,2438,51344
10:57:30.561,1750,168,1751,63,1751,2440,51346
10:57:35.719,1750,157,1751,63,1751,2440,51346
10:57:39.368,1750,158,1751,63,1751,2440,51346
10:57:42.120,1750,159,1751,63,1751,2440,51346
10:57:45.405,1750,159,1751,60,1751,2446,51352
10:57:46.563,1750,160,1751,60,1751,2446,51352
10:57:47.170,1750,161,1751,60,1751,2446,51352
10:57:47.717,1750,162,1751,60,1751,2446,51352
10:57:55.626,1750,163,1751,60,1751,2446,51352
10:57:58.202,1750,169,1751,60,1751,2446,51352
10:58:07.220,1750,75,1751,60,1751,2446,51352
10:58:07.604,1750,61,1751,68,1750,2458,51364
10:58:07.765,1750,69,1751,68,1750,2458,51364
10:58:18.762,1750,61,1751,68,1750,2458,51364
10:58:31.956,1750,58,1751,68,1750,2458,51364
10:58:32.299,1750,55,1751,68,1750,2458,51364
10:58:47.469,1750,63,1751,68,1750,2458,51364
10:58:47.764,1750,55,1751,68,1750,2458,51364
10:59:21.263,1750,63,1751,60,1750,2458,51364
10:59:31.763,1750,55,1751,68,1750,2458,51364
10:59:41.786,1750,59,1751,68,1750,2458,51364
10:59:50.303,1750,59,1751,69,1750,2458,51364
10:59:51.395,1750,62,1751,69,1750,2458,51364
11:00:14.696,1750,69,1751,69,1750,2458,51364
11:00:18.845,1750,62,1751,69,1750,2458,51364
11:00:21.764,1750,70,1751,69,1750,2458,51364
11:00:55.763,1750,62,1751,69,1750,2458,51364
11:00:58.762,1750,70,1751,69,1750,2458,51364
11:02:29.220,1750,129,1751,69,1750,2458,51364
11:02:29.470,1750,166,1751,61,1750,2458,51364
11:02:40.719,1750,72,1751,61,1750,2458,51364
11:02:40.767,1750,72,1751,69,1750,2458,51364
11:02:42.265,1750,72,1751,61,1750,2458,51364
11:02:47.218,1750,166,1751,61,1750,2458,51364
11:02:47.718,1750,72,1751,61,1750,2458,51364
11:02:50.262,1750,72,1751,69,1750,2458,51364
11:03:00.494,1750,72,1751,61,1750,2458,51364
11:03:18.265,1750,72,1751,69,1750,2458,51364
11:03:24.162,1750,72,1751,68,1751,2460,51366
11:03:26.417,1750,72,1751,67,1751,2462,51368
11:03:28.762,1750,72,1751,59,1751,2462,51368
11:03:29.266,1750,72,1751,67,1751,2462,51368
11:03:29.736,1750,72,1751,66,1751,2464,51370
11:03:32.631,1750,72,1751,65,1751,2466,51372
11:03:37.761,1750,72,1751,57,1751,2466,51372
11:03:38.267,1750,72,1751,65,1751,2466,51372
11:03:52.243,1750,71,1751,65,1751,2466,51372
11:04:15.23,1750,71,1751,64,1751,2468,51374
11:04:18.695,1750,70,1751,64,1751,2468,51374
11:04:31.857,1750,71,1751,64,1751,2468,51374
11:04:35.229,1750,71,1751,63,1751,2470,51376
11:04:54.718,1750,165,1751,63,1751,2470,51376
11:04:55.205,1750,165,1751,55,1751,2470,51376
11:04:56.218,1750,71,1751,55,1751,2470,51376
11:04:56.454,1750,71,1751,63,1751,2470,51376
11:05:01.582,1750,72,1751,63,1751,2470,51376
11:05:10.219,1750,76,1751,63,1751,2470,51376
11:05:11.70,1750,77,1751,63,1751,2470,51376
11:05:13.936,1750,76,1751,63,1751,2470,51376
11:05:28.262,1750,68,1751,63,1751,2470,51376
11:05:38.636,1750,69,1751,63,1751,2470,51376
11:05:38.886,1750,69,1751,64,1751,2470,51376
11:05:48.266,1750,77,1751,64,1751,2470,51376
11:06:06.581,1750,78,1751,64,1751,2470,51376
11:06:10.468,1750,79,1751,64,1751,2470,51376
11:06:16.924,1750,79,1751,65,1751,2470,51376
11:06:43.722,1750,80,1751,65,1751,2470,51376
11:06:46.963,1750,79,1751,65,1751,2470,51376
11:06:49.620,1750,80,1751,65,1751,2470,51376
11:06:54.631,1750,81,1751,65,1751,2470,51376
11:06:57.175,1750,81,1751,63,1751,2470,51376
11:06:57.263,1750,81,1751,55,1751,2470,51376
11:06:58.470,1750,81,1751,53,1751,2474,51380
11:07:02.185,1750,81,1751,51,1751,2478,51384
11:07:02.777,1750,90,1751,51,1751,2478,51384
11:07:03.484,1750,89,1751,50,1751,2480,51386
11:07:06.970,1750,88,1751,49,1751,2482,51388
11:07:07.470,1750,86,1751,47,1751,2486,51392
11:07:08.160,1750,83,1751,44,1751,2492,51398
11:07:10.104,1750,81,1751,42,1751,2496,51402
11:07:10.469,1750,79,1751,40,1751,2500,51406
11:07:10.765,1750,74,1751,35,1751,2510,51416
11:07:11.469,1750,75,1751,35,1751,2510,51416
11:07:13.219,1750,157,1751,35,1751,2510,51416
11:07:13.719,1750,169,1751,35,1751,2510,51416
11:07:18.219,1751,15,1752,186,1751,2580,51478
11:07:18.261,1751,15,1752,194,1751,2580,51478
11:07:41.150,1751,14,1752,194,1751,2582,51478
11:07:51.719,1751,15,1752,194,1751,2582,51478
11:07:53.849,1751,16,1752,194,1751,2582,51478
11:07:57.528,1751,15,1752,194,1751,2582,51478
11:08:00.388,1751,15,1752,178,1752,2614,51510
11:08:19.714,1751,14,1752,144,1752,2682,51578
11:08:37.942,1751,13,1752,144,1751,2684,51578
11:08:38.424,1751,15,1752,144,1751,2684,51578
11:08:39.623,1751,17,1752,144,1751,2684,51578
11:08:40.611,1751,19,1752,144,1751,2684,51578
11:08:42.575,1751,21,1752,144,1751,2684,51578
11:08:43.980,1751,23,1752,144,1751,2684,51578
11:08:46.617,1751,30,1752,137,1752,2698,51592
11:08:48.145,1751,22,1752,129,1752,2714,51598
11:08:48.718,1751,21,1752,128,1752,2716,51600
11:08:56.177,1751,20,1752,127,1752,2718,51602
11:08:58.560,1751,19,1752,126,1752,2720,51604
11:08:58.769,1751,17,1752,124,1752,2724,51608
11:09:00.173,1751,17,1752,123,1752,2724,51608
11:09:01.219,1751,19,1752,123,1752,2724,51608
11:09:02.991,1751,21,1752,123,1752,2724,51608
11:09:24.965,1751,20,1752,123,1752,2724,51608
11:09:31.918,1751,22,1752,123,1752,2724,51608
11:09:33.44,1751,24,1752,123,1752,2724,51608
11:09:37.252,1751,24,1752,124,1752,2724,51608
11:09:47.266,1751,25,1752,124,1752,2724,51608
11:09:51.551,1751,30,1752,124,1752,2724,51608
11:10:14.989,1751,29,1752,124,1752,2724,51608
11:10:30.280,1751,19,1752,114,1752,2744,51608
11:10:55.879,1751,16,1752,114,1751,2750,51608
11:11:19.531,1751,15,1752,114,1751,2750,51608
11:12:13.817,1751,15,1752,111,1752,2756,51614
11:12:53.330,1751,15,1752,110,1752,2756,51614
11:13:15.598,1751,15,1752,112,1752,2756,51614
11:13:40.831,1751,13,1752,112,1752,2756,51614
11:13:48.678,1751,13,1752,117,1752,2756,51614
11:14:24.170,1751,15,1752,117,1752,2756,51614
11:15:12.969,1751,3,1752,117,1751,2786,51614
11:16:18.969,1750,185,1752,117,1751,2786,51614
11:16:19.384,1750,182,1752,117,1751,2786,51614
11:16:19.722,1750,184,1752,117,1751,2786,51614
11:16:27.618,1750,185,1752,117,1751,2786,51614
11:16:28.154,1750,187,1752,117,1751,2786,51614
11:16:30.75,1750,188,1752,117,1751,2786,51614
11:16:30.538,1750,190,1752,117,1751,2786,51614
11:16:30.770,1750,191,1752,117,1751,2786,51614
11:16:57.616,1751,10,1752,117,1751,2786,51614
11:16:58.848,1750,191,1752,117,1751,2786,51614
11:17:01.152,1750,192,1752,117,1751,2786,51614
11:17:08.681,1750,192,1752,116,1752,2788,51616
11:17:09.869,1751,2,1752,116,1752,2788,51616
11:17:27.179,1751,1,1752,116,1752,2788,51616
11:17:35.877,1751,1,1752,110,1752,2800,51628
11:18:45.219,1750,199,1751,26,1751,2808,51622
11:19:05.150,1750,189,1751,26,1751,2808,51622
11:19:20.151,1750,189,1751,25,1751,2810,51622
11:19:41.218,1750,95,1751,25,1751,2810,51622
11:19:41.768,1750,95,1751,33,1751,2810,51622
11:20:01.968,1750,96,1751,33,1751,2810,51622
11:20:02.267,1750,96,1751,25,1751,2810,51622
11:20:05.219,1751,5,1752,151,1751,2860,51622
11:20:05.719,1751,5,1752,156,1751,2860,51622
11:20:05.968,1751,5,1752,151,1751,2860,51622
11:20:07.151,1751,4,1752,151,1751,2862,51622
11:20:08.221,1751,4,1752,139,1751,2862,51622
11:20:10.705,1751,4,1752,141,1751,2862,51622
11:20:14.601,1751,4,1752,146,1751,2862,51622
11:20:16.337,1751,4,1752,148,1751,2862,51622
11:20:19.116,1751,4,1752,144,1752,2870,51626
11:20:22.622,1751,4,1752,143,1752,2870,51626
11:20:25.391,1751,4,1752,148,1752,2870,51626
11:20:29.677,1751,4,1752,118,1752,2870,51626
11:20:35.468,1751,4,1752,128,1752,2870,51626
11:20:36.89,1751,4,1752,118,1752,2870,51626
11:20:37.592,1751,4,1752,170,1752,2870,51626
11:20:38.218,1750,96,1751,4,1751,2878,51634
11:20:47.727,1750,95,1751,4,1751,2878,51634
11:20:48.612,1750,42,1751,4,1751,2878,51634
11:20:54.896,1750,42,1751,3,1751,2880,51636
11:21:01.324,1750,29,1751,3,1750,2906,51636
11:21:04.169,1750,29,1751,2,1751,2908,51638
11:21:06.512,1750,28,1751,1,1751,2910,51640
11:21:16.703,1750,30,1751,1,1751,2910,51640
11:21:18.174,1750,32,1751,1,1751,2910,51640
11:21:18.398,1750,33,1751,1,1751,2910,51640
11:21:18.886,1750,34,1751,1,1751,2910,51640
11:21:19.495,1750,35,1751,1,1751,2910,51640
11:21:20.29,1750,37,1751,1,1751,2910,51640
11:21:33.163,1750,60,1751,1,1751,2910,51640
11:21:34.791,1750,58,1751,1,1751,2910,51640
11:21:49.55,1750,58,1751,8,1751,2910,51640
11:22:00.946,1750,58,1751,9,1751,2910,51640
11:22:04.944,1750,35,1751,9,1751,2910,51640
11:22:23.471,1751,14,1752,185,1751,2928,51644
11:22:24.22,1751,9,1752,170,1751,2938,51644
11:22:24.263,1751,9,1752,162,1751,2938,51644
11:23:39.444,1751,8,1752,162,1751,2940,51644
11:24:01.815,1751,8,1752,163,1751,2940,51644
11:24:07.753,1751,3,1752,163,1751,2950,51644
11:24:38.462,1751,3,1752,164,1751,2950,51644
11:24:53.4,1751,2,1752,164,1751,2952,51644
11:25:32.208,1751,1,1752,164,1751,2954,51646
11:25:56.467,1750,43,1752,96,1751,2956,51646
11:25:56.972,1750,43,1752,111,1751,2956,51646
11:25:59.788,1750,33,1752,111,1751,2976,51646
11:26:07.825,1750,33,1752,110,1751,2976,51646
11:26:11.718,1750,24,1751,59,1751,2976,51646
11:26:33.505,1750,24,1752,111,1751,2996,51656
11:26:35.970,1750,33,1752,111,1751,2996,51656
11:26:42.164,1750,33,1752,111,1751,3016,51672
11:26:44.351,1750,34,1752,111,1751,3016,51672
11:26:47.187,1750,36,1752,111,1751,3016,51672
11:26:55.672,1750,36,1752,112,1751,3016,51672
11:27:01.98,1750,36,1751,40,1751,3016,51672
11:27:01.222,1750,27,1751,40,1751,3016,51672
11:27:02.79,1750,26,1751,40,1751,3016,51672
11:27:07.545,1750,22,1751,46,1751,3016,51672
11:27:13.67,1750,20,1751,46,1751,3016,51672
11:27:25.15,1750,20,1751,40,1751,3016,51672
11:27:27.980,1750,19,1751,40,1750,3018,51672
11:27:28.265,1750,19,1751,41,1750,3018,51672
11:27:53.816,1750,19,1751,46,1750,3018,51672
11:27:56.471,1750,19,1751,49,1750,3018,51672
11:28:26.982,1750,9,1751,49,1750,3038,51664
11:28:27.270,1750,12,1751,49,1750,3038,51664
11:28:46.566,1750,12,1751,50,1750,3038,51664
11:28:57.218,1750,12,1751,42,1750,3038,51664
11:28:59.485,1750,13,1751,42,1750,3038,51664
11:29:11.644,1750,12,1751,42,1750,3038,51664
11:29:29.217,1750,12,1751,41,1750,3038,51664
11:29:45.578,1750,12,1752,118,1751,3042,51666
11:29:45.766,1750,12,1751,41,1751,3042,51666
11:29:50.252,1750,13,1751,41,1751,3042,51666
11:29:51.574,1750,13,1752,118,1751,3046,51666
11:29:55.695,1750,13,1751,40,1751,3046,51666
11:29:57.595,1750,13,1752,118,1751,3050,51668
11:29:58.939,1750,13,1752,103,1751,3050,51668
13:30:00.705,1750,12,1752,103,1751,3054,51668
13:30:01.113,1750,9,1752,103,1751,3054,51668
13:30:01.567,1750,20,1752,103,1751,3054,51668
13:30:03.259,1750,30,1752,103,1751,3054,51668
13:30:04.713,1750,30,1752,95,1751,3054,51668
13:30:05.566,1750,30,1752,103,1751,3054,51668
13:30:07.168,1750,30,1751,40,1751,3054,51668
13:30:07.656,1750,30,1751,41,1751,3054,51668
13:30:08.59,1750,30,1751,40,1751,3054,51668
13:30:08.726,1750,28,1751,40,1750,3058,51668
13:30:09.493,1750,29,1751,40,1750,3058,51668
13:30:10.575,1750,29,1751,43,1750,3058,51668
13:30:18.433,1750,29,1751,50,1750,3058,51668
13:30:39.72,1750,29,1752,105,1751,3078,51658
13:30:39.213,1750,29,1752,106,1751,3078,51658
13:30:41.690,1750,38,1752,106,1751,3078,51658
13:30:47.478,1750,38,1752,107,1751,3078,51658
13:30:49.821,1750,38,1752,107,1751,3082,51658
13:30:50.708,1750,39,1752,107,1751,3082,51658
13:31:01.274,1750,39,1752,113,1751,3082,51658
13:31:07.213,1750,41,1752,113,1751,3082,51658
13:31:50.646,1750,41,1752,119,1751,3082,51658
13:32:05.522,1750,61,1752,119,1751,3082,51658
13:32:07.589,1750,61,1752,113,1751,3082,51658
13:32:15.355,1750,60,1752,113,1750,3084,51658
13:32:17.79,1750,59,1752,113,1750,3086,51658
13:32:18.800,1750,57,1752,113,1750,3090,51658
13:32:20.675,1750,55,1752,116,1750,3094,51658
13:32:22.185,1750,55,1752,115,1750,3094,51658
13:32:32.159,1750,55,1752,115,1751,3096,51658
13:32:38.517,1750,55,1752,116,1751,3096,51658
13:32:39.606,1750,55,1752,122,1751,3096,51658
13:32:44.131,1750,65,1752,122,1751,3096,51658
13:33:36.377,1750,80,1752,113,1751,3096,51658
13:33:38.966,1750,80,1751,32,1751,3096,51658
13:33:39.215,1750,71,1751,32,1751,3096,51658
13:33:54.372,1750,64,1751,32,1751,3096,51658
13:33:57.49,1750,64,1752,112,1751,3110,51658
13:33:57.212,1750,64,1752,113,1751,3110,51658
13:34:00.664,1750,65,1752,115,1751,3110,51658
13:34:04.789,1750,56,1752,115,1751,3110,51658
13:34:10.123,1750,56,1752,116,1751,3110,51658
13:34:12.922,1750,56,1752,115,1751,3110,51658
13:34:18.617,1750,56,1752,114,1751,3110,51658
13:34:28.8,1750,56,1751,26,1751,3110,51658
13:34:28.410,1750,55,1751,26,1750,3112,51658
13:34:43.848,1750,55,1751,126,1750,3112,51658
13:34:46.452,1750,35,1751,126,1750,3112,51658
13:34:52.400,1750,35,1751,226,1750,3112,51658
13:34:57.238,1750,35,1751,256,1750,3112,51658
13:35:12.983,1750,35,1751,356,1750,3112,51658
13:35:23.410,1750,34,1751,356,1750,3114,51660
13:35:43.701,1750,34,1751,456,1750,3114,51660
13:35:51.714,1750,32,1751,456,1750,3114,51660
13:36:11.255,1750,32,1751,556,1750,3114,51660
13:36:16.981,1750,52,1751,556,1750,3114,51660
13:36:17.645,1750,52,1751,561,1750,3114,51660
13:36:33.804,1750,52,1751,566,1750,3114,51660
13:36:37.327,1750,51,1751,566,1750,3116,51660
13:36:54.219,1750,51,1751,546,1751,3156,51698
13:38:08.919,1750,51,1751,545,1751,3158,51700
13:38:26.106,1750,41,1751,545,1751,3158,51700
13:38:26.253,1750,51,1751,545,1751,3158,51700
13:38:43.714,1750,47,1751,545,1750,3166,51700
13:39:37.252,1750,37,1751,545,1750,3166,51700
13:41:07.961,1750,37,1751,510,1751,3236,51770
13:42:05.392,1750,37,1751,509,1751,3238,51772
13:43:11.814,1750,47,1751,509,1751,3238,51772
13:43:29.964,1750,67,1751,484,1751,3238,51772
13:43:30.254,1750,69,1751,484,1751,3238,51772
13:43:32.964,1750,69,1751,454,1751,3238,51772
13:43:35.49,1750,49,1751,479,1751,3238,51772
13:43:35.255,1750,37,1751,479,1751,3238,51772
13:43:47.814,1750,37,1751,499,1751,3238,51772
13:43:49.836,1750,37,1751,498,1751,3240,51774
13:43:54.818,1750,39,1751,498,1751,3240,51774
13:43:58.807,1750,40,1751,498,1751,3240,51774
13:44:03.74,1750,41,1751,498,1751,3240,51774
13:46:19.976,1750,41,1751,496,1751,3244,51778
13:46:30.183,1750,41,1751,493,1751,3250,51784
13:46:56.727,1750,51,1751,493,1751,3250,51784
13:47:19.465,1750,54,1751,493,1751,3250,51784
13:47:51.235,1750,53,1751,493,1750,3252,51786
13:47:59.755,1750,54,1751,493,1750,3252,51786
13:48:02.925,1750,54,1751,473,1750,3252,51786
13:48:37.989,1750,56,1751,473,1750,3252,51786
13:49:04.576,1750,54,1751,473,1750,3252,51786
13:49:27.445,1750,55,1751,473,1750,3252,51786
13:49:34.841,1750,54,1751,473,1750,3252,51786
13:49:35.576,1750,53,1751,473,1750,3252,51786
13:49:36.994,1750,52,1751,473,1750,3252,51786
13:49:39.38,1750,51,1751,473,1750,3252,51786
13:50:16.211,1750,53,1751,473,1750,3252,51786
13:50:49.363,1750,52,1751,473,1750,3252,51786
13:51:26.291,1750,51,1751,473,1750,3252,51786
13:51:26.711,1750,53,1751,473,1750,3252,51786
13:51:28.566,1750,52,1751,473,1750,3252,51786
13:51:34.110,1750,51,1751,473,1750,3252,51786
13:51:45.752,1750,61,1751,473,1750,3252,51786
13:51:57.659,1750,61,1751,448,1750,3252,51786
13:51:58.36,1750,83,1751,448,1750,3252,51786
13:51:58.307,1750,85,1751,448,1750,3252,51786
13:52:01.102,1750,60,1751,448,1750,3302,51786
13:53:34.190,1750,61,1751,448,1750,3302,51786
13:55:06.58,1750,62,1751,448,1750,3302,51786
13:55:26.685,1750,63,1751,448,1750,3302,51786
13:55:27.699,1750,63,1751,413,1751,3372,51856
13:55:28.101,1750,63,1751,415,1751,3372,51856
13:56:09.834,1750,63,1751,413,1751,3376,51860
13:56:50.358,1750,64,1751,413,1751,3376,51860
13:57:05.579,1750,42,1751,438,1751,3376,51860
13:57:05.753,1750,30,1751,438,1751,3376,51860
13:57:12.658,1750,28,1751,438,1751,3376,51860
13:57:18.964,1750,50,1751,413,1751,3376,51860
13:57:21.533,1750,29,1751,413,1751,3376,51860
13:57:22.210,1750,28,1751,413,1751,3376,51860
13:57:22.715,1750,42,1751,413,1751,3376,51860
13:57:27.464,1750,50,1751,413,1751,3376,51860
13:57:48.521,1750,50,1751,414,1751,3376,51860
13:57:55.116,1750,50,1751,413,1751,3376,51860
13:58:22.112,1750,52,1751,413,1751,3376,51860
13:58:43.805,1750,54,1751,413,1751,3376,51860
13:59:07.151,1750,54,1751,411,1751,3376,51860
13:59:42.211,1750,52,1751,411,1751,3376,51860
13:59:53.775,1750,54,1751,411,1751,3376,51860
14:00:06.640,1750,65,1751,405,1751,3388,51860
14:00:07.622,1750,66,1751,405,1751,3388,51860
14:00:29.909,1750,76,1751,405,1751,3388,51860
14:00:49.678,1750,76,1751,403,1751,3392,51864
14:00:50.93,1750,76,1751,402,1751,3394,51866
14:00:52.123,1750,76,1751,395,1751,3408,51880
14:00:52.343,1750,75,1751,386,1751,3426,51898
14:01:05.586,1750,76,1751,386,1751,3426,51898
14:01:06.38,1750,78,1751,386,1751,3426,51898
14:01:06.840,1750,75,1751,383,1751,3432,51904
14:01:13.642,1750,74,1751,383,1751,3432,51904
14:01:21.715,1750,74,1751,384,1751,3432,51904
14:01:23.301,1750,62,1751,384,1751,3432,51904
14:01:27.571,1750,62,1751,383,1751,3434,51904
14:01:49.919,1750,63,1751,382,1751,3436,51906
14:02:17.966,1750,62,1751,363,1751,3474,51944
14:02:47.597,1750,64,1751,363,1751,3474,51944
14:03:08.581,1750,76,1751,363,1751,3474,51944
14:03:13.678,1750,54,1751,341,1751,3518,51966
14:03:13.788,1750,155,1751,341,1751,3518,51966
14:03:18.977,1750,156,1751,341,1751,3518,51966
14:03:29.982,1750,54,1751,341,1751,3518,51966
14:03:31.120,1750,52,1751,341,1751,3518,51966
14:03:31.329,1750,42,1751,341,1751,3518,51966
14:03:55.822,1750,42,1751,340,1751,3520,51968
14:04:06.169,1750,42,1751,240,1751,3520,51968
14:04:07.560,1750,45,1751,240,1751,3520,51968
14:04:08.469,1750,57,1751,240,1751,3520,51968
14:04:23.477,1750,67,1751,240,1751,3520,51968
14:04:45.754,1750,57,1751,240,1751,3520,51968
14:05:09.964,1750,57,1751,238,1751,3524,51972
14:05:29.964,1750,104,1751,238,1751,3524,51972
14:05:30.714,1750,91,1751,238,1751,3524,51972
14:05:31.435,1750,92,1751,238,1751,3524,51972
14:05:34.480,1750,77,1751,139,1751,3722,52148
14:05:37.965,1750,55,1751,139,1751,3722,52148
14:05:38.357,1750,43,1751,139,1751,3722,52148
14:05:46.331,1750,55,1751,139,1751,3722,52148
14:05:47.467,1750,69,1751,139,1751,3722,52148
14:05:47.964,1750,55,1751,139,1751,3722,52148
14:05:48.602,1750,53,1751,139,1751,3722,52148
14:05:49.654,1750,54,1751,139,1751,3722,52148
14:05:49.965,1750,54,1751,138,1751,3724,52150
14:05:59.649,1750,156,1751,138,1751,3724,52150
14:06:14.291,1750,171,1751,73,1751,3854,52280
14:06:18.580,1750,171,1751,71,1751,3858,52284
14:06:19.403,1750,171,1751,70,1751,3860,52286
14:06:21.966,1750,171,1751,69,1751,3862,52288
14:06:22.466,1750,171,1751,66,1751,3868,52294
14:06:23.528,1750,171,1751,65,1751,3870,52296
14:06:28.464,1750,171,1751,64,1751,3872,52298
14:06:30.278,1750,171,1751,44,1751,3912,52338
14:06:34.276,1750,171,1751,43,1751,3914,52340
14:06:44.339,1750,171,1752,112,1751,4000,52416
14:06:48.805,1750,159,1752,111,1751,4000,52416
14:06:54.622,1751,1,1752,111,1751,4000,52416
14:06:54.967,1751,1,1752,101,1751,4000,52416
14:07:04.440,1751,3,1752,101,1751,4000,52416
14:07:08.586,1751,1,1752,101,1751,4000,52416
14:07:23.510,1751,4,1752,101,1751,4000,52416
14:07:26.801,1751,5,1752,101,1751,4000,52416
14:07:35.364,1751,6,1752,101,1751,4000,52416
14:07:49.961,1751,1,1752,101,1751,4010,52416
14:07:53.111,1750,163,1752,101,1751,4020,52416
14:07:53.213,1750,165,1752,101,1751,4020,52416
14:07:56.467,1750,165,1752,111,1751,4020,52416
14:07:58.588,1750,165,1752,111,1751,4030,52416
14:08:05.363,1750,165,1752,111,1751,4040,52416
14:08:15.86,1750,165,1752,111,1751,4060,52416
14:08:24.682,1751,3,1752,111,1751,4060,52416
14:08:24.715,1751,3,1752,101,1751,4060,52416
14:08:42.208,1751,8,1752,101,1751,4060,52416
14:08:53.275,1751,9,1752,101,1751,4060,52416
14:09:10.6,1751,9,1752,106,1751,4060,52416
14:09:20.611,1751,9,1752,87,1752,4098,52454
14:09:21.164,1751,9,1752,86,1752,4100,52456
14:09:23.869,1751,14,1752,86,1752,4100,52456
14:09:46.704,1751,14,1752,65,1752,4142,52498
14:09:51.971,1751,17,1752,43,1752,4186,52542
14:09:53.444,1751,17,1752,23,1752,4226,52558
14:10:02.264,1751,22,1752,23,1752,4226,52558
14:10:03.701,1751,17,1752,18,1752,4236,52558
14:10:09.253,1751,29,1752,18,1752,4236,52558
14:10:29.123,1751,29,1752,19,1752,4236,52558
14:10:34.778,1750,178,1752,19,1751,4376,52524
14:10:35.252,1751,10,1752,29,1751,4376,52524
14:10:38.925,1751,10,1752,34,1751,4376,52524
14:10:49.909,1751,10,1752,34,1751,4416,52524
14:11:01.97,1751,13,1752,34,1751,4416,52524
14:11:07.81,1751,12,1752,34,1751,4418,52524
14:11:32.393,1751,3,1752,34,1751,4418,52524
14:11:38.746,1751,3,1752,30,1752,4426,52528
14:11:40.965,1751,3,1752,77,1752,4426,52528
14:11:41.467,1750,83,1751,6,1751,4432,52534
14:11:45.718,1750,53,1751,6,1751,4432,52534
14:11:46.267,1750,53,1751,1,1751,4442,52534
14:12:09.942,1750,53,1752,127,1751,4444,52536
14:12:10.253,1750,53,1751,2,1751,4444,52536
14:12:18.965,1750,53,1751,7,1751,4444,52536
14:13:48.763,1750,53,1751,3,1751,4452,52540
14:14:07.958,1750,53,1751,2,1751,4454,52540
14:14:09.141,1750,51,1751,2,1751,4454,52540
14:15:24.504,1750,51,1751,1,1751,4456,52540
14:16:11.198,1750,51,1752,123,1751,4458,52540
14:17:02.967,1751,1,1752,113,1751,4458,52540
14:17:03.548,1751,1,1752,108,1751,4458,52540
14:17:04.45,1751,1,1752,110,1751,4458,52540
14:17:40.916,1750,60,1752,110,1751,4460,52540
14:17:42.614,1750,60,1752,121,1751,4460,52540
14:17:49.333,1750,80,1752,121,1751,4460,52540
14:17:52.412,1750,60,1752,121,1751,4460,52540
14:17:56.468,1750,60,1752,126,1751,4460,52540
14:18:14.46,1750,60,1752,118,1751,4460,52540
14:18:15.48,1750,60,1752,126,1751,4460,52540
14:18:16.546,1750,60,1752,118,1751,4460,52540
14:18:24.212,1750,58,1752,118,1750,4464,52540
14:18:26.758,1750,57,1752,118,1750,4466,52540
14:19:11.348,1750,56,1752,118,1750,4466,52540
14:19:11.848,1750,48,1752,131,1750,4482,52540
14:19:15.47,1750,48,1752,118,1750,4482,52540
14:19:18.996,1750,40,1752,124,1750,4498,52540
14:19:25.198,1750,40,1751,5,1750,4498,52540
14:19:25.215,1750,31,1751,5,1750,4498,52540
14:19:26.385,1750,23,1751,5,1750,4514,52540
14:19:30.642,1750,23,1751,4,1751,4516,52538
14:19:31.740,1750,24,1751,4,1751,4516,52538
14:19:44.485,1750,24,1751,6,1751,4516,52538
14:19:56.110,1750,26,1751,6,1751,4516,52538
14:20:01.66,1750,25,1751,6,1751,4516,52538
14:20:15.588,1750,23,1751,6,1750,4520,52538
14:20:45.406,1750,23,1751,8,1750,4520,52538
14:21:14.298,1750,4,1751,4,1750,4558,52520
14:21:16.170,1750,6,1751,4,1750,4558,52520
14:21:21.190,1750,7,1751,4,1750,4558,52520
14:21:23.756,1750,7,1751,13,1750,4558,52520
14:21:32.905,1750,6,1751,13,1750,4558,52520
14:21:43.443,1750,7,1751,13,1750,4558,52520
14:22:04.754,1750,7,1751,4,1750,4558,52520
14:22:10.755,1750,7,1751,13,1750,4558,52520
14:22:13.653,1749,195,1751,18,1750,4572,52518
14:22:13.819,1750,20,1751,18,1750,4580,52518
14:22:15.101,1750,10,1751,18,1750,4600,52538
14:22:18.577,1750,7,1751,16,1750,4606,52538
14:22:19.269,1750,4,1751,13,1750,4612,52538
14:22:22.972,1749,195,1750,6,1750,4620,52546
14:22:25.127,1749,186,1750,5,1750,4622,52548
14:22:30.145,1749,186,1750,6,1750,4622,52548
14:22:40.446,1749,186,1750,4,1750,4626,52550
14:22:57.989,1750,2,1751,31,1750,4634,52556
14:22:58.215,1750,2,1751,16,1750,4634,52556
14:23:09.452,1750,3,1751,16,1750,4634,52556
14:23:25.971,1750,3,1751,14,1750,4634,52556
14:23:29.57,1750,3,1751,15,1750,4634,52556
14:23:49.213,1750,1,1751,15,1750,4634,52556
14:24:41.846,1750,2,1751,15,1750,4634,52556
14:24:58.945,1750,1,1751,15,1750,4634,52556
14:25:01.405,1750,1,1751,17,1750,4634,52556
14:25:03.663,1750,1,1751,16,1751,4636,52556
14:25:37.343,1750,1,1751,17,1751,4636,52556
14:27:23.970,1750,19,1751,17,1751,4636,52556
14:27:24.469,1750,1,1751,17,1751,4636,52556
14:27:25.652,1750,47,1751,17,1751,4636,52556
14:27:27.23,1750,48,1751,17,1751,4636,52556
14:27:31.242,1750,47,1751,17,1751,4636,52556
14:27:32.165,1750,46,1751,17,1751,4636,52556
14:27:34.667,1750,46,1751,16,1751,4636,52556
14:27:35.389,1750,46,1751,15,1751,4636,52556
14:27:37.108,1750,103,1751,15,1751,4636,52556
14:27:37.255,1750,103,1751,6,1751,4636,52556
14:27:51.530,1750,113,1751,6,1751,4636,52556
14:27:52.973,1750,123,1751,6,1751,4636,52556
14:27:56.706,1750,125,1751,6,1751,4636,52556
14:27:56.970,1750,119,1752,46,1751,4648,52556
14:27:57.322,1750,119,1751,14,1751,4648,52556
14:27:58.968,1750,105,1752,46,1751,4676,52556
14:27:59.257,1750,105,1752,56,1751,4676,52556
14:28:00.121,1751,1,1752,36,1751,4676,52556
14:28:00.469,1751,1,1752,26,1751,4676,52556
14:28:05.492,1750,114,1752,26,1751,4678,52558
14:28:06.159,1750,32,1752,36,1751,4678,52558
14:28:06.970,1750,114,1752,36,1751,4678,52558
14:28:07.968,1750,115,1752,36,1751,4678,52558
14:28:10.647,1750,120,1752,36,1751,4678,52558
14:28:11.120,1750,38,1752,36,1751,4678,52558
14:28:12.470,1750,120,1752,36,1751,4678,52558
14:28:12.969,1750,38,1752,36,1751,4678,52558
14:28:18.86,1750,38,1752,36,1751,4680,52558
14:28:21.469,1750,119,1752,36,1751,4680,52558
14:28:23.455,1750,120,1752,36,1751,4680,52558
14:28:59.239,1750,120,1752,37,1751,4680,52558
14:29:02.708,1750,130,1752,37,1751,4680,52558
14:29:02.957,1750,140,1752,37,1751,4680,52558
14:29:19.323,1750,139,1752,37,1751,4680,52558
14:29:43.57,1750,139,1752,36,1752,4682,52556
14:29:43.347,1750,137,1752,36,1750,4686,52556
14:29:50.48,1750,137,1751,1,1750,4686,52556
14:29:50.475,1750,128,1751,1,1750,4686,52556
14:29:58.599,1751,2,1752,36,1751,4688,52556
14:29:59.475,1751,2,1752,26,1751,4688,52556
14:30:02.541,1751,1,1752,26,1751,4690,52556
14:30:14.56,1750,139,1752,26,1751,4692,52556
14:30:14.216,1750,139,1752,36,1751,4692,52556
14:30:38.129,1750,130,1751,2,1751,4692,52556
14:31:14.728,1750,130,1751,1,1751,4694,52556
14:31:42.647,1750,120,1751,1,1751,4694,52556
14:31:43.161,1750,110,1751,1,1751,4694,52556
14:31:50.889,1750,110,1751,2,1751,4694,52556
14:32:36.632,1750,105,1751,2,1751,4694,52556
14:32:55.167,1750,105,1751,3,1751,4694,52556
14:32:55.228,1750,105,1751,5,1751,4694,52556
14:33:16.975,1751,3,1752,36,1751,4704,52556
14:33:34.163,1751,2,1752,36,1751,4706,52556
14:33:37.215,1751,2,1752,26,1751,4706,52556
14:33:48.721,1751,83,1752,26,1751,4706,52556
14:33:56.598,1751,82,1752,26,1751,4706,52556
14:33:57.958,1751,81,1752,26,1751,4706,52556
14:33:58.224,1751,79,1752,26,1751,4706,52556
14:33:59.226,1751,78,1752,26,1751,4706,52556
14:34:00.153,1751,77,1752,26,1751,4706,52556
14:34:03.313,1751,76,1752,26,1751,4706,52556
14:34:05.342,1751,75,1752,26,1751,4706,52556
14:34:11.679,1751,73,1752,26,1751,4706,52556
14:34:12.345,1751,72,1752,26,1751,4706,52556
14:34:14.713,1751,73,1752,26,1751,4706,52556
14:34:19.257,1751,79,1752,26,1751,4706,52556
14:34:22.973,1751,78,1752,26,1751,4706,52556
14:34:26.311,1751,79,1752,26,1751,4706,52556
14:34:26.971,1751,76,1752,26,1751,4706,52556
14:34:29.662,1751,74,1752,26,1751,4706,52556
14:34:30.6,1751,73,1752,26,1751,4706,52556
14:34:30.472,1751,70,1752,26,1751,4706,52556
14:34:31.147,1751,83,1752,26,1751,4706,52556
14:34:42.885,1751,82,1752,26,1751,4706,52556
14:34:44.750,1751,81,1752,26,1751,4706,52556
14:34:52.204,1751,79,1752,26,1751,4706,52556
14:34:52.766,1751,83,1752,26,1751,4706,52556
14:34:57.929,1751,82,1752,26,1751,4706,52556
14:35:00.472,1751,83,1752,26,1751,4706,52556
14:35:12.975,1750,36,1752,36,1751,4746,52596
14:35:22.633,1750,41,1752,36,1751,4746,52596
14:35:28.547,1750,42,1752,36,1751,4746,52596
14:35:34.870,1750,62,1752,36,1751,4746,52596
14:35:42.972,1750,125,1752,36,1751,4746,52596
14:35:45.518,1750,155,1752,36,1751,4746,52596
14:36:10.870,1750,155,1752,40,1751,4746,52596
14:36:24.138,1750,155,1752,39,1751,4746,52596
14:36:49.815,1750,155,1752,38,1751,4746,52596
14:36:51.968,1750,155,1751,20,1751,4746,52596
14:36:57.225,1750,146,1751,20,1751,4746,52596
14:37:11.993,1750,155,1752,37,1751,4746,52596
14:37:17.989,1750,135,1752,37,1750,4786,52596
14:37:20.709,1750,135,1751,19,1750,4786,52596
14:37:20.725,1750,126,1751,19,1750,4786,52596
14:37:25.129,1750,106,1751,19,1750,4786,52596
14:37:47.176,1750,106,1751,17,1751,4790,52592
14:37:51.317,1750,146,1751,17,1751,4790,52592
14:38:04.441,1750,145,1751,17,1750,4792,52594
14:38:17.151,1750,145,1751,2,1751,4822,52594
14:38:20.508,1750,145,1751,4,1751,4822,52594
14:38:27.192,1750,145,1751,3,1751,4824,52594
14:38:28.248,1750,146,1751,3,1751,4824,52594
14:38:31.499,1750,156,1751,3,1751,4824,52594
14:38:32.638,1750,155,1751,3,1750,4826,52594
14:38:33.401,1750,155,1751,2,1751,4828,52594
14:38:36.365,1750,155,1751,1,1751,4830,52594
14:38:42.605,1750,155,1752,66,1751,4832,52594
14:38:43.191,1750,164,1752,66,1751,4832,52594
14:38:50.470,1750,164,1751,1,1751,4832,52594
14:38:51.979,1750,155,1751,1,1751,4832,52594
14:39:04.128,1750,165,1751,1,1751,4832,52594
14:39:11.153,1750,165,1752,66,1751,4834,52594
14:39:11.216,1750,174,1752,66,1751,4834,52594
14:39:39.524,1750,173,1752,66,1750,4836,52594
14:39:43.232,1751,20,1752,66,1750,4836,52594
14:39:44.729,1751,20,1752,56,1750,4836,52594
14:39:45.976,1751,20,1752,26,1750,4836,52594
14:39:58.624,1751,20,1752,27,1750,4836,52594
14:40:12.64,1751,20,1752,26,1752,4838,52596
14:40:18.190,1751,20,1752,25,1752,4840,52598
14:40:37.953,1751,20,1752,27,1752,4840,52598
14:41:42.912,1751,20,1752,26,1752,4842,52598
14:42:04.206,1751,21,1752,26,1752,4842,52598
14:42:15.770,1751,36,1752,26,1752,4842,52598
14:42:17.226,1751,36,1752,24,1752,4846,52598
14:42:22.412,1751,36,1752,23,1752,4848,52598
14:42:50.712,1751,41,1752,23,1752,4848,52598
14:43:02.749,1751,41,1752,25,1752,4848,52598
14:43:17.350,1751,41,1752,23,1752,4848,52598
14:43:18.191,1751,51,1752,23,1752,4848,52598
14:43:24.151,1751,52,1752,23,1752,4848,52598
14:43:49.876,1751,53,1752,23,1752,4848,52598
14:44:09.510,1751,116,1752,23,1752,4848,52598
14:44:10.112,1751,116,1752,13,1752,4848,52598
14:44:27.973,1751,116,1752,12,1752,4850,52598
14:44:43.97,1751,116,1752,7,1752,4860,52598
14:44:44.811,1751,116,1752,6,1752,4862,52598
14:44:55.109,1751,116,1752,5,1752,4864,52598
14:45:09.991,1751,121,1752,5,1752,4864,52598
14:45:12.957,1751,120,1752,5,1752,4864,52598
14:45:18.306,1751,120,1752,4,1752,4866,52596
14:45:35.573,1751,120,1752,5,1752,4866,52596
14:45:47.200,1751,120,1752,15,1752,4866,52596
14:45:55.294,1751,120,1752,5,1752,4886,52596
14:46:11.122,1751,120,1752,4,1752,4888,52596
14:46:15.872,1751,120,1752,5,1752,4888,52596
14:46:18.207,1751,120,1752,4,1752,4890,52596
14:46:44.456,1751,120,1752,3,1752,4892,52596
14:47:01.80,1751,120,1752,2,1752,4894,52596
14:47:06.873,1751,120,1752,1,1752,4894,52596
14:47:10.698,1751,121,1752,1,1752,4894,52596
14:47:31.174,1752,4,1753,33,1752,4896,52596
14:47:31.646,1752,4,1753,43,1752,4896,52596
14:47:39.132,1752,4,1753,28,1752,4896,52596
14:47:46.852,1752,3,1753,28,1752,4898,52598
14:47:54.481,1752,4,1753,28,1752,4898,52598
14:47:55.559,1752,24,1753,28,1752,4898,52598
14:48:07.7,1752,24,1753,27,1752,4898,52598
14:48:19.142,1752,25,1753,27,1752,4898,52598
14:48:35.113,1752,30,1753,27,1752,4898,52598
14:48:57.991,1751,125,1752,70,1752,4958,52658
14:49:05.478,1751,116,1752,70,1752,4958,52658
14:49:15.584,1751,116,1752,20,1752,5058,52758
14:49:22.478,1751,125,1753,42,1752,5098,52798
14:49:27.986,1752,10,1753,42,1752,5098,52798
14:49:28.533,1752,10,1753,27,1752,5098,52798
14:49:32.782,1752,10,1753,26,1753,5100,52798
14:49:33.400,1752,10,1753,24,1753,5104,52800
14:49:37.7,1752,10,1753,25,1753,5104,52800
14:49:52.67,1752,25,1753,25,1753,5104,52800
14:50:05.847,1752,40,1753,25,1753,5104,52800
14:50:46.672,1752,40,1753,20,1753,5114,52802
14:50:56.185,1752,40,1753,15,1753,5124,52802
14:51:00.525,1752,40,1753,10,1753,5134,52802
14:51:05.502,1752,40,1754,63,1753,5154,52802
14:51:05.761,1752,40,1753,13,1753,5154,52802
14:51:09.177,1752,40,1753,14,1753,5154,52802
14:51:09.258,1752,50,1753,14,1753,5154,52802
14:51:32.989,1752,50,1753,9,1753,5164,52806
14:51:43.644,1752,50,1753,4,1753,5174,52816
14:52:12.389,1752,51,1753,4,1753,5174,52816
14:52:14.626,1752,71,1753,4,1753,5174,52816
14:52:18.683,1752,71,1753,3,1753,5174,52816
14:52:28.806,1752,71,1753,2,1753,5176,52818
14:52:37.478,1752,80,1754,63,1753,5176,52818
14:52:38.125,1752,80,1754,65,1753,5176,52818
14:52:38.930,1752,85,1754,65,1753,5176,52818
14:52:54.479,1752,76,1753,2,1753,5176,52818
14:52:57.63,1752,85,1754,65,1753,5176,52818
14:53:02.114,1752,85,1754,65,1753,5178,52816
14:53:02.710,1753,1,1754,18,1753,5178,52816
14:53:03.54,1753,1,1754,8,1753,5178,52816
14:53:04.753,1753,3,1754,8,1753,5178,52816
14:53:07.627,1753,2,1754,8,1753,5180,52818
14:53:13.109,1753,2,1754,9,1753,5180,52818
14:53:18.489,1753,17,1754,9,1753,5180,52818
14:53:20.664,1753,17,1754,8,1754,5182,52820
14:53:52.252,1753,17,1754,6,1754,5182,52820
14:54:08.466,1753,17,1754,8,1754,5182,52820
14:54:09.156,1753,32,1754,8,1754,5182,52820
14:54:26.654,1753,32,1754,6,1754,5182,52820
14:54:32.790,1753,32,1754,7,1754,5182,52820
14:54:42.22,1753,32,1755,57,1754,5196,52826
14:54:42.226,1753,41,1755,57,1754,5196,52826
14:54:42.765,1753,41,1755,59,1754,5196,52826
14:54:43.659,1753,41,1754,1,1754,5196,52826
14:54:44.55,1753,32,1754,1,1754,5196,52826
14:54:53.649,1753,32,1754,3,1754,5196,52826
14:55:03.590,1753,52,1754,3,1754,5196,52826
14:55:11.980,1753,52,1754,50,1754,5196,52826
14:55:12.628,1753,50,1754,50,1754,5196,52826
14:55:12.976,1753,50,1754,18,1754,5196,52826
14:55:13.476,1753,50,1754,3,1754,5196,52826
14:55:14.34,1753,52,1754,3,1754,5196,52826
14:55:26.968,1753,57,1754,3,1754,5196,52826
14:55:31.977,1753,57,1754,50,1754,5196,52826
14:55:32.560,1753,55,1754,50,1754,5196,52826
14:55:34.603,1753,55,1755,44,1754,5202,52830
14:55:35.147,1753,55,1755,42,1754,5202,52830
14:55:40.192,1753,55,1754,54,1754,5202,52830
14:55:40.212,1753,55,1755,42,1754,5202,52830
14:55:42.68,1753,55,1755,44,1754,5202,52830
14:55:46.247,1753,55,1755,45,1754,5202,52830
14:55:51.664,1753,55,1755,45,1754,5262,52880
14:56:05.219,1754,24,1755,209,1754,5296,52894
14:56:08.549,1754,24,1755,207,1755,5300,52894
14:56:08.950,1754,14,1755,207,1754,5320,52914
14:56:10.98,1754,15,1755,207,1754,5320,52914
14:56:10.545,1754,14,1755,207,1754,5322,52916
14:56:14.923,1754,4,1755,207,1754,5342,52916
14:56:18.954,1754,24,1755,207,1754,5342,52916
14:56:20.196,1754,24,1755,206,1754,5342,52916
14:56:23.53,1754,24,1756,49,1755,5542,52974
14:56:23.655,1754,24,1755,115,1755,5542,52974
14:56:25.73,1754,14,1755,115,1754,5562,52994
14:56:28.175,1754,4,1755,115,1754,5582,53014
14:56:35.698,1754,20,1755,111,1754,5590,53022
14:56:35.796,1753,60,1755,10,1754,5630,53026
14:56:37.476,1753,80,1755,92,1754,5630,53026
14:56:42.190,1754,50,1755,92,1754,5630,53026
14:56:43.478,1754,50,1755,91,1754,5630,53026
14:56:54.598,1754,50,1755,89,1754,5630,53026
14:56:58.145,1754,50,1755,90,1754,5630,53026
14:57:02.806,1754,70,1755,90,1754,5630,53026
14:57:03.915,1754,70,1755,88,1754,5630,53026
14:57:04.976,1753,62,1755,7,1754,5770,53026
14:57:10.372,1753,62,1756,48,1755,5870,53038
14:57:10.976,1754,5,1756,48,1755,5870,53038
14:57:11.976,1754,5,1756,137,1755,5870,53038
14:57:17.211,1754,5,1756,48,1755,5870,53038
14:57:17.976,1754,5,1756,137,1755,5870,53038
14:57:21.147,1754,4,1756,137,1754,5872,53036
14:57:27.21,1754,6,1756,137,1754,5872,53036
14:57:28.141,1754,21,1756,137,1754,5872,53036
14:57:28.669,1754,22,1756,137,1754,5872,53036
14:57:31.65,1754,22,1756,136,1756,5874,53036
14:57:33.663,1754,37,1756,136,1756,5874,53036
14:57:51.500,1755,12,1756,136,1756,5874,53036
14:57:56.893,1755,11,1756,136,1755,5876,53038
14:58:00.86,1755,10,1756,136,1755,5878,53038
14:58:09.146,1755,10,1756,47,1755,5878,53038
14:58:09.645,1755,10,1756,136,1755,5878,53038
14:58:37.15,1754,33,1756,136,1755,5878,53038
14:58:37.254,1754,43,1756,136,1755,5878,53038
14:58:49.664,1753,32,1754,57,1754,5964,53102
14:58:49.831,1753,32,1754,47,1754,5984,53122
14:58:50.975,1753,22,1754,47,1753,6004,53118
14:58:51.290,1753,22,1754,43,1754,6012,53118
14:59:00.571,1753,22,1754,3,1754,6092,53198
14:59:04.153,1753,22,1754,2,1754,6094,53198
14:59:07.199,1753,22,1755,5,1754,6098,53202
14:59:14.87,1753,22,1755,6,1754,6098,53202
14:59:15.145,1753,22,1755,5,1755,6100,53202
14:59:16.702,1753,22,1756,99,1755,6110,53206
14:59:16.895,1753,22,1756,94,1755,6110,53206
14:59:18.495,1753,22,1755,1,1755,6110,53206
14:59:20.637,1753,22,1755,23,1755,6110,53206
14:59:23.206,1753,22,1755,24,1755,6110,53206
14:59:28.672,1753,24,1755,24,1755,6110,53206
14:59:29.696,1753,24,1756,48,1755,6150,53210
14:59:33.75,1753,24,1755,7,1755,6150,53210
14:59:39.77,1753,3,1755,3,1755,6150,53210
14:59:40.70,1755,4,1756,23,1755,6156,53210
14:59:44.572,1755,4,1756,22,1756,6158,53210
14:59:49.676,1753,26,1756,18,1755,6166,53210
14:59:51.71,1753,5,1756,18,1755,6166,53210
14:59:53.300,1753,5,1756,19,1755,6166,53210
14:59:55.184,1753,35,1756,19,1755,6166,53210
14:59:57.57,1753,56,1756,86,1755,6166,53210
14:59:58.615,1753,57,1756,86,1755,6166,53210
14:59:59.176,1753,36,1756,19,1755,6166,53210
15:00:00.505,1753,36,1756,19,1755,6166,53210
15:00:25.325,1753,36,1756,19,1755,6166,53210
