21:00:09.0,1376,2,1377,1,1377,2,12806
21:00:10.0,1376,1,1381,2,1377,4,12804
21:00:12.0,1375,10,1381,2,1377,4,12804
21:00:16.0,1375,10,1381,1,1377,4,12804
21:00:16.0,1375,11,1381,1,1377,4,12804
21:00:21.0,1375,11,1380,1,1377,4,12804
21:00:22.0,1375,10,1380,1,1377,4,12804
21:00:23.0,1376,1,1380,1,1377,4,12804
21:00:24.0,1375,10,1380,1,1377,4,12804
21:00:31.0,1375,9,1380,2,1377,4,12804
21:00:31.0,1375,9,1380,3,1377,4,12804
21:00:33.0,1375,9,1380,1,1377,4,12804
21:00:36.0,1375,8,1380,1,1375,6,12802
21:00:43.0,1375,8,1380,2,1375,6,12802
21:00:43.0,1375,8,1380,3,1375,6,12802
21:00:45.0,1375,8,1379,1,1375,6,12802
21:00:47.0,1375,8,1380,3,1375,6,12802
21:00:47.0,1375,8,1379,1,1375,6,12802
21:00:47.0,1375,8,1380,3,1375,6,12802
21:00:49.0,1375,8,1376,1,1375,6,12802
21:00:58.0,1375,7,1376,1,1375,8,12800
21:01:03.0,1375,7,1376,2,1375,8,12800
21:01:05.0,1375,7,1376,1,1376,10,12800
21:01:23.0,1375,7,1376,1,1376,12,12800
21:01:25.0,1375,5,1376,1,1375,16,12796
21:01:36.0,1375,5,1376,2,1375,16,12796
21:01:54.0,1375,6,1376,2,1375,16,12796
21:02:00.0,1375,5,1376,2,1375,18,12794
21:02:16.0,1375,4,1376,2,1375,20,12794
21:02:25.0,1375,3,1376,1,1375,22,12794
21:02:34.0,1375,1,1376,1,1375,22,12794
21:02:38.0,1375,1,1376,3,1375,22,12794
21:02:40.0,1375,1,1376,3,1376,24,12794
21:02:41.0,1374,2,1376,3,1375,26,12794
21:02:50.0,1374,2,1376,4,1375,26,12794
21:02:50.0,1374,2,1376,14,1375,26,12794
21:02:51.0,1374,2,1376,13,1375,26,12794
21:03:16.0,1375,1,1376,13,1375,26,12794
21:03:22.0,1375,1,1376,14,1375,26,12794
21:03:25.0,1375,1,1376,13,1375,26,12794
21:03:32.0,1375,41,1376,13,1375,26,12794
21:03:41.0,1375,41,1376,14,1375,26,12794
21:03:42.0,1375,41,1376,13,1375,26,12794
21:03:43.0,1375,42,1376,13,1375,26,12794
21:04:05.0,1375,41,1376,13,1375,26,12794
21:04:05.0,1376,2,1377,9,1376,52,12814
21:04:19.0,1376,1,1377,8,1376,54,12814
21:04:30.0,1376,2,1377,8,1376,54,12814
21:04:43.0,1376,2,1377,7,1376,54,12814
21:04:44.0,1376,3,1377,7,1376,54,12814
21:04:45.0,1376,2,1377,7,1376,54,12814
21:04:49.0,1376,3,1377,7,1376,54,12814
21:04:51.0,1376,2,1377,2,1376,66,12814
21:04:53.0,1376,4,1377,2,1376,66,12814
21:05:09.0,1376,3,1377,1,1377,68,12814
21:05:17.0,1376,4,1377,1,1377,68,12814
21:05:18.0,1376,4,1378,1,1377,70,12814
21:05:22.0,1376,3,1378,1,1377,70,12814
21:05:23.0,1376,3,1378,2,1377,70,12814
21:05:27.0,1376,2,1378,2,1377,70,12814
21:05:29.0,1375,46,1376,21,1376,74,12810
21:05:32.0,1375,46,1376,11,1376,94,12796
21:05:32.0,1375,45,1376,10,1376,96,12794
21:05:34.0,1375,44,1376,9,1376,98,12792
21:05:42.0,1375,44,1376,8,1376,100,12792
21:05:53.0,1375,45,1376,8,1376,100,12792
21:05:53.0,1375,45,1376,3,1376,110,12782
21:05:54.0,1375,44,1376,3,1376,110,12782
21:06:02.0,1375,44,1376,2,1376,112,12782
21:06:04.0,1375,47,1376,2,1376,112,12782
21:06:11.0,1375,44,1376,2,1376,112,12782
21:06:23.0,1375,44,1376,3,1376,112,12782
21:06:27.0,1376,2,1377,1,1376,118,12782
21:06:42.0,1376,2,1378,3,1377,120,12780
21:07:09.0,1376,1,1378,3,1376,122,12780
21:07:15.0,1376,1,1378,6,1376,122,12780
21:07:20.0,1376,1,1378,5,1376,122,12780
21:07:25.0,1376,1,1378,2,1376,122,12780
21:07:30.0,1376,1,1378,3,1376,122,12780
21:08:18.0,1376,1,1378,2,1376,122,12780
21:08:54.0,1376,3,1378,2,1376,122,12780
21:09:23.0,1376,1,1378,2,1376,122,12780
21:09:56.0,1375,44,1378,2,1376,124,12780
21:10:04.0,1375,44,1378,3,1376,124,12780
21:10:04.0,1375,44,1378,2,1376,124,12780
21:10:10.0,1375,44,1378,3,1376,124,12780
21:10:13.0,1375,44,1378,2,1376,124,12780
21:10:18.0,1375,44,1378,3,1376,124,12780
21:10:20.0,1375,44,1378,2,1376,124,12780
21:10:28.0,1375,44,1378,3,1376,124,12780
21:10:31.0,1375,44,1378,4,1376,124,12780
21:10:56.0,1375,44,1378,3,1376,124,12780
21:11:06.0,1375,45,1378,3,1376,124,12780
21:11:09.0,1375,45,1378,6,1376,124,12780
21:11:19.0,1375,48,1378,6,1376,124,12780
21:11:30.0,1375,48,1378,3,1376,124,12780
21:11:41.0,1375,49,1378,3,1376,124,12780
21:11:45.0,1375,48,1378,3,1376,124,12780
21:12:02.0,1375,48,1378,2,1376,124,12780
21:12:10.0,1375,45,1378,2,1376,124,12780
21:12:12.0,1375,45,1378,3,1376,124,12780
21:12:23.0,1375,45,1378,8,1376,124,12780
21:12:40.0,1375,45,1377,1,1376,124,12780
21:12:48.0,1375,45,1378,8,1376,124,12780
21:13:01.0,1375,50,1378,8,1376,124,12780
21:14:04.0,1375,45,1378,8,1376,124,12780
21:14:32.0,1375,50,1378,8,1376,124,12780
21:15:02.0,1375,51,1378,8,1376,124,12780
21:15:05.0,1375,51,1377,1,1376,124,12780
21:15:07.0,1375,51,1378,8,1376,124,12780
21:15:09.0,1375,50,1378,8,1376,124,12780
21:15:11.0,1375,50,1377,2,1376,124,12780
21:15:43.0,1376,1,1377,2,1376,124,12780
21:16:08.0,1376,6,1377,2,1376,124,12780
21:16:16.0,1376,1,1377,2,1376,124,12780
21:16:23.0,1376,2,1377,2,1376,124,12780
21:16:43.0,1376,1,1377,2,1376,124,12780
21:16:53.0,1376,1,1377,3,1376,124,12780
21:17:07.0,1376,1,1377,2,1376,124,12780
21:17:46.0,1376,1,1377,1,1377,126,12780
21:18:08.0,1376,1,1378,8,1377,128,12782
21:18:27.0,1376,1,1378,11,1377,128,12782
21:18:47.0,1376,1,1378,8,1377,128,12782
21:19:51.0,1376,1,1377,1,1377,128,12782
21:20:00.0,1375,9,1378,7,1376,130,12782
21:20:14.0,1375,9,1378,10,1376,130,12782
21:20:18.0,1375,9,1377,1,1376,130,12782
21:20:26.0,1375,9,1378,11,1377,132,12782
21:20:34.0,1375,9,1378,8,1377,132,12782
21:20:39.0,1375,9,1378,7,1377,132,12782
21:20:41.0,1375,10,1378,7,1377,132,12782
21:20:44.0,1375,9,1378,7,1377,132,12782
21:20:47.0,1375,9,1378,8,1377,132,12782
21:20:55.0,1375,10,1378,8,1377,132,12782
21:21:09.0,1376,1,1378,7,1377,132,12782
21:22:05.0,1375,10,1378,7,1377,132,12782
21:22:06.0,1375,10,1378,12,1377,132,12782
21:22:14.0,1376,1,1378,12,1377,132,12782
21:22:22.0,1375,9,1378,12,1376,134,12782
21:22:28.0,1375,9,1378,13,1376,134,12782
21:22:32.0,1375,9,1378,14,1376,134,12782
21:22:36.0,1375,9,1378,13,1376,134,12782
21:22:48.0,1375,9,1378,12,1376,134,12782
21:22:53.0,1375,10,1378,12,1376,134,12782
21:22:55.0,1375,10,1378,13,1376,134,12782
21:23:04.0,1375,10,1378,14,1376,134,12782
21:23:26.0,1375,10,1378,13,1376,134,12782
21:23:37.0,1376,8,1378,13,1376,134,12782
21:23:58.0,1376,8,1377,1,1376,134,12782
21:24:10.0,1376,8,1378,12,1377,136,12782
21:24:49.0,1376,8,1378,7,1377,136,12782
21:24:50.0,1376,8,1378,6,1377,136,12782
21:25:20.0,1376,9,1378,6,1377,136,12782
21:25:34.0,1376,10,1378,6,1377,136,12782
21:25:34.0,1376,13,1378,6,1377,136,12782
21:25:42.0,1377,1,1378,6,1377,136,12782
21:25:42.0,1377,1,1378,1,1378,146,12782
21:25:47.0,1377,1,1379,1,1378,148,12782
21:25:55.0,1378,5,1380,17,1378,148,12782
21:26:13.0,1378,4,1380,17,1378,150,12782
21:26:23.0,1378,5,1380,12,1378,150,12782
21:26:31.0,1379,3,1380,12,1378,150,12782
21:26:37.0,1379,4,1380,12,1378,150,12782
21:26:37.0,1379,5,1380,12,1378,150,12782
21:26:38.0,1379,4,1380,12,1378,150,12782
21:26:40.0,1379,3,1380,12,1379,152,12782
21:26:45.0,1379,3,1380,11,1380,154,12782
21:26:45.0,1379,4,1380,11,1380,154,12782
21:26:46.0,1379,3,1380,11,1380,154,12782
21:27:03.0,1379,3,1380,10,1380,156,12780
21:27:12.0,1379,2,1380,10,1380,156,12780
21:27:13.0,1378,4,1380,10,1380,156,12780
21:27:13.0,1378,3,1380,10,1380,156,12780
21:27:15.0,1378,4,1380,10,1380,156,12780
21:27:29.0,1378,4,1380,11,1380,156,12780
21:27:43.0,1379,2,1380,11,1380,156,12780
21:27:45.0,1378,4,1380,11,1380,156,12780
21:27:46.0,1379,1,1380,11,1380,156,12780
21:27:48.0,1378,4,1380,11,1380,156,12780
21:27:52.0,1379,1,1380,11,1380,156,12780
21:27:57.0,1378,4,1380,11,1380,156,12780
21:28:00.0,1378,3,1380,11,1380,156,12780
21:28:02.0,1378,4,1380,11,1380,156,12780
21:28:17.0,1378,4,1379,1,1380,156,12780
21:28:24.0,1378,3,1380,11,1379,158,12780
21:28:25.0,1379,1,1380,11,1379,158,12780
21:28:39.0,1379,3,1380,11,1379,158,12780
21:28:44.0,1379,2,1380,11,1379,158,12780
21:28:45.0,1379,1,1380,11,1379,160,12780
21:28:46.0,1378,2,1380,11,1379,160,12780
21:28:52.0,1379,1,1380,11,1379,160,12780
21:28:53.0,1379,2,1380,10,1380,162,12778
21:28:53.0,1379,2,1380,7,1380,168,12772
21:28:58.0,1379,1,1380,7,1380,168,12772
21:29:01.0,1379,1,1380,6,1380,170,12770
21:29:05.0,1379,1,1380,5,1380,172,12768
21:29:08.0,1378,7,1380,4,1380,174,12766
21:29:09.0,1379,1,1380,4,1380,174,12766
21:29:10.0,1379,1,1381,1,1380,182,12760
21:29:10.0,1378,7,1381,1,1380,182,12760
21:29:11.0,1378,7,1381,6,1380,184,12762
21:29:19.0,1378,6,1381,6,1380,184,12762
21:29:20.0,1378,5,1381,6,1380,184,12762
21:29:24.0,1378,6,1381,6,1380,184,12762
21:29:24.0,1378,9,1381,6,1380,184,12762
21:29:29.0,1380,1,1381,1,1380,184,12762
21:29:38.0,1378,5,1381,6,1380,184,12762
21:29:41.0,1380,1,1381,1,1380,184,12762
21:29:43.0,1380,1,1381,2,1380,184,12762
21:29:45.0,1380,1,1381,1,1380,184,12762
21:29:52.0,1380,1,1381,2,1380,184,12762
21:30:16.0,1378,10,1381,6,1380,184,12762
21:30:31.0,1380,1,1381,1,1380,184,12762
21:30:46.0,1380,1,1381,2,1380,184,12762
21:30:49.0,1380,1,1381,1,1380,184,12762
21:30:51.0,1381,1,1382,28,1381,186,12760
21:30:51.0,1380,1,1382,27,1381,188,12758
21:31:00.0,1380,1,1381,1,1381,188,12758
21:31:02.0,1380,1,1381,2,1381,188,12758
21:31:03.0,1378,12,1381,2,1381,188,12758
21:31:07.0,1378,11,1381,2,1381,188,12758
21:31:10.0,1378,11,1381,7,1381,188,12758
21:31:26.0,1378,10,1381,7,1381,188,12758
21:31:27.0,1378,11,1381,7,1381,188,12758
21:31:28.0,1378,11,1381,6,1381,190,12758
21:31:37.0,1378,11,1381,5,1381,192,12760
21:32:07.0,1378,11,1381,6,1381,192,12760
21:32:34.0,1378,11,1381,7,1381,192,12760
21:32:34.0,1378,11,1381,8,1381,192,12760
21:32:35.0,1378,11,1381,11,1381,192,12760
21:32:55.0,1378,11,1381,8,1381,192,12760
21:33:28.0,1378,10,1381,8,1381,192,12760
21:33:34.0,1378,7,1381,8,1378,198,12760
21:33:58.0,1378,7,1381,11,1378,198,12760
21:34:13.0,1378,7,1381,12,1378,198,12760
21:34:13.0,1378,7,1381,11,1378,198,12760
21:34:19.0,1378,7,1381,8,1378,198,12760
21:34:21.0,1378,6,1381,8,1378,200,12760
21:34:37.0,1378,7,1381,8,1378,200,12760
21:34:40.0,1378,9,1381,7,1378,200,12760
21:34:40.0,1378,12,1381,7,1378,200,12760
21:35:18.0,1379,1,1381,7,1378,200,12760
21:35:21.0,1379,6,1382,29,1381,214,12762
21:35:22.0,1379,8,1382,28,1381,214,12762
21:35:28.0,1379,8,1382,27,1381,214,12762
21:35:54.0,1379,6,1382,28,1381,214,12762
21:35:58.0,1379,6,1382,27,1381,214,12762
21:35:59.0,1379,6,1382,28,1381,214,12762
21:36:00.0,1379,6,1382,27,1381,214,12762
21:36:16.0,1379,7,1382,27,1381,214,12762
21:36:22.0,1379,10,1382,27,1381,214,12762
21:36:26.0,1379,7,1382,27,1381,214,12762
21:36:33.0,1379,8,1382,27,1381,214,12762
21:37:31.0,1379,5,1382,28,1381,214,12762
21:37:32.0,1379,5,1382,31,1381,214,12762
21:37:59.0,1379,5,1381,1,1381,214,12762
21:38:15.0,1378,9,1381,1,1381,214,12762
21:38:17.0,1378,8,1381,1,1381,214,12762
21:38:19.0,1378,9,1381,1,1381,214,12762
21:38:21.0,1378,8,1381,1,1381,214,12762
21:38:22.0,1378,7,1381,1,1381,214,12762
21:38:33.0,1378,9,1381,1,1381,214,12762
21:39:15.0,1378,9,1380,1,1381,214,12762
21:39:21.0,1378,9,1381,6,1380,216,12764
21:40:00.0,1379,2,1381,6,1380,216,12764
21:40:12.0,1379,2,1381,1,1380,216,12764
21:40:31.0,1380,1,1381,1,1380,216,12764
21:40:45.0,1381,2,1382,29,1381,218,12764
21:40:45.0,1380,1,1381,1,1381,222,12760
21:40:46.0,1380,1,1382,28,1381,222,12760
21:40:50.0,1380,1,1381,1,1381,222,12760
21:40:51.0,1378,6,1381,1,1380,224,12760
21:40:56.0,1378,8,1382,28,1380,224,12760
21:41:05.0,1378,9,1382,28,1380,224,12760
21:41:12.0,1378,8,1382,28,1380,224,12760
21:41:12.0,1378,7,1381,6,1380,224,12760
21:41:15.0,1378,6,1381,6,1380,224,12760
21:41:16.0,1378,6,1381,7,1380,224,12760
21:41:18.0,1378,6,1381,8,1380,224,12760
21:41:19.0,1378,6,1381,7,1380,224,12760
21:41:23.0,1378,6,1381,8,1380,224,12760
21:41:28.0,1378,1,1380,1,1380,224,12760
21:41:31.0,1378,1,1380,2,1380,224,12760
21:41:41.0,1378,1,1379,2,1380,224,12760
21:41:41.0,1377,10,1379,1,1378,226,12760
21:41:52.0,1377,10,1379,2,1378,226,12760
21:41:53.0,1377,10,1379,3,1378,226,12760
21:41:54.0,1377,10,1379,2,1378,226,12760
21:42:05.0,1377,10,1379,1,1378,226,12760
21:42:06.0,1377,10,1378,1,1378,226,12760
21:42:43.0,1377,10,1380,6,1378,228,12762
21:42:43.0,1377,15,1380,6,1378,228,12762
21:42:52.0,1378,3,1380,6,1378,228,12762
21:42:59.0,1378,3,1380,1,1378,228,12762
21:43:02.0,1378,3,1379,1,1378,228,12762
21:43:49.0,1378,3,1379,2,1378,228,12762
21:43:51.0,1377,15,1379,1,1378,234,12762
21:44:04.0,1377,15,1380,56,1378,234,12762
21:44:18.0,1377,15,1380,55,1378,234,12762
21:44:24.0,1377,15,1379,10,1378,234,12762
21:44:38.0,1377,15,1380,55,1378,234,12762
21:44:48.0,1377,14,1380,55,1377,236,12762
21:46:18.0,1377,14,1380,74,1377,236,12762
21:46:48.0,1377,16,1380,74,1377,236,12762
21:47:08.0,1377,17,1380,74,1377,236,12762
21:47:13.0,1377,16,1380,74,1377,236,12762
21:47:44.0,1377,16,1379,1,1377,236,12762
21:49:10.0,1377,17,1379,1,1377,236,12762
21:49:20.0,1377,16,1379,1,1377,236,12762
21:49:33.0,1377,17,1379,1,1377,236,12762
21:49:58.0,1377,16,1379,1,1377,236,12762
21:49:59.0,1377,16,1379,2,1377,236,12762
21:49:59.0,1377,16,1379,3,1377,236,12762
21:50:00.0,1377,17,1379,1,1379,238,12764
21:50:00.0,1377,17,1380,75,1379,238,12764
21:50:05.0,1377,16,1380,75,1379,238,12764
21:50:50.0,1377,16,1380,76,1379,238,12764
21:51:01.0,1377,16,1380,80,1379,238,12764
21:51:06.0,1377,11,1379,1,1379,238,12764
21:51:10.0,1377,11,1379,2,1379,238,12764
21:51:23.0,1377,11,1379,2,1379,240,12764
21:52:05.0,1377,11,1379,3,1379,240,12764
21:52:53.0,1377,11,1379,2,1379,240,12764
21:53:38.0,1377,11,1379,1,1379,240,12764
21:54:04.0,1377,11,1380,75,1379,240,12764
21:54:14.0,1377,16,1380,75,1379,240,12764
21:54:16.0,1377,16,1380,76,1379,240,12764
21:54:20.0,1377,16,1379,1,1379,240,12764
21:54:22.0,1377,16,1380,76,1379,240,12764
21:54:44.0,1377,16,1379,1,1379,240,12764
21:54:47.0,1377,16,1380,76,1379,240,12764
21:54:49.0,1377,16,1380,77,1379,240,12764
21:54:54.0,1377,16,1380,78,1379,240,12764
21:54:58.0,1377,16,1379,1,1379,240,12764
21:55:05.0,1377,16,1379,2,1379,240,12764
21:55:37.0,1377,16,1379,3,1379,240,12764
21:56:07.0,1377,14,1379,3,1377,244,12762
21:56:15.0,1377,14,1379,13,1377,244,12762
21:56:26.0,1377,15,1379,13,1377,244,12762
21:57:19.0,1377,10,1379,17,1377,244,12762
21:57:30.0,1377,10,1379,14,1377,244,12762
21:57:36.0,1377,10,1379,13,1377,244,12762
21:58:01.0,1377,10,1379,12,1377,244,12762
21:59:34.0,1377,9,1379,12,1377,246,12762
22:01:30.0,1377,9,1379,11,1377,246,12762
22:01:30.0,1377,12,1379,11,1377,246,12762
22:01:35.0,1377,9,1379,11,1377,246,12762
22:02:34.0,1377,9,1378,19,1377,246,12762
22:03:38.0,1377,9,1378,20,1377,246,12762
22:04:43.0,1377,9,1378,19,1377,246,12762
22:05:00.0,1377,9,1378,20,1377,246,12762
22:05:00.0,1377,9,1378,23,1377,246,12762
22:05:02.0,1377,8,1378,22,1377,248,12760
22:05:11.0,1377,8,1378,19,1377,248,12760
22:05:17.0,1376,1,1377,2,1377,264,12748
22:05:41.0,1375,8,1376,2,1376,266,12746
22:05:49.0,1375,3,1376,2,1376,266,12746
22:05:50.0,1375,3,1377,2,1376,266,12746
22:06:00.0,1375,1,1377,2,1375,270,12744
22:06:54.0,1374,52,1377,2,1375,272,12744
22:07:01.0,1374,49,1377,2,1374,278,12738
22:07:11.0,1374,47,1377,2,1374,278,12738
22:07:28.0,1375,1,1377,2,1374,278,12738
22:07:51.0,1374,41,1375,9,1375,280,12736
22:08:08.0,1374,42,1375,9,1375,280,12736
22:08:10.0,1374,41,1375,8,1375,282,12734
22:08:15.0,1374,46,1376,1,1375,282,12734
22:08:15.0,1374,46,1377,8,1375,282,12734
22:08:21.0,1374,46,1376,1,1375,282,12734
22:08:24.0,1374,38,1376,1,1374,298,12718
22:08:47.0,1374,38,1377,8,1374,298,12718
22:08:49.0,1374,38,1376,1,1374,298,12718
22:09:05.0,1374,38,1377,8,1374,298,12718
22:09:15.0,1374,38,1376,1,1374,298,12718
22:09:30.0,1375,1,1376,1,1374,298,12718
22:09:35.0,1375,1,1376,2,1374,298,12718
22:09:56.0,1374,38,1376,2,1375,300,12720
22:10:08.0,1374,38,1375,1,1375,300,12720
22:10:08.0,1374,33,1376,1,1375,302,12718
22:10:14.0,1374,33,1376,4,1375,302,12718
22:10:19.0,1374,33,1376,1,1375,302,12718
22:10:37.0,1374,32,1376,1,1374,304,12718
22:11:09.0,1374,33,1376,1,1374,304,12718
22:11:14.0,1374,33,1376,2,1374,304,12718
22:11:40.0,1374,32,1376,2,1374,304,12718
22:11:41.0,1375,1,1376,2,1374,304,12718
22:11:53.0,1376,1,1377,2,1376,308,12720
22:12:18.0,1375,1,1376,2,1376,310,12720
22:12:23.0,1376,1,1377,2,1376,314,12720
22:12:44.0,1376,4,1377,2,1376,314,12720
22:16:01.0,1376,3,1377,2,1376,316,12722
22:16:07.0,1376,3,1378,7,1377,320,12718
22:16:07.0,1376,3,1378,2,1377,320,12718
22:17:31.0,1376,3,1378,3,1377,320,12718
22:20:02.0,1376,3,1378,4,1377,320,12718
22:20:15.0,1375,3,1378,4,1375,330,12714
22:20:19.0,1375,3,1378,3,1375,330,12714
22:20:33.0,1375,6,1378,3,1375,330,12714
22:20:54.0,1375,7,1378,3,1375,330,12714
22:20:59.0,1375,7,1378,5,1375,330,12714
22:21:09.0,1375,7,1378,4,1375,330,12714
22:21:35.0,1375,6,1378,4,1375,330,12714
22:21:37.0,1375,6,1378,3,1375,330,12714
22:21:55.0,1375,6,1377,9,1375,330,12714
22:22:38.0,1375,7,1377,9,1375,330,12714
22:24:29.0,1375,6,1377,9,1375,330,12714
22:24:30.0,1375,3,1376,2,1375,330,12714
22:24:38.0,1375,4,1376,2,1375,330,12714
22:24:44.0,1375,4,1377,9,1376,334,12714
22:25:00.0,1375,4,1377,10,1376,334,12714
22:25:19.0,1375,5,1377,10,1376,334,12714
22:26:05.0,1375,7,1377,10,1376,334,12714
22:26:28.0,1376,1,1377,10,1376,334,12714
22:26:34.0,1375,11,1377,9,1377,336,12712
22:26:40.0,1375,12,1377,9,1377,336,12712
22:26:42.0,1376,5,1377,9,1377,336,12712
22:26:44.0,1376,3,1377,9,1377,336,12712
22:26:56.0,1376,5,1377,9,1377,336,12712
22:27:36.0,1376,5,1377,10,1377,336,12712
22:28:19.0,1376,5,1377,9,1377,338,12712
22:28:29.0,1376,4,1377,9,1376,340,12712
22:28:32.0,1376,9,1377,9,1376,340,12712
22:29:23.0,1376,9,1377,8,1377,342,12710
22:29:49.0,1376,9,1377,7,1377,344,12708
22:31:10.0,1376,8,1377,7,1377,344,12708
22:31:36.0,1376,8,1377,6,1377,346,12706
22:34:52.0,1376,5,1377,6,1377,346,12706
22:34:58.0,1376,8,1377,6,1377,346,12706
22:35:08.0,1376,5,1377,6,1377,346,12706
22:35:16.0,1376,5,1377,3,1377,352,12700
22:37:59.0,1376,5,1377,1,1377,356,12702
22:38:24.0,1376,4,1377,2,1376,358,12702
22:38:59.0,1375,8,1377,2,1376,358,12702
22:39:32.0,1375,3,1376,1,1376,358,12702
22:39:43.0,1375,3,1377,2,1376,358,12702
22:39:49.0,1375,3,1376,1,1376,358,12702
22:41:58.0,1375,3,1377,3,1376,358,12702
22:42:33.0,1375,3,1376,1,1376,358,12702
22:42:36.0,1375,3,1377,2,1376,358,12702
22:43:05.0,1375,3,1377,1,1377,360,12702
22:44:40.0,1375,3,1378,9,1377,362,12702
22:45:19.0,1375,8,1378,9,1377,362,12702
22:45:29.0,1375,8,1378,12,1377,362,12702
22:45:34.0,1375,8,1378,11,1377,362,12702
22:45:41.0,1375,8,1378,8,1377,362,12702
22:45:45.0,1375,9,1378,8,1377,362,12702
22:45:45.0,1375,12,1378,8,1377,362,12702
22:46:03.0,1375,12,1378,7,1377,362,12702
22:46:08.0,1375,12,1378,8,1377,362,12702
22:46:57.0,1376,1,1378,19,1377,362,12702
22:47:55.0,1376,1,1377,1,1377,362,12702
22:48:47.0,1376,1,1377,11,1377,362,12702
22:52:03.0,1376,1,1377,8,1377,368,12702
22:52:19.0,1376,1,1377,9,1377,368,12702
22:52:36.0,1376,1,1377,10,1377,368,12702
22:52:40.0,1376,2,1377,10,1377,368,12702
22:53:37.0,1376,2,1377,9,1377,368,12702
22:54:07.0,1376,2,1377,6,1377,374,12696
22:55:59.0,1377,2,1378,8,1377,386,12698
22:56:21.0,1377,2,1378,2,1377,386,12698
22:57:48.0,1377,2,1378,3,1377,386,12698
22:58:04.0,1377,1,1378,2,1377,388,12698
23:01:06.0,1377,2,1378,2,1377,388,12698
23:01:28.0,1377,2,1378,1,1377,388,12698
23:02:39.0,1377,1,1378,1,1377,388,12698
23:06:46.0,1376,7,1378,1,1377,390,12700
23:07:30.0,1376,7,1379,6,1378,392,12700
23:07:42.0,1376,11,1379,6,1378,392,12700
23:07:42.0,1376,11,1378,1,1378,392,12700
23:07:43.0,1376,11,1379,6,1378,392,12700
23:07:58.0,1377,1,1379,6,1378,392,12700
23:08:17.0,1376,12,1379,6,1378,392,12700
23:08:54.0,1376,12,1379,5,1378,392,12700
23:08:55.0,1376,15,1379,5,1378,392,12700
23:10:05.0,1376,12,1379,5,1378,392,12700
23:10:06.0,1376,12,1379,6,1378,392,12700
23:10:09.0,1377,1,1379,5,1378,392,12700
23:10:48.0,1376,12,1379,5,1378,392,12700
23:12:27.0,1377,1,1379,5,1378,392,12700
23:14:31.0,1377,1,1379,8,1378,392,12700
23:14:50.0,1377,1,1379,5,1378,392,12700
23:14:58.0,1376,7,1379,5,1378,392,12700
23:15:30.0,1376,7,1379,6,1378,392,12700
23:20:34.0,1377,1,1379,6,1378,392,12700
23:25:05.0,1377,1,1379,1,1378,392,12700
23:26:31.0,1376,2,1379,1,1378,392,12700
23:27:56.0,1376,3,1379,1,1378,392,12700
23:28:25.0,1376,3,1378,1,1378,392,12700
23:28:30.0,1376,3,1378,2,1378,392,12700
23:28:32.0,1376,3,1378,1,1378,392,12700
23:28:43.0,1376,3,1377,1,1378,392,12700
23:28:55.0,1376,3,1378,2,1378,392,12700
23:28:56.0,1375,14,1378,2,1376,398,12700
23:29:00.0,1375,14,1378,1,1376,398,12700
23:29:01.0,1375,14,1379,1,1376,398,12700
23:29:05.0,1375,4,1379,1,1376,398,12700
23:29:14.0,1375,4,1376,1,1376,398,12700
23:29:22.0,1375,3,1376,1,1376,398,12700
23:29:24.0,1375,3,1378,1,1376,400,12702
23:29:28.0,1375,4,1378,1,1376,400,12702
23:29:46.0,1375,7,1378,1,1376,400,12702
23:29:55.0,1375,7,1378,1,1376,400,12702
09:00:00.0,1377,1,1380,55,1376,400,12702
09:00:05.0,1376,53,1380,55,1376,400,12702
09:00:06.0,1376,52,1380,56,1376,400,12702
09:00:08.0,1376,51,1379,2,1376,400,12702
09:00:11.0,1376,50,1380,55,1379,408,12702
09:00:16.0,1376,51,1380,55,1379,408,12702
09:00:18.0,1377,1,1380,54,1379,408,12702
09:00:19.0,1377,5,1380,54,1379,408,12702
09:00:19.0,1377,5,1380,55,1379,408,12702
09:00:21.0,1377,6,1380,55,1379,408,12702
09:00:27.0,1377,6,1380,54,1379,408,12702
09:00:28.0,1378,1,1380,54,1379,408,12702
09:00:35.0,1378,1,1380,55,1379,408,12702
09:00:37.0,1379,1,1380,55,1379,408,12702
09:00:46.0,1379,1,1380,6,1380,506,12702
09:00:50.0,1379,1,1380,1,1380,516,12710
09:00:52.0,1377,7,1382,3,1380,518,12708
09:00:52.0,1377,8,1382,3,1380,518,12708
09:00:53.0,1380,1,1382,3,1380,518,12708
09:00:53.0,1380,1,1382,2,1380,518,12708
09:00:56.0,1380,1,1383,3,1380,518,12708
09:01:00.0,1381,1,1383,3,1380,518,12708
09:01:04.0,1380,2,1383,3,1380,518,12708
09:01:08.0,1380,1,1383,3,1380,518,12708
09:01:08.0,1380,2,1383,3,1380,518,12708
09:01:08.0,1381,1,1383,3,1380,518,12708
09:01:10.0,1380,2,1383,3,1380,518,12708
09:01:11.0,1381,1,1383,3,1380,518,12708
09:01:12.0,1380,2,1383,3,1380,518,12708
09:01:14.0,1381,1,1383,3,1380,518,12708
09:01:15.0,1380,2,1383,3,1380,518,12708
09:01:19.0,1380,2,1382,1,1380,518,12708
09:01:23.0,1380,2,1383,3,1380,518,12708
09:01:28.0,1380,2,1382,1,1380,518,12708
09:01:30.0,1380,1,1382,1,1380,518,12708
09:01:37.0,1380,1,1381,1,1380,518,12708
09:01:43.0,1380,1,1381,2,1380,518,12708
09:01:57.0,1378,1,1381,2,1380,520,12706
09:01:59.0,1379,1,1381,2,1380,520,12706
09:02:11.0,1379,1,1380,1,1380,520,12706
09:02:19.0,1378,1,1380,1,1380,520,12706
09:02:24.0,1378,1,1379,1,1380,520,12706
09:02:27.0,1378,1,1379,1,1379,522,12704
09:02:40.0,1377,2,1379,1,1379,522,12704
09:02:48.0,1378,1,1379,1,1379,522,12704
09:02:50.0,1377,2,1378,2,1378,524,12706
09:02:54.0,1377,1,1378,1,1378,526,12708
09:03:11.0,1376,2,1378,1,1378,526,12708
09:03:57.0,1376,1,1378,1,1376,528,12706
09:04:35.0,1376,2,1379,2,1376,528,12706
09:04:38.0,1376,3,1379,2,1376,528,12706
09:04:49.0,1376,2,1379,2,1376,530,12708
09:04:50.0,1376,1,1379,2,1376,532,12710
09:04:55.0,1376,4,1379,2,1376,532,12710
09:05:00.0,1376,4,1379,1,1376,532,12710
09:05:03.0,1377,1,1379,1,1376,532,12710
09:05:07.0,1377,1,1380,2,1376,532,12710
09:05:07.0,1377,1,1379,1,1376,532,12710
09:05:13.0,1377,1,1380,2,1376,532,12710
09:05:16.0,1377,2,1380,2,1376,532,12710
09:05:16.0,1377,1,1380,2,1376,532,12710
09:05:17.0,1376,1,1380,2,1377,534,12708
09:05:28.0,1376,1,1379,1,1377,534,12708
09:05:28.0,1376,1,1379,3,1377,534,12708
09:05:29.0,1375,9,1379,3,1377,534,12708
09:05:29.0,1375,8,1379,3,1377,534,12708
09:05:30.0,1375,9,1379,3,1377,534,12708
09:05:30.0,1375,8,1379,3,1377,534,12708
09:05:32.0,1376,1,1379,3,1377,534,12708
09:05:35.0,1376,1,1379,1,1377,534,12708
09:05:35.0,1376,1,1379,2,1377,534,12708
09:05:36.0,1376,1,1379,1,1377,534,12708
09:05:43.0,1376,1,1380,4,1377,534,12708
09:05:44.0,1376,2,1380,4,1377,534,12708
09:05:44.0,1376,3,1380,3,1377,534,12708
09:05:46.0,1376,2,1380,3,1377,534,12708
09:05:47.0,1376,2,1380,4,1377,534,12708
09:05:52.0,1376,3,1380,3,1377,534,12708
09:05:57.0,1376,2,1380,4,1377,534,12708
09:05:58.0,1376,1,1380,4,1377,534,12708
09:05:59.0,1376,2,1380,4,1377,534,12708
09:06:02.0,1376,2,1380,7,1377,534,12708
09:06:04.0,1376,3,1380,6,1377,534,12708
09:06:04.0,1377,1,1380,1,1377,534,12708
09:06:12.0,1377,1,1379,1,1377,534,12708
09:06:21.0,1377,1,1380,1,1379,536,12706
09:06:40.0,1377,4,1380,1,1379,536,12706
09:06:51.0,1377,4,1381,4,1379,536,12706
09:07:12.0,1377,4,1381,7,1379,536,12706
09:08:06.0,1377,1,1381,7,1379,536,12706
09:08:34.0,1378,1,1381,7,1379,536,12706
09:08:36.0,1378,1,1380,1,1379,536,12706
09:08:38.0,1378,1,1380,2,1379,536,12706
09:08:41.0,1378,1,1380,1,1379,536,12706
09:08:45.0,1377,1,1380,1,1379,536,12706
09:08:48.0,1377,2,1380,1,1379,536,12706
09:08:49.0,1378,1,1380,1,1379,536,12706
09:09:21.0,1378,1,1380,2,1379,536,12706
09:09:26.0,1378,1,1380,3,1379,536,12706
09:09:46.0,1378,1,1379,1,1379,536,12706
09:09:52.0,1378,1,1380,3,1379,536,12706
09:10:00.0,1378,1,1379,1,1379,536,12706
09:10:00.0,1377,2,1379,1,1379,536,12706
09:10:03.0,1378,1,1380,3,1379,536,12706
09:10:07.0,1377,2,1380,3,1379,536,12706
09:10:07.0,1377,2,1380,4,1379,536,12706
09:10:09.0,1377,2,1379,1,1379,536,12706
09:10:36.0,1377,1,1379,3,1379,536,12706
09:10:48.0,1377,1,1378,1,1379,536,12706
09:10:49.0,1376,2,1378,1,1377,538,12706
09:11:35.0,1376,1,1378,1,1377,538,12706
09:11:38.0,1376,2,1378,1,1377,538,12706
09:12:07.0,1376,2,1377,1,1377,538,12706
09:12:07.0,1376,2,1378,1,1377,538,12706
09:12:08.0,1376,2,1377,1,1377,538,12706
09:12:14.0,1376,2,1378,1,1377,538,12706
09:12:15.0,1376,2,1377,1,1377,538,12706
09:12:16.0,1376,2,1379,3,1377,540,12706
09:12:37.0,1376,2,1379,6,1377,540,12706
09:13:11.0,1376,2,1379,7,1377,540,12706
09:13:23.0,1376,2,1378,1,1377,540,12706
09:13:35.0,1376,1,1378,3,1377,540,12706
09:13:48.0,1376,1,1377,1,1377,540,12706
09:13:56.0,1376,1,1378,3,1377,540,12706
09:14:03.0,1375,9,1378,2,1376,542,12706
09:14:06.0,1375,9,1378,3,1376,542,12706
09:14:16.0,1375,9,1378,2,1376,542,12706
09:14:20.0,1375,9,1379,3,1376,542,12706
09:14:30.0,1375,9,1378,2,1376,542,12706
09:14:34.0,1375,9,1378,1,1376,542,12706
09:14:38.0,1375,9,1378,2,1376,542,12706
09:14:38.0,1376,1,1379,3,1376,542,12706
09:14:48.0,1376,1,1379,4,1376,542,12706
09:14:50.0,1376,1,1379,3,1376,542,12706
09:15:00.0,1376,1,1379,6,1376,542,12706
09:15:09.0,1375,9,1379,6,1376,544,12706
09:15:13.0,1375,9,1379,3,1376,544,12706
09:15:19.0,1375,9,1378,1,1376,544,12706
09:15:38.0,1375,12,1378,1,1376,544,12706
09:15:47.0,1376,1,1378,1,1376,544,12706
09:16:08.0,1375,13,1378,1,1376,544,12706
09:16:34.0,1375,33,1378,1,1376,544,12706
09:16:51.0,1376,1,1378,1,1376,544,12706
09:19:11.0,1375,30,1378,1,1376,544,12706
09:19:13.0,1376,1,1378,1,1376,544,12706
09:19:36.0,1376,2,1378,1,1376,544,12706
09:19:43.0,1376,1,1378,1,1376,544,12706
09:19:45.0,1376,2,1378,1,1376,544,12706
09:19:46.0,1376,1,1378,1,1376,544,12706
09:19:58.0,1375,30,1378,1,1376,544,12706
09:20:59.0,1375,29,1378,1,1376,544,12706
09:21:00.0,1375,28,1378,1,1376,544,12706
09:21:02.0,1375,28,1378,3,1376,544,12706
09:21:06.0,1375,28,1378,1,1376,544,12706
09:21:18.0,1375,28,1378,3,1376,544,12706
09:21:23.0,1375,28,1378,6,1376,544,12706
09:21:27.0,1375,29,1378,6,1376,544,12706
09:21:28.0,1375,29,1378,3,1376,544,12706
09:21:33.0,1375,28,1378,3,1376,544,12706
09:21:34.0,1375,29,1378,3,1376,544,12706
09:21:34.0,1375,28,1378,3,1376,544,12706
09:21:58.0,1375,29,1378,3,1376,544,12706
09:22:00.0,1375,28,1378,3,1376,544,12706
09:22:11.0,1376,1,1378,3,1376,544,12706
09:23:59.0,1376,2,1378,3,1376,544,12706
09:24:01.0,1376,1,1378,3,1376,544,12706
09:26:58.0,1376,1,1378,2,1376,544,12706
09:27:06.0,1375,29,1378,2,1376,546,12708
09:27:44.0,1375,28,1378,2,1376,546,12708
09:27:45.0,1375,28,1378,5,1376,546,12708
09:28:24.0,1375,28,1378,2,1376,546,12708
09:28:24.0,1375,29,1378,2,1376,546,12708
09:28:32.0,1375,28,1378,2,1376,546,12708
09:28:55.0,1375,28,1377,2,1376,546,12708
09:30:13.0,1375,29,1377,2,1376,546,12708
09:30:32.0,1375,29,1377,1,1376,546,12708
09:30:36.0,1375,29,1378,2,1376,546,12708
09:30:36.0,1375,29,1377,2,1376,546,12708
09:30:39.0,1375,29,1376,1,1376,546,12708
09:30:40.0,1375,29,1377,50,1376,546,12708
09:30:51.0,1375,29,1377,51,1376,546,12708
09:30:52.0,1375,29,1376,2,1376,546,12708
09:30:57.0,1375,29,1376,3,1376,546,12708
09:31:00.0,1375,29,1376,4,1376,546,12708
09:31:00.0,1375,29,1376,3,1376,546,12708
09:31:01.0,1375,28,1377,51,1376,548,12710
09:32:53.0,1375,28,1376,1,1376,548,12710
09:33:10.0,1375,28,1376,10,1376,548,12710
09:33:11.0,1375,28,1376,13,1376,548,12710
09:33:13.0,1375,28,1376,12,1376,548,12710
09:33:14.0,1375,28,1376,11,1376,548,12710
09:33:16.0,1375,28,1376,4,1376,548,12710
09:33:19.0,1375,28,1376,1,1376,548,12710
09:33:20.0,1375,28,1377,51,1376,550,12710
09:33:41.0,1375,28,1377,50,1377,552,12708
09:35:07.0,1375,28,1376,1,1377,552,12708
09:36:39.0,1375,28,1377,50,1376,554,12706
09:39:06.0,1376,1,1377,50,1376,554,12706
09:39:40.0,1375,28,1377,50,1376,556,12708
09:40:25.0,1375,28,1377,53,1376,556,12708
09:40:58.0,1375,28,1377,50,1376,556,12708
09:41:37.0,1375,28,1377,51,1376,556,12708
09:42:23.0,1375,28,1377,50,1376,556,12708
09:42:31.0,1375,28,1376,1,1376,556,12708
09:42:34.0,1375,28,1376,2,1376,556,12708
09:42:41.0,1375,28,1377,50,1376,556,12708
09:42:51.0,1375,28,1376,1,1376,556,12708
09:42:54.0,1375,28,1376,2,1376,556,12708
09:42:58.0,1375,28,1376,3,1376,556,12708
09:43:04.0,1375,28,1376,6,1376,556,12708
09:43:10.0,1375,28,1376,5,1376,556,12708
09:43:10.0,1375,28,1376,6,1376,556,12708
09:43:11.0,1375,28,1376,9,1376,556,12708
09:43:17.0,1375,28,1376,10,1376,556,12708
09:43:19.0,1375,28,1376,12,1376,556,12708
09:43:22.0,1375,28,1376,13,1376,556,12708
09:43:32.0,1375,28,1376,14,1376,556,12708
09:43:34.0,1375,28,1376,17,1376,556,12708
09:43:39.0,1375,28,1376,18,1376,556,12708
09:43:46.0,1375,28,1376,23,1376,556,12708
09:43:50.0,1375,28,1376,25,1376,556,12708
09:43:52.0,1375,28,1376,26,1376,556,12708
09:43:58.0,1375,28,1376,31,1376,556,12708
09:43:59.0,1375,28,1376,32,1376,556,12708
09:44:01.0,1375,28,1376,33,1376,556,12708
09:44:05.0,1375,28,1376,34,1376,556,12708
09:44:18.0,1375,26,1376,34,1375,560,12708
09:44:19.0,1375,26,1376,41,1375,560,12708
09:44:23.0,1375,26,1376,42,1375,560,12708
09:44:32.0,1375,26,1376,44,1375,560,12708
09:44:38.0,1375,26,1376,46,1375,560,12708
09:44:41.0,1375,24,1376,45,1375,564,12708
09:44:43.0,1375,22,1376,43,1375,568,12708
09:44:44.0,1375,20,1376,41,1375,572,12708
09:44:46.0,1375,17,1376,38,1375,578,12702
09:45:06.0,1375,12,1376,33,1375,588,12692
09:45:07.0,1375,11,1376,32,1375,590,12690
09:45:16.0,1375,10,1376,31,1375,592,12688
09:45:17.0,1375,10,1376,32,1375,592,12688
09:45:28.0,1375,8,1376,30,1375,596,12684
09:45:37.0,1375,7,1376,29,1375,598,12682
09:45:39.0,1375,6,1376,28,1375,600,12680
09:45:43.0,1375,5,1376,27,1375,602,12678
09:45:44.0,1375,4,1376,26,1375,604,12676
09:45:52.0,1375,3,1376,26,1375,606,12676
09:45:58.0,1375,2,1376,25,1375,608,12674
09:46:04.0,1375,1,1376,25,1375,610,12674
09:46:20.0,1374,25,1376,24,1375,612,12672
09:46:37.0,1374,24,1376,24,1375,612,12672
09:46:40.0,1374,25,1376,24,1375,612,12672
09:47:05.0,1374,25,1376,23,1376,614,12672
09:47:08.0,1374,26,1376,23,1376,614,12672
09:47:33.0,1374,25,1376,23,1376,614,12672
09:47:33.0,1374,26,1376,23,1376,614,12672
09:48:05.0,1374,25,1376,23,1376,614,12672
09:48:08.0,1374,26,1376,23,1376,614,12672
09:48:33.0,1375,20,1376,23,1376,614,12672
09:48:57.0,1375,21,1376,23,1376,614,12672
09:48:59.0,1375,19,1376,21,1375,618,12668
09:49:03.0,1375,20,1376,21,1375,618,12668
09:49:05.0,1375,19,1376,21,1375,618,12668
09:49:08.0,1375,20,1376,21,1375,618,12668
09:49:16.0,1375,19,1376,21,1375,618,12668
09:49:50.0,1375,19,1376,26,1375,618,12668
09:49:56.0,1375,19,1376,21,1375,618,12668
09:50:01.0,1375,14,1376,16,1375,628,12658
09:50:13.0,1375,15,1376,16,1375,628,12658
09:50:21.0,1375,15,1376,6,1375,628,12658
09:50:23.0,1375,15,1376,7,1375,628,12658
09:50:30.0,1375,15,1376,6,1375,628,12658
09:50:30.0,1375,15,1376,1,1375,628,12658
09:50:44.0,1375,15,1376,2,1375,628,12658
09:50:55.0,1375,14,1376,2,1375,630,12658
09:51:01.0,1375,14,1377,16,1376,634,12662
09:51:25.0,1375,14,1377,15,1377,636,12660
09:51:49.0,1375,14,1376,4,1377,636,12660
09:51:53.0,1375,14,1376,3,1376,638,12662
09:52:42.0,1375,14,1376,10,1376,638,12662
09:52:49.0,1375,14,1376,9,1376,638,12662
09:52:50.0,1375,14,1376,4,1376,638,12662
09:52:52.0,1375,14,1376,3,1376,638,12662
09:53:01.0,1375,13,1376,2,1376,640,12664
09:53:27.0,1375,13,1377,15,1376,644,12668
09:54:08.0,1375,13,1376,4,1376,644,12668
09:56:50.0,1375,13,1376,3,1376,646,12668
09:57:03.0,1375,13,1376,10,1376,646,12668
09:57:07.0,1375,13,1376,3,1376,646,12668
09:57:27.0,1375,13,1376,5,1376,646,12668
09:57:34.0,1375,13,1376,6,1376,646,12668
09:57:43.0,1375,13,1376,10,1376,646,12668
09:57:49.0,1375,13,1376,11,1376,646,12668
09:58:01.0,1375,13,1376,3,1376,646,12668
09:58:42.0,1375,12,1376,3,1376,646,12668
09:58:44.0,1375,12,1376,2,1376,648,12668
09:58:50.0,1375,12,1376,10,1376,648,12668
09:59:01.0,1375,12,1376,9,1376,648,12668
09:59:05.0,1376,1,1377,8,1376,666,12672
09:59:16.0,1375,12,1377,7,1376,668,12672
09:59:23.0,1375,12,1376,1,1376,668,12672
09:59:23.0,1375,12,1376,2,1376,668,12672
09:59:28.0,1375,12,1377,7,1376,668,12672
09:59:31.0,1375,12,1376,1,1376,668,12672
09:59:33.0,1375,12,1377,7,1376,668,12672
09:59:51.0,1375,11,1377,7,1375,670,12672
10:02:05.0,1375,11,1377,8,1375,670,12672
10:02:50.0,1375,11,1377,9,1375,670,12672
10:03:50.0,1375,11,1377,3,1375,670,12672
10:03:56.0,1375,12,1377,3,1375,670,12672
10:04:09.0,1375,11,1377,3,1375,670,12672
10:04:32.0,1375,12,1377,3,1375,670,12672
10:04:55.0,1375,11,1377,3,1375,670,12672
10:05:23.0,1375,12,1377,3,1375,670,12672
10:06:27.0,1375,12,1377,2,1377,672,12670
10:06:37.0,1375,12,1377,1,1377,672,12670
10:06:39.0,1375,11,1377,7,1377,672,12670
10:06:41.0,1375,11,1377,1,1377,672,12670
10:06:41.0,1375,11,1377,2,1377,672,12670
10:06:44.0,1375,11,1377,1,1377,672,12670
10:07:14.0,1375,11,1377,7,1377,672,12670
10:07:53.0,1375,10,1377,6,1375,674,12668
10:08:01.0,1375,10,1376,5,1375,674,12668
10:08:02.0,1375,8,1376,3,1375,678,12664
10:08:21.0,1375,8,1377,4,1375,678,12664
10:08:45.0,1376,1,1377,4,1375,678,12664
10:08:54.0,1375,8,1377,3,1376,680,12664
10:09:06.0,1376,1,1377,3,1376,680,12664
10:09:31.0,1375,8,1377,2,1376,682,12664
10:12:39.0,1375,8,1377,1,1376,682,12664
10:13:31.0,1375,8,1376,1,1376,682,12664
10:13:55.0,1375,7,1376,1,1375,684,12662
10:14:23.0,1375,7,1377,1,1375,684,12662
10:14:29.0,1375,7,1376,1,1375,684,12662
10:14:39.0,1375,7,1377,1,1375,684,12662
10:30:00.0,1375,6,1377,1,1375,686,12660
10:31:13.0,1375,6,1376,5,1375,686,12660
10:31:36.0,1375,6,1377,1,1375,686,12660
10:31:41.0,1375,1,1377,1,1375,696,12660
10:32:58.0,1375,1,1377,2,1375,696,12660
10:33:00.0,1375,2,1377,2,1375,696,12660
10:33:05.0,1375,1,1377,2,1375,696,12660
10:33:09.0,1375,2,1377,2,1375,696,12660
10:33:38.0,1375,2,1377,15,1377,698,12662
10:33:56.0,1375,2,1377,12,1377,698,12662
10:34:01.0,1375,2,1377,13,1377,698,12662
10:34:33.0,1375,2,1377,18,1377,698,12662
10:34:35.0,1375,2,1377,16,1377,698,12662
10:34:43.0,1375,2,1377,14,1377,698,12662
10:35:02.0,1375,2,1377,15,1377,698,12662
10:35:27.0,1376,1,1377,15,1377,698,12662
10:35:38.0,1375,2,1377,15,1376,700,12664
10:35:50.0,1375,2,1377,14,1376,700,12664
10:35:57.0,1375,2,1377,15,1376,700,12664
10:35:58.0,1375,7,1377,15,1376,700,12664
10:36:17.0,1375,7,1377,25,1376,700,12664
10:37:03.0,1375,7,1377,40,1376,700,12664
10:37:09.0,1375,7,1377,35,1376,700,12664
10:37:39.0,1375,8,1377,35,1376,700,12664
10:37:41.0,1375,7,1377,35,1376,700,12664
10:37:46.0,1375,7,1377,34,1376,700,12664
10:38:06.0,1375,7,1377,32,1376,700,12664
10:38:34.0,1375,7,1376,1,1376,700,12664
10:38:46.0,1375,7,1377,32,1376,700,12664
10:38:56.0,1375,7,1377,33,1376,700,12664
10:39:18.0,1375,7,1377,35,1376,700,12664
10:39:34.0,1375,3,1377,35,1375,708,12660
10:39:49.0,1375,3,1376,1,1375,708,12660
10:39:56.0,1375,2,1376,1,1375,710,12662
10:40:00.0,1375,2,1377,34,1376,712,12664
10:40:05.0,1375,8,1377,34,1376,712,12664
10:40:13.0,1375,8,1377,35,1376,712,12664
10:40:14.0,1375,8,1377,34,1376,712,12664
10:40:37.0,1375,8,1377,33,1376,712,12664
10:40:45.0,1375,8,1377,32,1376,712,12664
10:40:45.0,1375,8,1377,31,1376,712,12664
10:40:58.0,1375,8,1377,32,1376,712,12664
10:41:26.0,1375,8,1377,31,1376,712,12664
10:41:29.0,1375,8,1377,30,1376,712,12664
10:41:32.0,1375,8,1377,27,1376,712,12664
10:41:50.0,1375,8,1377,26,1376,712,12664
10:41:50.0,1375,8,1377,20,1376,712,12664
10:41:54.0,1375,8,1377,18,1376,712,12664
10:41:57.0,1375,8,1377,17,1376,712,12664
10:42:09.0,1375,8,1377,18,1376,712,12664
10:42:18.0,1375,9,1377,2,1376,712,12664
10:42:30.0,1375,8,1377,5,1376,712,12664
10:42:59.0,1375,8,1377,6,1376,712,12664
10:43:00.0,1375,8,1377,4,1376,712,12664
10:43:01.0,1375,8,1377,3,1376,712,12664
10:43:13.0,1375,8,1377,4,1376,712,12664
10:43:14.0,1375,8,1377,3,1376,712,12664
10:43:24.0,1375,8,1377,2,1376,712,12664
10:43:52.0,1375,9,1377,2,1376,712,12664
10:44:05.0,1375,8,1377,2,1376,712,12664
10:44:25.0,1375,8,1377,3,1376,712,12664
10:44:36.0,1375,8,1377,2,1376,712,12664
10:45:06.0,1375,9,1377,2,1376,712,12664
10:45:28.0,1375,10,1377,2,1376,712,12664
10:49:52.0,1376,1,1377,2,1376,712,12664
10:51:14.0,1376,6,1377,2,1376,712,12664
10:52:11.0,1376,6,1377,3,1376,712,12664
10:52:16.0,1376,7,1377,2,1376,712,12664
10:52:28.0,1376,7,1377,3,1376,712,12664
10:52:54.0,1376,6,1377,3,1376,712,12664
10:52:58.0,1376,6,1377,2,1376,712,12664
10:53:00.0,1376,6,1377,3,1376,712,12664
10:53:15.0,1376,6,1377,2,1376,712,12664
10:53:15.0,1376,6,1378,5,1377,716,12666
10:53:32.0,1376,7,1378,5,1377,716,12666
10:54:12.0,1376,7,1377,1,1377,716,12666
10:55:02.0,1376,6,1377,1,1377,716,12666
10:55:04.0,1376,6,1377,2,1377,716,12666
10:55:07.0,1376,6,1377,3,1377,716,12666
10:55:12.0,1376,6,1377,2,1377,716,12666
10:55:14.0,1376,6,1377,1,1377,716,12666
10:55:14.0,1376,6,1377,3,1377,716,12666
10:55:38.0,1376,6,1377,2,1377,716,12666
10:55:50.0,1376,6,1377,1,1377,716,12666
10:55:50.0,1376,6,1378,5,1377,716,12666
10:55:52.0,1376,6,1377,1,1377,716,12666
10:55:53.0,1376,6,1377,3,1377,716,12666
10:55:59.0,1376,7,1377,1,1377,716,12666
10:56:46.0,1376,6,1378,5,1376,718,12668
10:56:46.0,1376,6,1378,6,1376,718,12668
10:56:57.0,1376,6,1378,4,1376,718,12668
10:57:00.0,1376,6,1378,5,1376,718,12668
10:57:05.0,1376,6,1378,8,1376,718,12668
10:57:14.0,1376,7,1378,8,1376,718,12668
10:57:38.0,1377,1,1378,8,1376,718,12668
10:57:42.0,1376,7,1378,8,1377,722,12666
10:57:55.0,1376,7,1378,5,1377,722,12666
10:58:15.0,1376,7,1377,1,1377,722,12666
10:58:24.0,1376,7,1378,5,1377,722,12666
10:58:32.0,1376,7,1377,1,1377,722,12666
10:58:42.0,1376,8,1377,1,1377,722,12666
10:59:14.0,1376,7,1378,5,1377,724,12668
10:59:32.0,1376,7,1378,4,1377,724,12668
11:00:12.0,1377,1,1378,4,1377,724,12668
11:00:34.0,1376,7,1378,4,1377,726,12668
11:02:09.0,1376,9,1378,4,1377,726,12668
11:02:34.0,1376,10,1378,2,1377,726,12668
11:02:41.0,1376,13,1378,2,1377,726,12668
11:02:45.0,1376,10,1378,2,1377,726,12668
11:03:26.0,1377,1,1379,3,1378,730,12668
11:03:39.0,1377,2,1379,3,1378,730,12668
11:03:56.0,1377,1,1379,3,1378,730,12668
11:04:05.0,1378,1,1379,3,1378,730,12668
11:04:09.0,1377,1,1379,3,1378,730,12668
11:05:03.0,1377,2,1379,3,1378,730,12668
11:05:15.0,1377,2,1379,2,1379,732,12668
11:05:16.0,1377,1,1379,2,1379,732,12668
11:05:34.0,1377,2,1379,2,1379,732,12668
11:05:59.0,1377,2,1379,1,1379,734,12666
11:06:18.0,1377,3,1379,1,1379,734,12666
11:06:24.0,1377,2,1379,1,1379,734,12666
11:06:24.0,1377,3,1379,1,1379,734,12666
11:07:05.0,1377,4,1379,1,1379,734,12666
11:07:06.0,1377,5,1380,7,1379,734,12666
11:07:07.0,1378,1,1380,7,1379,734,12666
11:07:18.0,1377,3,1379,1,1379,734,12666
11:07:28.0,1377,4,1380,7,1379,734,12666
11:07:47.0,1377,3,1380,7,1379,734,12666
11:07:48.0,1377,4,1380,7,1379,734,12666
11:07:51.0,1377,3,1379,1,1379,734,12666
11:08:21.0,1377,2,1379,1,1379,734,12666
11:08:26.0,1378,1,1379,1,1379,734,12666
11:08:30.0,1377,2,1379,1,1378,736,12664
11:08:57.0,1377,2,1378,1,1378,736,12664
11:09:05.0,1377,2,1378,2,1378,736,12664
11:09:11.0,1377,2,1378,1,1378,736,12664
11:09:12.0,1376,6,1378,2,1377,740,12666
11:09:23.0,1376,6,1378,1,1377,740,12666
11:09:25.0,1376,7,1378,1,1377,740,12666
11:09:32.0,1376,6,1378,1,1377,740,12666
11:09:36.0,1376,6,1378,2,1377,740,12666
11:09:44.0,1377,2,1378,2,1377,740,12666
11:09:45.0,1377,2,1378,1,1377,740,12666
11:10:02.0,1376,8,1378,1,1377,740,12666
11:10:22.0,1376,9,1378,1,1377,740,12666
11:10:25.0,1378,1,1379,1,1378,742,12666
11:10:56.0,1378,1,1380,8,1378,742,12666
11:11:00.0,1378,1,1379,1,1378,742,12666
11:11:25.0,1376,6,1379,21,1378,744,12666
11:11:36.0,1376,7,1379,21,1378,744,12666
11:12:12.0,1376,7,1379,30,1378,744,12666
11:12:15.0,1376,8,1379,22,1378,744,12666
11:12:16.0,1376,8,1379,21,1378,744,12666
11:12:22.0,1376,8,1380,21,1378,744,12666
11:12:25.0,1376,9,1380,21,1378,744,12666
11:12:27.0,1377,1,1380,19,1378,744,12666
11:12:30.0,1376,9,1379,5,1378,744,12666
11:12:30.0,1376,9,1379,4,1378,744,12666
11:12:57.0,1376,9,1379,3,1378,744,12666
11:12:59.0,1376,9,1380,22,1378,744,12666
11:12:59.0,1376,9,1380,20,1378,744,12666
11:13:00.0,1376,9,1380,21,1378,744,12666
11:13:05.0,1376,9,1380,22,1378,744,12666
11:13:07.0,1376,9,1380,24,1378,744,12666
11:13:12.0,1376,9,1380,27,1378,744,12666
11:13:23.0,1376,9,1380,30,1378,744,12666
11:14:09.0,1376,9,1380,32,1378,744,12666
11:14:10.0,1376,9,1380,33,1378,744,12666
11:14:17.0,1376,9,1380,34,1378,744,12666
11:14:23.0,1376,9,1380,29,1378,744,12666
11:14:26.0,1376,9,1379,4,1378,744,12666
11:14:28.0,1376,8,1379,4,1378,744,12666
11:14:28.0,1376,7,1379,4,1378,744,12666
11:14:40.0,1376,7,1379,2,1378,744,12666
11:14:46.0,1376,7,1379,3,1378,744,12666
11:14:51.0,1376,7,1379,5,1378,744,12666
11:14:52.0,1376,7,1379,6,1378,744,12666
11:14:58.0,1376,7,1379,8,1378,744,12666
11:15:00.0,1376,7,1379,9,1378,744,12666
11:15:04.0,1376,7,1379,8,1378,744,12666
11:15:18.0,1376,7,1379,9,1378,744,12666
11:15:28.0,1376,7,1379,8,1378,744,12666
11:15:29.0,1376,7,1379,5,1378,744,12666
11:15:31.0,1376,8,1379,5,1378,744,12666
11:15:34.0,1376,9,1379,5,1378,744,12666
11:15:42.0,1376,9,1379,4,1378,744,12666
11:15:46.0,1376,9,1379,3,1378,744,12666
11:15:47.0,1376,9,1379,2,1378,744,12666
11:15:50.0,1376,9,1380,24,1378,744,12666
11:15:56.0,1377,1,1380,24,1378,744,12666
11:15:57.0,1377,1,1380,26,1378,744,12666
11:15:57.0,1377,1,1380,22,1378,744,12666
11:15:58.0,1377,1,1380,21,1378,744,12666
11:15:59.0,1377,1,1380,22,1378,744,12666
11:16:03.0,1377,1,1380,23,1378,744,12666
11:16:06.0,1377,1,1380,21,1378,744,12666
11:16:10.0,1377,1,1380,16,1378,744,12666
11:16:16.0,1377,1,1380,18,1378,744,12666
11:16:18.0,1376,9,1380,61,1378,744,12666
11:16:30.0,1377,2,1380,60,1378,744,12666
11:16:33.0,1377,1,1380,60,1378,744,12666
11:16:37.0,1376,9,1380,60,1378,744,12666
11:16:44.0,1377,1,1380,60,1378,744,12666
11:16:59.0,1376,9,1380,60,1378,744,12666
11:17:15.0,1376,9,1379,1,1378,744,12666
11:17:27.0,1377,1,1379,1,1378,744,12666
11:17:36.0,1377,2,1379,1,1378,744,12666
11:17:38.0,1377,1,1379,1,1378,744,12666
11:18:00.0,1377,2,1379,1,1378,744,12666
11:19:01.0,1378,1,1379,1,1378,744,12666
11:19:27.0,1377,2,1380,60,1379,746,12666
11:19:29.0,1377,3,1380,60,1379,746,12666
11:19:29.0,1377,2,1380,60,1379,746,12666
11:19:36.0,1378,1,1380,60,1379,746,12666
11:19:38.0,1378,1,1379,23,1379,746,12666
11:19:42.0,1378,1,1379,21,1379,746,12666
11:19:42.0,1378,1,1380,60,1379,746,12666
11:19:50.0,1378,1,1379,1,1379,746,12666
11:19:52.0,1378,1,1380,60,1379,746,12666
11:20:38.0,1378,1,1379,1,1379,746,12666
11:20:40.0,1378,1,1379,9,1379,746,12666
11:20:42.0,1378,1,1379,10,1379,746,12666
11:20:43.0,1378,1,1379,8,1379,746,12666
11:20:47.0,1378,1,1379,2,1379,746,12666
11:21:38.0,1378,2,1379,2,1379,746,12666
11:22:01.0,1378,1,1379,2,1379,746,12666
11:24:54.0,1378,2,1379,2,1379,746,12666
11:25:13.0,1378,2,1379,1,1379,748,12666
11:25:29.0,1378,1,1379,1,1378,750,12666
11:25:35.0,1377,1,1379,1,1378,752,12664
11:26:05.0,1376,7,1379,1,1378,752,12664
11:26:26.0,1376,7,1378,1,1378,752,12664
11:26:26.0,1376,6,1378,1,1378,752,12664
11:26:51.0,1377,1,1378,1,1378,752,12664
11:27:21.0,1377,1,1379,2,1378,754,12664
11:27:46.0,1376,6,1379,2,1378,754,12664
11:27:49.0,1376,6,1379,1,1378,754,12664
11:27:56.0,1376,6,1379,2,1378,754,12664
11:27:56.0,1376,6,1378,1,1378,754,12664
11:28:11.0,1376,6,1379,8,1378,756,12666
11:28:57.0,1376,6,1379,9,1378,756,12666
11:29:03.0,1376,6,1379,10,1378,756,12666
11:29:08.0,1376,6,1379,12,1378,756,12666
11:29:09.0,1376,6,1379,21,1378,756,12666
11:29:12.0,1376,6,1379,20,1378,756,12666
11:29:20.0,1376,6,1379,19,1378,756,12666
11:29:30.0,1376,6,1379,11,1378,756,12666
11:29:30.0,1376,6,1379,12,1378,756,12666
11:29:36.0,1376,6,1379,11,1378,756,12666
11:29:40.0,1376,6,1378,1,1378,756,12666
11:29:53.0,1376,6,1379,12,1378,756,12666
11:29:54.0,1376,6,1379,11,1378,756,12666
11:29:55.0,1376,6,1379,10,1378,756,12666
11:29:58.0,1376,6,1379,9,1378,756,12666
11:29:59.0,1376,6,1379,7,1378,756,12666
11:29:59.0,1376,6,1378,1,1378,756,12666
13:30:00.0,1376,6,1379,3,1378,756,12666
13:30:01.0,1376,6,1379,4,1378,756,12666
13:30:05.0,1376,6,1379,3,1378,756,12666
13:30:06.0,1377,1,1379,3,1378,756,12666
13:30:13.0,1376,6,1379,3,1378,756,12666
13:30:16.0,1376,6,1379,8,1378,756,12666
13:30:22.0,1376,6,1379,16,1378,756,12666
13:30:26.0,1376,6,1379,17,1378,756,12666
13:30:26.0,1376,6,1379,18,1378,756,12666
13:30:26.0,1376,6,1379,17,1378,756,12666
13:30:27.0,1376,6,1379,16,1378,756,12666
13:30:33.0,1376,6,1379,15,1378,756,12666
13:30:39.0,1376,6,1379,13,1378,756,12666
13:31:03.0,1376,6,1379,15,1378,756,12666
13:31:05.0,1376,6,1379,16,1378,756,12666
13:31:12.0,1376,6,1379,17,1378,756,12666
13:31:15.0,1376,6,1379,18,1378,756,12666
13:31:23.0,1376,6,1378,1,1378,756,12666
13:31:37.0,1376,6,1379,21,1378,758,12668
13:31:37.0,1376,6,1379,20,1378,758,12668
13:31:45.0,1376,6,1379,25,1378,758,12668
13:32:05.0,1376,6,1379,20,1378,758,12668
13:32:06.0,1376,6,1379,23,1378,758,12668
13:32:10.0,1376,6,1379,44,1378,758,12668
13:32:50.0,1376,6,1379,46,1378,758,12668
13:32:52.0,1376,6,1379,47,1378,758,12668
13:33:19.0,1376,5,1378,11,1378,758,12668
13:33:20.0,1376,5,1378,21,1378,758,12668
13:33:21.0,1376,5,1378,26,1378,758,12668
13:33:21.0,1376,5,1378,27,1378,758,12668
13:33:29.0,1376,5,1378,33,1378,758,12668
13:33:41.0,1376,5,1378,34,1378,758,12668
13:34:06.0,1376,5,1378,35,1378,758,12668
13:34:15.0,1376,5,1378,31,1378,758,12668
13:34:16.0,1376,5,1377,2,1378,758,12668
13:34:17.0,1376,5,1378,33,1378,758,12668
13:34:22.0,1376,5,1378,32,1378,758,12668
13:34:27.0,1376,5,1378,31,1378,758,12668
13:34:29.0,1376,5,1378,29,1378,758,12668
13:35:08.0,1376,5,1378,31,1378,758,12668
13:35:14.0,1376,5,1377,1,1378,758,12668
13:35:15.0,1376,5,1378,31,1377,760,12668
13:35:32.0,1376,5,1378,30,1377,760,12668
13:35:42.0,1376,5,1378,32,1377,760,12668
13:36:10.0,1376,5,1378,30,1377,760,12668
13:36:16.0,1376,5,1378,31,1377,760,12668
13:36:31.0,1376,5,1378,30,1377,760,12668
13:36:48.0,1376,5,1378,31,1377,760,12668
13:36:48.0,1376,5,1377,2,1377,760,12668
13:36:49.0,1376,5,1377,12,1377,760,12668
13:36:52.0,1376,5,1377,6,1377,760,12668
13:36:55.0,1376,4,1377,6,1376,762,12668
13:37:00.0,1376,4,1377,12,1376,762,12668
13:37:03.0,1376,4,1377,6,1376,762,12668
13:37:07.0,1376,4,1377,1,1376,762,12668
13:37:07.0,1376,4,1378,29,1376,762,12668
13:37:10.0,1376,4,1378,19,1376,762,12668
13:37:27.0,1376,4,1378,17,1376,762,12668
13:37:28.0,1376,4,1378,11,1376,762,12668
13:37:34.0,1376,4,1378,17,1376,762,12668
13:37:36.0,1376,4,1378,16,1376,762,12668
13:37:40.0,1376,4,1378,15,1376,762,12668
13:37:42.0,1376,4,1378,25,1376,762,12668
13:37:55.0,1376,4,1378,26,1376,762,12668
13:37:55.0,1376,4,1378,28,1376,762,12668
13:38:02.0,1376,4,1378,27,1376,762,12668
13:38:06.0,1376,4,1378,26,1376,762,12668
13:38:13.0,1376,4,1377,1,1376,762,12668
13:38:42.0,1376,4,1378,12,1376,762,12668
13:38:43.0,1376,4,1378,11,1376,762,12668
13:38:43.0,1376,4,1378,7,1376,762,12668
13:38:46.0,1376,4,1378,6,1376,762,12668
13:38:46.0,1376,4,1378,8,1376,762,12668
13:38:51.0,1376,4,1378,14,1376,762,12668
13:38:52.0,1376,4,1378,7,1376,762,12668
13:39:00.0,1376,4,1378,14,1376,762,12668
13:39:03.0,1376,4,1378,16,1376,762,12668
13:39:12.0,1376,4,1378,14,1376,762,12668
13:39:13.0,1376,4,1378,15,1376,762,12668
13:39:14.0,1376,4,1378,17,1376,762,12668
13:39:26.0,1376,4,1378,18,1376,762,12668
13:39:26.0,1376,4,1378,14,1376,762,12668
13:39:42.0,1376,4,1378,13,1376,762,12668
13:39:48.0,1376,4,1378,2,1376,762,12668
13:40:02.0,1376,4,1378,1,1376,762,12668
13:40:08.0,1376,4,1378,2,1376,762,12668
13:40:11.0,1376,4,1378,3,1376,762,12668
13:40:15.0,1376,4,1378,4,1376,762,12668
13:40:24.0,1376,4,1378,3,1376,762,12668
13:41:37.0,1376,4,1378,13,1376,762,12668
13:41:45.0,1376,4,1378,12,1376,762,12668
13:41:51.0,1376,4,1378,14,1376,762,12668
13:41:54.0,1376,4,1377,8,1376,762,12668
13:41:54.0,1376,4,1377,7,1376,762,12668
13:41:56.0,1376,3,1377,7,1376,764,12668
13:41:57.0,1376,3,1378,14,1376,764,12668
13:42:28.0,1376,3,1378,20,1376,764,12668
13:42:59.0,1376,3,1378,10,1376,764,12668
13:43:02.0,1376,3,1378,12,1376,764,12668
13:43:32.0,1376,3,1378,11,1376,764,12668
13:43:33.0,1376,3,1378,5,1376,764,12668
13:43:34.0,1376,3,1378,11,1376,764,12668
13:43:41.0,1376,3,1378,12,1376,764,12668
13:43:50.0,1376,3,1377,7,1376,764,12668
13:43:55.0,1376,3,1378,12,1376,764,12668
13:44:03.0,1376,3,1378,22,1376,764,12668
13:44:07.0,1376,3,1378,21,1376,764,12668
13:44:27.0,1376,3,1378,19,1376,764,12668
13:44:41.0,1376,3,1378,13,1376,764,12668
13:44:54.0,1376,6,1378,13,1376,764,12668
13:45:08.0,1376,6,1378,10,1376,764,12668
13:45:08.0,1376,6,1378,11,1376,764,12668
13:45:10.0,1376,6,1378,14,1376,764,12668
13:46:09.0,1376,6,1378,13,1376,764,12668
13:46:16.0,1376,6,1378,16,1376,764,12668
13:46:21.0,1376,6,1378,14,1376,764,12668
13:46:42.0,1376,6,1378,16,1376,764,12668
13:46:51.0,1376,6,1378,17,1376,764,12668
13:46:54.0,1376,5,1378,17,1376,766,12668
13:47:13.0,1376,5,1377,4,1376,766,12668
13:47:13.0,1376,5,1378,20,1376,766,12668
13:47:13.0,1376,5,1378,17,1376,766,12668
13:47:16.0,1376,5,1378,18,1376,766,12668
13:47:18.0,1376,5,1378,22,1376,766,12668
13:47:23.0,1376,5,1378,20,1376,766,12668
13:47:33.0,1376,4,1378,20,1376,768,12668
13:47:36.0,1376,4,1378,23,1376,768,12668
13:47:50.0,1376,4,1378,24,1376,768,12668
13:47:51.0,1375,29,1378,24,1376,776,12668
13:47:52.0,1375,30,1378,24,1376,776,12668
13:48:07.0,1375,29,1378,24,1376,776,12668
13:48:09.0,1375,29,1378,23,1376,776,12668
13:48:16.0,1375,30,1378,23,1376,776,12668
13:48:17.0,1375,33,1378,23,1376,776,12668
13:48:19.0,1375,32,1378,23,1376,776,12668
13:48:19.0,1375,29,1378,23,1376,776,12668
13:48:22.0,1375,30,1378,23,1376,776,12668
13:48:26.0,1375,30,1378,24,1376,776,12668
13:48:28.0,1375,30,1378,23,1376,776,12668
13:48:48.0,1375,30,1378,25,1376,776,12668
13:48:57.0,1375,30,1378,26,1376,776,12668
13:49:04.0,1375,30,1378,20,1376,776,12668
13:49:07.0,1375,30,1378,24,1376,776,12668
13:49:09.0,1375,30,1378,28,1376,776,12668
13:49:09.0,1375,30,1378,29,1376,776,12668
13:49:20.0,1375,30,1378,32,1376,776,12668
13:49:31.0,1375,30,1377,1,1376,776,12668
13:50:23.0,1375,29,1377,1,1376,776,12668
13:50:29.0,1375,30,1377,1,1376,776,12668
13:50:33.0,1375,29,1377,2,1376,776,12668
13:50:33.0,1375,29,1377,3,1376,776,12668
13:50:37.0,1375,29,1376,1,1376,776,12668
13:50:53.0,1375,30,1376,1,1376,776,12668
13:50:53.0,1375,30,1377,1,1376,778,12666
13:50:58.0,1375,30,1378,39,1376,778,12666
13:50:58.0,1375,30,1378,38,1376,778,12666
13:51:18.0,1375,30,1378,41,1376,778,12666
13:51:18.0,1375,30,1377,1,1376,778,12666
13:52:50.0,1375,29,1377,5,1376,778,12666
13:52:53.0,1376,52,1377,1,1377,874,12670
13:53:40.0,1377,1,1378,2,1377,876,12668
13:53:41.0,1376,52,1378,1,1377,878,12666
13:53:44.0,1377,2,1378,1,1377,878,12666
13:54:02.0,1378,1,1379,4,1378,880,12666
13:54:03.0,1376,52,1379,7,1378,882,12664
13:54:03.0,1376,52,1379,8,1378,882,12664
13:54:09.0,1376,52,1379,7,1378,882,12664
13:54:13.0,1377,1,1379,7,1378,882,12664
13:54:14.0,1376,52,1379,8,1378,882,12664
13:54:15.0,1376,52,1379,7,1378,882,12664
13:54:17.0,1377,1,1379,7,1378,882,12664
13:54:21.0,1377,2,1379,7,1378,882,12664
13:54:27.0,1377,1,1379,7,1378,882,12664
13:54:30.0,1377,2,1379,7,1378,882,12664
13:54:30.0,1377,3,1379,7,1378,882,12664
13:54:34.0,1377,4,1379,6,1378,882,12664
13:54:36.0,1377,5,1379,6,1378,882,12664
13:54:38.0,1377,5,1379,5,1378,882,12664
13:54:38.0,1377,5,1379,2,1378,882,12664
13:54:59.0,1377,10,1379,2,1378,882,12664
13:55:03.0,1377,10,1379,1,1379,884,12664
13:55:33.0,1377,5,1379,1,1379,884,12664
13:55:38.0,1377,10,1379,1,1379,884,12664
13:55:47.0,1378,2,1379,1,1379,884,12664
13:56:04.0,1378,4,1379,1,1379,884,12664
13:56:05.0,1378,5,1379,1,1379,884,12664
13:56:15.0,1378,4,1379,1,1379,884,12664
13:56:18.0,1378,3,1379,1,1379,884,12664
13:56:24.0,1378,2,1379,1,1379,884,12664
13:56:37.0,1378,1,1379,1,1379,884,12664
13:56:38.0,1378,2,1379,1,1379,884,12664
13:56:43.0,1377,15,1379,1,1379,884,12664
13:56:45.0,1377,10,1379,1,1379,884,12664
13:56:46.0,1377,10,1379,2,1379,884,12664
13:56:58.0,1377,12,1379,2,1379,884,12664
13:57:04.0,1377,12,1380,8,1379,888,12664
13:57:05.0,1377,12,1380,7,1379,888,12664
13:57:17.0,1377,12,1380,8,1379,888,12664
13:57:20.0,1377,12,1380,7,1379,888,12664
13:57:27.0,1377,13,1380,7,1379,888,12664
13:57:42.0,1378,1,1380,7,1379,888,12664
13:57:53.0,1378,2,1380,7,1379,888,12664
13:57:55.0,1378,3,1380,7,1379,888,12664
13:57:59.0,1378,2,1380,7,1379,888,12664
13:58:06.0,1378,1,1380,8,1379,888,12664
13:58:11.0,1378,1,1380,7,1379,888,12664
13:58:15.0,1378,2,1380,7,1379,888,12664
13:58:42.0,1378,1,1380,7,1379,888,12664
13:58:44.0,1379,52,1380,7,1379,888,12664
13:59:33.0,1379,52,1380,6,1379,888,12664
13:59:46.0,1379,52,1380,5,1380,890,12666
14:00:53.0,1379,52,1380,4,1380,892,12668
14:01:25.0,1379,51,1380,4,1379,894,12668
14:01:28.0,1379,50,1380,4,1379,896,12668
14:01:29.0,1379,49,1380,4,1379,898,12668
14:01:29.0,1379,48,1380,4,1379,900,12668
14:02:26.0,1379,48,1380,9,1379,900,12668
14:02:54.0,1379,48,1380,11,1379,900,12668
14:02:58.0,1379,43,1380,11,1379,910,12668
14:03:12.0,1379,43,1380,9,1379,910,12668
14:03:40.0,1379,33,1380,9,1379,930,12668
14:05:01.0,1379,34,1380,9,1379,930,12668
14:05:11.0,1379,34,1380,11,1379,930,12668
14:05:26.0,1379,34,1380,12,1379,930,12668
14:05:32.0,1379,32,1380,12,1379,934,12668
14:05:50.0,1379,31,1380,12,1379,936,12670
14:06:08.0,1379,31,1380,10,1379,936,12670
14:07:14.0,1379,32,1380,10,1379,936,12670
14:09:12.0,1379,31,1380,10,1379,936,12670
14:10:34.0,1379,31,1380,11,1379,936,12670
14:10:36.0,1379,31,1380,16,1379,936,12670
14:10:41.0,1379,31,1380,11,1379,936,12670
14:10:56.0,1379,30,1380,10,1379,938,12670
14:11:18.0,1379,23,1380,10,1379,938,12670
14:11:19.0,1379,12,1380,10,1379,938,12670
14:11:19.0,1379,13,1380,10,1379,938,12670
14:11:21.0,1379,12,1380,10,1379,938,12670
14:11:25.0,1379,11,1380,10,1379,938,12670
14:11:26.0,1379,8,1380,10,1379,938,12670
14:11:27.0,1379,7,1380,10,1379,938,12670
14:11:29.0,1379,14,1380,10,1379,938,12670
14:11:30.0,1379,13,1380,10,1379,938,12670
14:11:34.0,1379,8,1380,10,1379,938,12670
14:11:37.0,1379,7,1380,10,1379,938,12670
14:11:40.0,1379,6,1380,10,1379,938,12670
14:11:40.0,1379,3,1380,10,1379,938,12670
14:11:44.0,1379,1,1380,10,1379,938,12670
14:11:45.0,1378,17,1380,10,1379,940,12672
14:11:58.0,1378,18,1380,10,1379,940,12672
14:12:20.0,1378,16,1380,10,1379,940,12672
14:12:22.0,1378,11,1380,10,1379,940,12672
14:12:22.0,1378,10,1380,10,1379,940,12672
14:12:30.0,1378,10,1380,12,1379,940,12672
14:12:31.0,1377,29,1380,12,1379,940,12672
14:13:13.0,1378,1,1380,12,1379,940,12672
14:13:17.0,1377,29,1379,1,1379,940,12672
14:13:23.0,1377,29,1379,2,1379,940,12672
14:14:16.0,1377,30,1380,12,1379,940,12672
14:14:24.0,1377,30,1379,1,1379,940,12672
14:14:25.0,1378,21,1379,1,1379,940,12672
14:14:28.0,1378,20,1379,1,1379,940,12672
14:14:34.0,1378,19,1379,1,1379,940,12672
14:14:41.0,1378,18,1379,1,1379,940,12672
14:14:46.0,1378,17,1379,1,1379,940,12672
14:14:48.0,1378,16,1379,1,1379,940,12672
14:14:48.0,1378,15,1379,1,1379,940,12672
14:14:51.0,1378,14,1379,1,1379,940,12672
14:14:54.0,1378,12,1379,1,1379,940,12672
14:14:57.0,1378,11,1379,1,1379,940,12672
14:15:03.0,1378,1,1379,1,1379,940,12672
14:15:04.0,1377,30,1379,1,1379,940,12672
14:15:28.0,1378,12,1379,1,1379,940,12672
14:15:44.0,1378,11,1379,1,1379,940,12672
14:15:47.0,1378,10,1379,1,1378,942,12674
14:15:48.0,1378,11,1379,1,1378,942,12674
14:16:11.0,1378,10,1379,1,1378,942,12674
14:16:13.0,1378,11,1379,1,1378,942,12674
14:16:19.0,1378,16,1379,1,1378,942,12674
14:16:24.0,1378,18,1379,1,1378,942,12674
14:16:33.0,1378,17,1379,1,1378,942,12674
14:16:36.0,1378,17,1380,12,1379,944,12676
14:16:48.0,1378,11,1380,12,1379,944,12676
14:16:51.0,1378,1,1379,2,1379,944,12676
14:17:02.0,1378,3,1380,12,1379,944,12676
14:17:07.0,1378,2,1380,12,1379,944,12676
14:17:11.0,1378,12,1380,12,1379,944,12676
14:17:12.0,1378,12,1379,1,1379,944,12676
14:17:21.0,1378,11,1379,2,1379,944,12676
14:17:27.0,1378,14,1379,2,1379,944,12676
14:18:10.0,1378,13,1379,2,1379,944,12676
14:18:54.0,1378,14,1379,2,1379,944,12676
14:18:57.0,1378,13,1379,1,1379,946,12678
14:18:58.0,1378,13,1380,12,1379,948,12678
14:19:04.0,1378,17,1380,12,1379,948,12678
14:19:09.0,1378,17,1380,11,1379,948,12678
14:19:09.0,1379,1,1380,10,1379,948,12678
14:19:17.0,1379,9,1380,10,1379,948,12678
14:19:25.0,1379,11,1380,10,1379,948,12678
14:19:27.0,1379,15,1380,10,1379,948,12678
14:19:29.0,1379,11,1380,10,1379,948,12678
14:19:33.0,1379,16,1380,10,1379,948,12678
14:19:35.0,1379,16,1380,9,1380,950,12678
14:19:42.0,1379,19,1380,9,1380,950,12678
14:19:43.0,1379,20,1380,9,1380,950,12678
14:19:50.0,1379,15,1380,7,1380,954,12676
14:19:50.0,1379,10,1380,7,1380,954,12676
14:19:54.0,1379,10,1380,6,1380,954,12676
14:20:00.0,1379,11,1380,6,1380,954,12676
14:20:11.0,1379,12,1380,6,1380,954,12676
14:20:14.0,1379,14,1380,6,1380,954,12676
14:20:30.0,1379,15,1380,6,1380,954,12676
14:20:37.0,1379,14,1380,6,1380,954,12676
14:20:40.0,1379,13,1380,6,1379,956,12676
14:20:45.0,1379,14,1380,6,1379,956,12676
14:21:00.0,1379,15,1380,6,1379,956,12676
14:21:02.0,1379,10,1380,6,1379,956,12676
14:21:04.0,1379,15,1380,6,1379,956,12676
14:21:08.0,1379,14,1380,6,1379,956,12676
14:21:11.0,1379,15,1380,6,1379,956,12676
14:21:38.0,1379,16,1380,6,1379,956,12676
14:21:43.0,1379,17,1380,6,1379,956,12676
14:22:11.0,1379,17,1380,1,1379,956,12676
14:22:32.0,1379,18,1380,1,1379,956,12676
14:22:45.0,1379,23,1380,1,1379,956,12676
14:22:47.0,1379,15,1380,1,1379,956,12676
14:22:48.0,1379,7,1380,1,1379,956,12676
14:22:50.0,1378,19,1380,2,1379,956,12676
14:22:51.0,1378,19,1380,1,1379,956,12676
14:22:57.0,1378,19,1380,2,1379,956,12676
14:23:01.0,1378,19,1380,1,1379,956,12676
14:23:02.0,1378,14,1380,1,1379,956,12676
14:23:03.0,1378,15,1380,1,1379,956,12676
14:23:09.0,1378,15,1380,3,1379,956,12676
14:23:31.0,1378,17,1380,3,1379,956,12676
14:23:46.0,1378,17,1380,1,1379,956,12676
14:23:49.0,1379,5,1380,1,1379,956,12676
14:23:57.0,1378,17,1380,1,1379,956,12676
14:24:04.0,1378,18,1380,1,1379,956,12676
14:24:06.0,1378,19,1380,1,1379,956,12676
14:24:18.0,1379,2,1380,1,1379,956,12676
14:24:53.0,1378,21,1380,1,1379,956,12676
14:24:56.0,1378,20,1380,1,1379,956,12676
14:24:59.0,1378,15,1380,1,1379,956,12676
14:25:02.0,1378,14,1380,1,1379,956,12676
14:25:14.0,1378,12,1380,1,1379,956,12676
14:25:14.0,1377,27,1379,2,1379,956,12676
14:25:26.0,1377,27,1379,1,1379,956,12676
14:25:32.0,1377,27,1380,1,1379,956,12676
14:25:33.0,1378,2,1380,1,1379,956,12676
14:25:34.0,1378,8,1380,1,1379,956,12676
14:25:41.0,1378,2,1380,1,1379,956,12676
14:25:49.0,1378,3,1380,1,1379,956,12676
14:26:07.0,1378,3,1380,3,1379,956,12676
14:26:17.0,1378,2,1380,3,1379,956,12676
14:26:21.0,1377,27,1379,2,1379,956,12676
14:27:31.0,1377,27,1380,3,1379,956,12676
14:27:31.0,1377,27,1379,2,1379,956,12676
14:28:48.0,1377,27,1380,3,1379,956,12676
14:29:17.0,1378,26,1380,3,1379,956,12676
14:29:39.0,1378,26,1380,6,1379,956,12676
14:29:41.0,1378,26,1380,3,1379,956,12676
14:29:52.0,1378,17,1380,3,1378,974,12676
14:30:41.0,1378,17,1380,6,1378,974,12676
14:30:58.0,1378,17,1380,12,1378,974,12676
14:31:02.0,1378,17,1380,11,1378,974,12676
14:31:03.0,1378,18,1380,11,1378,974,12676
14:31:10.0,1378,18,1380,8,1378,974,12676
14:31:29.0,1378,18,1380,3,1378,974,12676
14:31:35.0,1378,17,1380,3,1378,974,12676
14:33:15.0,1378,17,1380,5,1378,974,12676
14:33:19.0,1378,17,1380,7,1378,974,12676
14:33:28.0,1378,17,1380,5,1378,974,12676
14:33:40.0,1378,17,1380,3,1378,974,12676
14:34:01.0,1379,1,1380,3,1378,974,12676
14:34:03.0,1379,2,1380,3,1378,974,12676
14:34:12.0,1378,17,1380,5,1378,974,12676
14:34:39.0,1378,11,1380,5,1378,974,12676
14:34:44.0,1377,23,1379,2,1378,974,12676
14:34:49.0,1377,23,1380,5,1378,974,12676
14:34:54.0,1379,17,1380,3,1378,974,12676
14:35:08.0,1378,13,1380,5,1378,974,12676
14:35:10.0,1378,5,1380,5,1378,974,12676
14:35:19.0,1378,7,1380,5,1378,974,12676
14:35:22.0,1378,15,1380,5,1378,974,12676
14:35:23.0,1378,7,1380,5,1378,974,12676
14:35:25.0,1378,5,1380,5,1378,974,12676
14:35:26.0,1378,8,1380,5,1378,974,12676
14:35:31.0,1378,10,1380,5,1378,974,12676
14:35:33.0,1378,4,1380,5,1378,974,12676
14:35:36.0,1378,2,1380,5,1378,974,12676
14:35:40.0,1378,2,1379,2,1378,974,12676
14:35:50.0,1378,2,1380,5,1378,974,12676
14:35:56.0,1378,2,1379,2,1378,974,12676
14:36:54.0,1378,2,1380,5,1378,974,12676
14:37:01.0,1378,2,1379,2,1378,974,12676
14:37:14.0,1378,2,1379,1,1378,974,12676
14:37:16.0,1378,11,1380,5,1378,974,12676
14:37:18.0,1378,12,1380,5,1378,974,12676
14:37:23.0,1378,2,1379,2,1378,974,12676
14:37:43.0,1378,1,1379,2,1378,976,12676
14:38:05.0,1378,1,1380,5,1378,976,12676
14:38:06.0,1378,3,1380,5,1378,976,12676
14:38:13.0,1378,1,1380,5,1378,976,12676
14:38:34.0,1378,3,1380,5,1378,976,12676
14:38:38.0,1378,4,1380,5,1378,976,12676
14:38:50.0,1378,1,1379,2,1378,976,12676
14:39:01.0,1378,1,1380,5,1378,976,12676
14:39:02.0,1378,2,1380,5,1378,976,12676
14:39:10.0,1378,4,1380,5,1378,976,12676
14:39:17.0,1378,2,1380,5,1378,976,12676
14:39:20.0,1378,3,1380,5,1378,976,12676
14:39:28.0,1378,4,1380,5,1378,976,12676
14:39:37.0,1378,6,1380,5,1378,976,12676
14:39:53.0,1378,6,1380,6,1378,976,12676
14:40:09.0,1378,1,1379,2,1378,976,12676
14:40:12.0,1378,1,1380,6,1378,976,12676
14:40:20.0,1378,1,1380,6,1378,986,12686
14:40:27.0,1378,1,1379,1,1378,986,12686
14:40:29.0,1378,1,1380,6,1378,986,12686
14:40:35.0,1378,2,1380,6,1378,986,12686
14:40:48.0,1378,1,1379,1,1378,986,12686
14:40:54.0,1378,2,1380,6,1378,986,12686
14:40:58.0,1378,1,1380,6,1378,988,12686
14:41:01.0,1378,1,1379,1,1378,988,12686
14:41:28.0,1377,1,1378,2,1378,990,12688
14:42:04.0,1377,1,1378,4,1378,990,12688
14:42:12.0,1377,1,1378,5,1378,990,12688
14:42:57.0,1377,1,1378,4,1378,990,12688
14:43:01.0,1377,1,1379,2,1378,998,12684
14:43:35.0,1377,1,1378,1,1378,998,12684
14:43:39.0,1377,1,1379,2,1378,998,12684
14:43:46.0,1377,1,1378,1,1378,998,12684
14:44:24.0,1377,1,1379,2,1378,998,12684
14:44:28.0,1377,2,1379,2,1378,998,12684
14:44:32.0,1377,2,1378,1,1378,998,12684
14:44:33.0,1377,1,1378,2,1378,998,12684
14:44:55.0,1377,1,1378,1,1378,998,12684
14:44:56.0,1377,1,1378,2,1378,998,12684
14:45:11.0,1376,8,1378,3,1377,1000,12682
14:45:11.0,1376,3,1378,3,1377,1000,12682
14:45:20.0,1376,2,1378,3,1377,1000,12682
14:45:26.0,1376,3,1378,3,1377,1000,12682
14:45:26.0,1376,2,1378,3,1377,1000,12682
14:45:30.0,1375,39,1376,1,1376,1004,12682
14:45:31.0,1375,39,1378,3,1376,1006,12682
14:45:35.0,1376,1,1378,3,1376,1006,12682
14:45:47.0,1376,1,1378,1,1376,1006,12682
14:45:57.0,1375,39,1378,1,1376,1006,12682
14:45:59.0,1375,39,1378,2,1376,1006,12682
14:46:04.0,1375,39,1378,3,1376,1006,12682
14:46:12.0,1375,39,1378,2,1376,1006,12682
14:46:20.0,1375,40,1378,1,1376,1006,12682
14:46:20.0,1375,42,1378,1,1376,1006,12682
14:46:34.0,1376,1,1378,1,1376,1006,12682
14:46:42.0,1375,42,1378,1,1376,1006,12682
14:46:46.0,1376,1,1378,1,1376,1006,12682
14:46:46.0,1375,42,1378,1,1376,1006,12682
14:47:05.0,1376,1,1378,1,1376,1006,12682
14:47:06.0,1375,42,1378,1,1376,1006,12682
14:47:32.0,1376,1,1378,1,1376,1006,12682
14:47:32.0,1375,42,1378,1,1376,1006,12682
14:47:34.0,1376,1,1378,1,1376,1006,12682
14:48:01.0,1376,2,1378,1,1376,1006,12682
14:48:01.0,1376,1,1378,1,1376,1006,12682
14:48:03.0,1376,2,1378,1,1376,1006,12682
14:48:03.0,1376,1,1378,1,1376,1006,12682
14:48:35.0,1375,40,1378,1,1376,1006,12682
14:48:42.0,1375,41,1378,1,1376,1006,12682
14:48:52.0,1376,1,1378,1,1376,1006,12682
14:48:53.0,1375,41,1378,1,1376,1006,12682
14:49:02.0,1376,1,1378,1,1376,1006,12682
14:50:16.0,1376,2,1378,1,1376,1006,12682
14:50:20.0,1377,1,1378,1,1376,1006,12682
14:50:22.0,1376,1,1379,1,1378,1008,12684
14:50:28.0,1376,1,1380,14,1378,1008,12684
14:50:57.0,1376,1,1379,1,1378,1008,12684
14:51:09.0,1375,40,1379,1,1378,1008,12684
14:51:29.0,1375,32,1378,1,1378,1008,12684
14:52:18.0,1375,40,1379,12,1378,1008,12684
14:52:32.0,1375,40,1378,1,1378,1008,12684
14:52:38.0,1375,32,1378,1,1378,1008,12684
14:53:41.0,1377,1,1378,1,1378,1008,12684
14:54:06.0,1377,1,1379,11,1378,1010,12686
14:54:26.0,1377,1,1379,14,1378,1010,12686
14:54:45.0,1377,1,1378,2,1378,1010,12686
14:54:52.0,1377,1,1378,3,1378,1010,12686
14:55:01.0,1375,30,1378,3,1377,1012,12684
14:55:04.0,1375,31,1378,3,1377,1012,12684
14:55:22.0,1377,1,1378,3,1377,1012,12684
14:55:26.0,1377,1,1378,1,1377,1012,12684
14:55:36.0,1375,32,1378,1,1377,1014,12682
14:56:18.0,1376,1,1378,1,1377,1014,12682
14:56:48.0,1375,32,1378,1,1377,1014,12682
14:56:54.0,1376,1,1378,1,1377,1014,12682
14:56:57.0,1376,2,1378,1,1377,1014,12682
14:56:58.0,1376,1,1378,1,1377,1014,12682
14:57:00.0,1376,2,1378,1,1377,1014,12682
14:57:45.0,1376,1,1378,1,1377,1014,12682
14:57:54.0,1376,2,1378,1,1377,1014,12682
14:58:08.0,1376,3,1378,1,1377,1014,12682
14:59:00.0,1377,1,1378,1,1377,1014,12682
14:59:13.0,1377,2,1378,1,1377,1014,12682
14:59:47.0,1377,1,1378,1,1377,1014,12682
14:59:50.0,1377,2,1378,1,1377,1014,12682
14:59:50.0,1377,1,1378,1,1377,1014,12682
14:59:51.0,1377,2,1378,1,1377,1014,12682
14:59:53.0,1377,1,1378,1,1377,1014,12682
14:59:57.0,1376,5,1378,1,1377,1014,12682
14:59:57.0,1376,5,1378,1,1377,1014,12682
