21:34:28.182,476.5,2,480.5,4,478.5,2,472
21:34:33.744,476.5,4,480.5,4,478.5,2,472
21:34:37.617,476.5,5,480.5,4,478.5,2,472
21:34:38.565,476.5,4,480.5,4,478.5,2,472
21:34:39.595,476.5,5,480.5,4,478.5,2,472
21:34:44.122,476.5,5,483.5,4,478.5,2,472
21:34:45.4,476.5,5,483,1,478.5,2,472
21:34:45.202,477,2,483,1,478.5,2,472
21:34:45.966,477,3,483,1,478.5,2,472
21:34:46.328,477.5,1,483,1,478.5,2,472
21:34:46.867,477.5,2,483,1,478.5,2,472
21:34:47.401,477.5,3,483,1,478.5,2,472
21:34:47.678,477.5,4,483,1,478.5,2,472
21:34:49.709,478,2,483,1,478.5,2,472
21:34:50.398,478,3,483,1,478.5,2,472
21:34:50.610,478,4,483,1,478.5,2,472
21:34:51.212,478,5,483,1,478.5,2,472
21:34:57.317,478,2,483,1,478.5,2,472
21:35:00.60,478,2,483,5,478.5,2,472
21:35:01.276,478,6,483,5,478.5,2,472
21:35:10.811,478,6,482.5,6,478.5,2,472
21:35:11.669,478,6,482.5,7,478.5,2,472
21:35:16.68,478,5,482.5,6,478.5,2,472
21:35:16.678,478.5,1,482.5,6,478.5,2,472
21:35:17.414,478.5,2,482.5,6,478.5,2,472
21:35:17.746,478.5,3,482.5,6,478.5,2,472
21:35:18.611,478.5,3,483,4,478.5,2,472
21:35:19.128,478.5,3,483,5,478.5,2,472
21:35:26.687,478.5,4,483,5,478.5,2,472
21:35:28.987,479,2,483,5,478.5,2,472
21:35:30.172,479,3,483,5,478.5,2,472
21:35:51.559,479,9,483,5,478.5,2,472
21:36:03.265,479,12,483,4,478.5,2,472
21:36:05.592,479,12,483.5,4,478.5,2,472
21:36:06.239,479,9,483,1,478.5,2,472
21:36:09.239,479,12,483.5,4,478.5,2,472
21:36:09.722,479,9,483,1,478.5,2,472
21:36:24.757,479,9,483,7,478.5,2,472
21:37:35.702,479,8,483,7,478.5,2,472
21:37:51.629,479,8,482.5,1,478.5,2,472
21:37:52.589,479,8,482.5,2,478.5,2,472
21:37:57.115,479,8,482.5,1,478.5,2,472
21:39:12.118,479,8,482.5,7,478.5,2,472
21:39:21.75,479,8,482.5,6,478.5,2,472
21:39:21.626,479,8,482,1,478.5,2,472
21:40:22.852,479,8,482,7,478.5,2,472
21:41:12.971,479,2,482,7,478.5,2,472
21:41:29.882,479,2,482,11,478.5,2,472
21:41:45.463,470.5,1,482,11,478.5,2,472
21:41:45.939,471,2,482,11,478.5,2,472
21:41:46.355,471,13,482,11,478.5,2,472
21:41:46.864,471,15,482,11,478.5,2,472
21:41:52.193,476,2,482,11,478.5,2,472
21:41:52.861,476,3,482,11,478.5,2,472
21:41:53.322,476,4,482,11,478.5,2,472
21:41:53.734,476,5,482,11,478.5,2,472
21:41:55.749,476,2,482,11,478.5,2,472
21:42:04.108,476,2,481.5,1,478.5,2,472
21:42:05.192,476,2,481,1,478.5,2,472
21:42:20.284,476,4,481,1,478.5,2,472
21:42:21.89,476,5,481,1,478.5,2,472
21:42:22.746,476,6,481,1,478.5,2,472
21:42:29.576,476,5,481,1,478.5,2,472
21:42:33.984,476.5,6,481,1,478.5,2,472
21:42:41.266,476.5,8,481,1,478.5,2,472
21:42:46.171,476.5,9,481,1,478.5,2,472
21:42:47.736,476.5,8,481,1,478.5,2,472
21:42:48.936,477,2,481,1,478.5,2,472
21:43:09.928,477,2,481,7,478.5,2,472
21:43:57.918,477,8,481,7,478.5,2,472
21:44:26.249,477,10,481,7,478.5,2,472
21:44:30.251,477,11,481,7,478.5,2,472
21:44:32.992,477,12,481,6,478.5,2,472
21:44:45.274,477,11,481,6,478.5,2,472
21:44:45.613,477,10,481,7,478.5,2,472
21:45:08.689,477,11,481,7,478.5,2,472
21:45:18.763,477,10,481,7,478.5,2,472
21:45:23.160,477,11,481,7,478.5,2,472
21:45:28.578,477,12,481,6,478.5,2,472
21:45:30.667,477,11,481,7,478.5,2,472
21:45:36.81,477,12,481,6,478.5,2,472
21:45:43.632,477,11,481,7,478.5,2,472
21:46:50.652,477,12,481,6,478.5,2,472
21:46:51.166,477,11,481,7,478.5,2,472
21:46:53.116,477,12,481,6,478.5,2,472
21:46:59.77,477,11,481,7,478.5,2,472
21:47:53.841,477,9,481,6,478.5,2,472
21:47:54.257,477,8,480.5,1,478.5,2,472
21:48:15.248,477,11,482,4,478.5,2,472
21:48:15.611,477,11,481.5,1,478.5,2,472
21:48:55.660,477,11,481.5,7,478.5,2,472
21:49:48.749,477,10,481.5,7,478.5,2,472
21:50:20.309,477,8,481.5,7,478.5,2,472
21:50:21.789,477,2,481.5,7,478.5,2,472
21:50:22.229,471,10,481.5,7,478.5,2,472
21:50:22.806,471.5,2,481.5,7,478.5,2,472
21:50:23.371,471.5,3,481.5,7,478.5,2,472
21:50:23.844,471.5,5,481.5,7,478.5,2,472
21:50:24.120,472,10,481.5,7,478.5,2,472
21:50:24.933,472,11,481.5,7,478.5,2,472
21:50:25.453,472.5,2,481.5,7,478.5,2,472
21:50:26.35,472.5,3,481.5,7,478.5,2,472
21:50:26.396,472.5,5,481.5,7,478.5,2,472
21:50:26.621,473,5,481.5,7,478.5,2,472
21:50:27.501,473,6,481.5,7,478.5,2,472
21:50:27.898,473.5,2,481.5,7,478.5,2,472
21:50:29.21,475,2,481.5,7,478.5,2,472
21:50:29.437,475,4,481.5,7,478.5,2,472
21:50:29.682,475,5,481,1,478.5,2,472
21:50:30.635,475,5,480.5,1,478.5,2,472
21:50:40.88,475,4,480.5,1,478.5,2,472
21:50:40.618,475.5,1,480.5,1,478.5,2,472
21:50:41.449,475.5,2,480.5,1,478.5,2,472
21:50:41.777,475.5,3,480.5,1,478.5,2,472
21:50:46.78,475.5,2,480.5,1,478.5,2,472
21:50:48.169,475.5,3,480.5,1,478.5,2,472
21:51:22.318,475.5,9,480.5,1,478.5,2,472
21:51:33.410,475.5,9,480,6,478.5,2,472
21:51:33.624,476,1,480,6,478.5,2,472
21:51:35.237,476,2,480,6,478.5,2,472
21:51:35.722,476,3,480,6,478.5,2,472
21:51:37.655,476,2,480,7,478.5,2,472
21:52:03.458,476,3,480,7,478.5,2,472
21:52:03.744,476,2,480,7,478.5,2,472
21:52:24.307,476,2,479.5,1,478.5,2,472
21:52:31.17,476,2,480,7,478.5,2,472
21:53:04.2,476,8,480,7,478.5,2,472
21:53:38.200,476,9,480,7,478.5,2,472
21:53:38.736,476,8,480,7,478.5,2,472
21:53:39.345,476,9,480,7,478.5,2,472
21:53:41.798,476,8,480,7,478.5,2,472
21:53:44.96,476,8,480,6,478.5,2,472
21:53:44.689,476,8,479.5,1,478.5,2,472
21:53:45.593,476,8,480,6,478.5,2,472
21:53:46.155,476,8,480,7,478.5,2,472
21:53:48.181,476,9,480,7,478.5,2,472
21:54:33.800,476,8,480,7,478.5,2,472
21:54:34.709,476,9,480,7,478.5,2,472
21:55:04.412,476,8,480,7,478.5,2,472
21:55:05.593,476,8,480,6,478.5,2,472
21:55:06.170,476,8,479.5,1,478.5,2,472
21:55:26.778,476,6,479.5,1,478.5,2,472
21:56:03.623,470.5,1,479.5,1,478.5,2,472
21:56:04.434,471,2,479.5,1,478.5,2,472
21:56:04.745,471,13,479.5,1,478.5,2,472
21:56:05.195,471,14,479.5,1,478.5,2,472
21:56:16.720,471,15,479.5,1,478.5,2,472
21:56:26.759,471,15,479.5,7,478.5,2,472
21:56:50.856,471.5,1,479.5,7,478.5,2,472
21:56:51.790,472,12,479.5,7,478.5,2,472
21:56:52.391,472,15,479.5,7,478.5,2,472
21:57:06.130,472.5,1,479.5,7,478.5,2,472
21:57:06.970,472.5,2,479.5,7,478.5,2,472
21:57:07.342,473,2,479.5,7,478.5,2,472
21:57:07.897,473,4,479.5,7,478.5,2,472
21:57:08.364,473,5,479.5,7,478.5,2,472
21:57:38.801,473.5,6,479.5,7,478.5,2,472
21:57:39.303,473.5,7,479.5,7,478.5,2,472
21:57:39.664,474,1,479.5,7,478.5,2,472
21:57:40.366,474,4,479.5,7,478.5,2,472
21:58:15.638,474,6,479.5,7,478.5,2,472
21:59:06.590,474,7,479.5,7,478.5,2,472
21:59:32.596,474,6,479.5,7,478.5,2,472
21:59:33.111,474,7,479.5,7,478.5,2,472
21:59:35.597,474,6,479.5,7,478.5,2,472
22:00:04.93,474,5,479.5,7,478.5,2,472
22:00:10.193,474,6,479.5,7,478.5,2,472
22:00:35.590,474,5,479.5,7,478.5,2,472
22:00:36.121,474.5,1,479.5,7,478.5,2,472
22:00:37.26,474.5,2,479.5,7,478.5,2,472
22:00:37.420,474.5,4,479.5,7,478.5,2,472
22:00:40.273,474.5,3,479.5,7,478.5,2,472
22:00:45.590,474.5,2,479.5,7,478.5,2,472
22:00:50.661,474.5,3,479.5,7,478.5,2,472
22:01:04.270,474.5,4,479.5,7,478.5,2,472
22:01:20.99,474.5,3,479.5,7,478.5,2,472
22:01:20.692,475,1,479.5,7,478.5,2,472
22:01:21.533,475,2,479.5,7,478.5,2,472
22:01:21.817,475,3,479.5,7,478.5,2,472
22:01:22.229,475,4,479.5,7,478.5,2,472
22:01:24.799,475,2,479.5,7,478.5,2,472
22:01:41.690,475,3,479.5,7,478.5,2,472
22:01:55.411,475,9,479.5,7,478.5,2,472
22:01:56.89,475,8,479.5,7,478.5,2,472
22:01:57.697,475,9,479.5,7,478.5,2,472
22:02:31.703,475,10,479.5,7,478.5,2,472
22:04:02.594,475,9,479.5,7,478.5,2,472
22:04:57.360,475,7,479.5,7,478.5,2,472
22:04:57.731,475,6,479.5,7,478.5,2,472
22:04:58.118,475,6,479,1,478.5,2,472
22:04:59.180,475,6,478.5,1,478.5,2,472
22:05:04.623,475,6,478,1,478.5,2,472
22:05:09.990,475,6,478.5,1,478.5,2,472
22:05:10.191,475,6,478.5,2,478.5,2,472
22:05:12.891,475,6,478.5,1,478.5,2,472
22:05:18.291,475,9,482,4,478.5,2,472
22:05:18.647,475,9,481.5,2,478.5,2,472
22:05:19.128,475,9,481.5,3,478.5,2,472
22:05:29.930,475,7,481.5,3,478.5,2,472
22:05:31.286,475,6,481.5,3,478.5,2,472
22:05:42.755,475,8,481.5,3,478.5,2,472
22:05:43.791,475,6,481.5,3,478.5,2,472
22:05:49.801,475,8,481.5,3,478.5,2,472
22:05:50.778,475,6,481.5,3,478.5,2,472
22:05:59.619,475,6,481,6,478.5,2,472
22:06:00.143,475,6,480.5,1,478.5,2,472
22:06:00.628,475,6,480,1,478.5,2,472
22:07:06.464,475,6,479.5,6,478.5,2,472
22:07:07.133,475,6,479,1,478.5,2,472
22:08:22.919,475,6,479,7,478.5,2,472
22:09:08.265,475,6,478.5,1,478.5,2,472
22:09:09.176,475,6,478,1,478.5,2,472
22:10:11.842,475,6,478,7,478.5,2,472
22:10:37.735,475,6,477,1,478.5,2,472
22:10:54.927,475,6,478,7,478.5,2,472
22:10:55.134,475,6,478,8,478.5,2,472
22:10:58.780,475,6,477.5,1,478.5,2,472
22:11:09.965,475,6,478,7,478.5,2,472
22:11:18.813,475,6,477.5,1,478.5,2,472
22:11:25.333,475,8,477.5,1,478.5,2,472
22:11:26.276,475,6,478,6,478.5,2,472
22:11:26.647,475,6,478,7,478.5,2,472
22:11:32.233,475,8,478,6,478.5,2,472
22:11:33.298,475,6,478,7,478.5,2,472
22:11:46.600,475,6,478,6,478.5,2,472
22:11:47.162,475,6,477.5,1,478.5,2,472
22:11:52.107,475,6,481.5,1,478.5,2,472
22:11:52.653,475,6,481,2,478.5,2,472
22:11:53.679,475,6,480.5,1,478.5,2,472
22:11:54.116,475,6,480,1,478.5,2,472
22:11:54.682,475,6,479.5,1,478.5,2,472
22:12:49.373,475,6,479.5,7,478.5,2,472
22:13:04.255,475,8,479.5,7,478.5,2,472
22:13:04.740,475,6,479.5,7,478.5,2,472
22:13:52.693,475,6,478,1,478.5,2,472
22:13:53.667,475,6,477.5,1,478.5,2,472
22:13:58.452,475,6,477,1,478.5,2,472
22:14:00.673,475,6,477,2,478.5,2,472
22:14:06.603,475,6,477,1,478.5,2,472
22:14:07.162,475,6,476.5,1,478.5,2,472
22:14:07.746,475,5,476.5,1,475,4,472
22:14:08.829,475,4,476.5,1,475,6,472
22:14:09.557,470,9,476.5,1,475,6,472
22:14:10.274,470.5,2,476.5,1,475,6,472
22:14:10.934,470.5,3,476.5,1,475,6,472
22:14:11.237,470.5,4,476.5,1,475,6,472
22:14:15.73,471,2,476.5,1,475,6,472
22:14:15.801,471,3,476.5,1,475,6,472
22:14:16.181,471.5,1,476.5,1,475,6,472
22:14:16.959,471.5,3,476.5,1,475,6,472
22:14:19.38,472,2,476.5,1,475,6,472
22:14:19.427,472,3,476.5,1,475,6,472
22:14:19.660,472,4,476.5,1,475,6,472
22:14:20.238,472,5,476.5,1,475,6,472
22:14:21.276,472,5,476,1,475,6,472
22:14:26.102,472,4,476,1,475,6,472
22:14:26.662,472.5,1,476,1,475,6,472
22:14:27.392,472.5,2,476,1,475,6,472
22:14:27.996,473,2,482,4,475,6,472
22:14:28.286,473,2,481.5,2,475,6,472
22:14:28.711,473,2,481.5,3,475,6,472
22:14:29.330,473,3,481.5,4,475,6,472
22:14:29.732,473,4,481.5,4,475,6,472
22:14:31.93,473,4,477,1,475,6,472
22:14:32.185,473,4,477,2,475,6,472
22:14:32.898,473,4,477,3,475,6,472
22:14:36.134,473,4,477,2,475,6,472
22:14:46.796,473,2,477,1,475,6,472
22:14:47.209,473,2,476.5,1,475,6,472
22:14:47.780,473,4,481.5,1,475,6,472
22:14:48.309,473,4,481,2,475,6,472
22:14:49.181,473,4,480.5,1,475,6,472
22:14:49.724,473,4,480,1,475,6,472
22:14:50.229,473,4,479.5,1,475,6,472
22:14:51.266,473,4,479.5,2,475,6,472
22:14:52.749,475,4,479.5,2,475,6,472
22:14:55.426,475,4,479,1,475,6,472
22:14:56.132,475,4,478.5,1,475,6,472
22:14:56.726,475,4,478.5,2,475,6,472
22:15:08.609,475,4,478,1,475,6,472
22:15:09.689,475,4,477.5,1,475,6,472
22:15:10.224,475,4,477.5,2,475,6,472
22:15:18.249,473,2,477.5,2,475,6,472
22:15:18.825,473,3,477.5,2,475,6,472
22:15:19.724,473,4,477.5,2,475,6,472
22:15:22.953,474,4,477.5,2,475,6,472
22:15:26.878,474,4,477,1,475,6,472
22:15:27.676,474,4,477,2,475,6,472
22:15:58.325,474,6,477,1,475,6,472
22:15:58.619,474.5,6,477,1,475,6,472
22:15:59.330,474.5,6,477,2,475,6,472
22:16:06.100,474.5,6,477,1,475,6,472
22:16:17.94,475,4,477,1,475,6,472
22:16:23.81,475,4,482,4,475,6,472
22:16:23.747,475,4,481.5,2,475,6,472
22:16:24.207,475,4,481.5,3,475,6,472
22:16:25.229,475,4,481.5,4,475,6,472
22:16:36.781,475,5,481.5,4,475,6,472
22:16:37.404,475,6,481.5,4,475,6,472
22:16:44.111,475,6,481.5,3,475,6,472
22:16:55.498,475,6,481,6,475,6,472
22:16:56.131,475,6,480.5,1,475,6,472
22:16:56.762,475,6,480.5,2,475,6,472
22:17:18.88,475,12,480.5,2,475,6,472
22:18:00.742,475.5,1,480.5,2,475,6,472
22:18:01.467,475.5,2,480.5,2,475,6,472
22:18:01.867,475.5,3,480.5,2,475,6,472
22:18:08.72,475.5,2,480.5,2,475,6,472
22:18:15.796,475,4,480.5,2,475,6,472
22:18:16.289,475,5,480.5,2,475,6,472
22:18:16.764,475,2,480.5,2,475,6,472
22:18:25.80,475,6,480.5,2,475,6,472
22:18:37.912,475,8,480.5,2,475,6,472
22:18:45.932,475,8,480,1,475,6,472
22:18:46.739,475,8,479.5,1,475,6,472
22:18:59.20,475,8,479,1,475,6,472
22:18:59.688,475,8,478.5,1,475,6,472
22:19:30.71,475.5,6,478.5,1,475,6,472
22:19:43.66,476,4,478.5,1,475,6,472
22:20:37.99,476,4,478.5,7,475,6,472
22:21:55.147,476,4,478.5,1,475,6,472
22:22:42.338,476,10,478.5,1,475,6,472
22:22:55.646,476,10,478.5,7,475,6,472
22:23:47.460,476,6,478.5,7,475,6,472
22:23:53.879,476,6,478,1,475,6,472
22:23:54.661,476,6,477.5,1,475,6,472
22:24:17.110,476,6,478,1,475,6,472
22:24:17.719,476,6,478,2,475,6,472
22:24:50.621,476,6,478,1,475,6,472
22:24:51.264,476,6,477.5,1,475,6,472
22:25:44.378,476,6,481.5,1,475,6,472
22:25:44.676,476,6,481,1,475,6,472
22:26:24.800,476,8,481,1,475,6,472
22:26:25.294,476,6,481,1,475,6,472
22:26:34.369,476,8,481,1,475,6,472
22:26:37.251,476,6,481,1,475,6,472
22:26:41.238,476,8,481,1,475,6,472
22:26:46.815,476,6,481,1,475,6,472
22:26:55.268,476,6,480.5,6,475,6,472
22:26:56.158,476,6,480,1,475,6,472
22:27:28.734,476,7,480,1,475,6,472
22:27:29.251,476,6,480,1,475,6,472
22:27:29.852,476,7,480,1,475,6,472
22:27:36.329,476,8,480,1,475,6,472
22:28:03.488,476,8,480,7,475,6,472
22:28:44.187,476,8,480,1,475,6,472
22:29:48.481,476,8,480,7,475,6,472
22:30:05.44,476,13,480,7,475,6,472
22:31:05.246,476.5,2,480,7,475,6,472
22:31:06.24,476.5,3,480,7,475,6,472
22:31:06.929,476.5,4,480,7,475,6,472
22:31:51.131,476.5,4,479.5,1,475,6,472
22:31:52.209,476.5,4,479,1,475,6,472
22:32:04.670,476.5,9,479,1,475,6,472
22:32:12.785,476.5,8,479,1,475,6,472
22:32:13.715,476.5,14,479,1,475,6,472
22:32:14.220,476.5,13,479,1,475,6,472
22:34:09.320,476.5,15,482,4,475,6,472
22:34:09.696,476.5,15,481.5,1,475,6,472
22:34:40.342,476.5,15,481.5,7,475,6,472
22:36:45.903,476.5,13,481.5,7,475,6,472
22:37:37.723,476.5,14,481.5,7,475,6,472
22:37:38.357,476.5,15,481.5,7,475,6,472
22:38:50.809,476.5,13,481.5,7,475,6,472
22:38:51.819,476.5,15,481.5,7,475,6,472
22:38:57.851,476.5,13,481.5,7,475,6,472
22:38:58.905,476.5,15,481.5,7,475,6,472
22:39:19.358,476.5,13,481.5,7,475,6,472
22:39:19.807,476.5,14,481.5,7,475,6,472
22:39:20.247,476.5,15,481.5,7,475,6,472
22:40:06.870,476.5,13,481.5,7,475,6,472
22:40:08.792,476.5,15,481.5,7,475,6,472
22:40:49.819,476.5,13,481.5,7,475,6,472
22:41:12.85,476.5,8,481.5,7,475,6,472
22:42:35.834,476.5,10,481.5,7,475,6,472
22:42:35.834,476.5,10,481.5,7,475,6,472
22:58:03.665,476.5,11,481.5,7,475,6,472
22:58:09.140,476.5,10,481.5,7,475,6,472
22:59:18.641,476.5,11,481.5,7,475,6,472
22:59:22.135,476.5,10,481.5,7,475,6,472
22:59:30.216,476.5,11,481.5,7,475,6,472
22:59:33.632,476.5,10,481.5,7,475,6,472
22:59:56.23,476.5,14,481.5,7,475,6,472
23:03:29.436,476.5,8,481.5,7,475,6,472
23:04:30.206,476.5,14,481.5,7,475,6,472
23:04:59.401,476.5,12,481.5,7,475,6,472
23:05:02.887,476.5,14,481.5,7,475,6,472
23:05:05.387,476.5,12,481.5,7,475,6,472
23:05:06.418,476.5,14,481.5,7,475,6,472
23:05:09.387,476.5,12,481.5,7,475,6,472
23:06:04.860,476.5,14,481.5,7,475,6,472
23:18:14.232,476.5,15,481.5,7,475,6,472
23:18:17.649,476.5,14,481.5,7,475,6,472
23:18:42.657,476.5,15,481.5,7,475,6,472
23:18:53.141,476.5,14,481.5,7,475,6,472
23:19:00.691,476.5,15,481.5,7,475,6,472
23:20:44.654,476.5,14,481.5,7,475,6,472
23:20:45.262,476.5,15,481.5,7,475,6,472
23:21:54.153,476.5,14,481.5,7,475,6,472
23:23:42.186,476.5,15,481.5,7,475,6,472
23:23:44.651,476.5,14,481.5,7,475,6,472
23:23:45.682,476.5,15,481.5,7,475,6,472
23:23:46.648,476.5,14,481.5,7,475,6,472
23:24:02.249,476.5,15,481.5,7,475,6,472
23:24:02.654,476.5,14,481.5,7,475,6,472
23:27:02.857,476.5,12,481.5,7,475,6,472
23:27:50.736,476.5,6,481.5,1,475,6,472
23:29:24.642,476.5,2,481.5,1,475,6,472
23:29:33.152,476.5,2,496,1,475,6,472
23:29:33.699,476.5,2,495.5,8,475,6,472
23:29:35.565,468.5,2,495.5,8,475,6,472
23:29:35.648,472.5,2,495.5,8,475,6,472
23:29:50.390,472.5,2,495.5,6,475,6,472
23:29:56.548,470,2,495.5,6,475,6,472
23:29:57.203,470,2,495.5,2,475,6,472
23:29:58.858,470,2,515,1,475,6,472
23:29:58.858,470,2,515,1,475,6,472
09:00:00.782,470.5,4,514,1,475,6,472
09:00:01.375,470.5,4,513.5,1,475,6,472
09:00:02.74,471,1,512.5,1,475,6,472
09:00:02.802,471.5,2,512,2,475,6,472
09:00:03.231,471.5,2,511,1,475,6,472
09:00:04.10,471.5,3,510.5,1,475,6,472
09:00:04.573,471.5,3,509.5,1,475,6,472
09:00:04.977,471.5,3,509.5,2,475,6,472
09:00:05.260,471.5,3,509,5,475,6,472
09:00:06.45,471.5,3,508,1,475,6,472
09:00:06.464,471.5,3,507.5,3,475,6,472
09:00:07.39,471.5,3,506.5,1,475,6,472
09:00:07.995,471.5,3,506,2,475,6,472
09:00:08.207,471.5,3,505,1,475,6,472
09:00:09.91,471.5,3,499,1,475,6,472
09:00:09.392,471.5,5,498.5,3,475,6,472
09:00:09.753,471.5,5,498,1,475,6,472
09:00:10.283,471.5,5,497.5,2,475,6,472
09:00:10.720,471.5,5,497,1,475,6,472
09:00:11.503,471.5,5,496.5,3,475,6,472
09:00:12.219,471.5,5,496,1,475,6,472
09:00:12.797,471.5,5,495.5,2,475,6,472
09:00:13.269,471.5,5,495,1,475,6,472
09:00:14.2,471.5,5,494.5,3,475,6,472
09:00:14.767,471.5,5,494,1,475,6,472
09:00:15.281,471.5,5,493.5,1,475,6,472
09:00:15.807,471.5,5,493,1,475,6,472
09:00:16.287,471.5,5,492.5,2,475,6,472
09:00:17.243,471.5,5,492,1,475,6,472
09:00:17.859,471.5,5,491.5,1,475,6,472
09:00:18.252,471.5,5,491,1,475,6,472
09:00:18.833,471.5,5,490.5,2,475,6,472
09:00:19.752,471.5,5,490,1,475,6,472
09:00:20.284,471.5,5,489.5,1,475,6,472
09:00:21.71,471.5,5,489,1,475,6,472
09:00:21.518,471.5,5,488.5,2,475,6,472
09:00:22.217,471.5,5,488,1,475,6,472
09:00:22.833,471.5,5,487.5,1,475,6,472
09:00:23.250,471.5,5,487,1,475,6,472
09:00:24.67,471.5,5,486.5,2,475,6,472
09:00:24.849,471.5,5,486,1,475,6,472
09:00:25.336,471.5,5,485.5,1,475,6,472
09:00:25.696,471.5,5,485,1,475,6,472
09:00:26.491,471.5,6,484.5,2,475,6,472
09:00:27.244,471.5,6,484,1,475,6,472
09:00:28.344,471.5,6,483.5,1,475,6,472
09:00:29.210,471.5,6,483,1,475,6,472
09:00:30.329,471.5,6,482.5,1,475,6,472
09:00:31.218,471.5,6,482,1,475,6,472
09:00:31.797,471.5,6,482,2,475,6,472
09:00:33.742,471.5,11,482,2,475,6,472
09:00:50.251,471.5,11,481.5,1,475,6,472
09:00:51.198,471.5,11,481,1,475,6,472
09:00:51.994,471.5,11,481,2,475,6,472
09:01:25.459,471.5,12,481,2,475,6,472
09:01:37.577,472,6,481,2,475,6,472
09:01:38.255,472.5,2,481,2,475,6,472
09:01:38.971,472.5,3,481,2,475,6,472
09:01:39.131,472.5,4,481,2,475,6,472
09:01:57.596,472.5,5,481,2,475,6,472
09:02:00.106,472.5,7,481,2,475,6,472
09:02:01.274,472.5,13,481,2,475,6,472
09:02:08.573,472.5,13,480.5,6,475,6,472
09:02:09.268,472.5,13,480,1,475,6,472
09:02:10.381,472.5,13,480,2,475,6,472
09:02:10.842,473,2,480,2,475,6,472
09:02:11.974,473.5,2,480,2,475,6,472
09:02:12.498,473.5,3,480,2,475,6,472
09:02:12.802,473.5,4,480,2,475,6,472
09:02:14.545,474,2,480,2,475,6,472
09:02:15.271,474.5,1,480,2,475,6,472
09:02:16.39,474.5,2,480,2,475,6,472
09:02:16.411,474.5,3,480,2,475,6,472
09:02:18.110,475,2,480,2,475,6,472
09:02:18.738,475,4,480,2,475,6,472
09:02:19.308,475,5,480,2,475,6,472
09:02:20.657,475,4,480,2,475,6,472
09:04:22.704,475,10,480,2,475,6,472
09:05:07.676,475,11,480,2,475,6,472
09:05:08.713,475,11,480,1,475,6,472
09:05:09.158,475,10,480,1,475,6,472
09:05:11.671,475,11,480,1,475,6,472
09:05:30.672,475,10,480,1,475,6,472
09:05:31.279,475,11,480,1,475,6,472
09:05:41.171,475,10,480,1,475,6,472
09:05:41.700,475.5,1,480,1,475,6,472
09:05:42.886,475.5,2,480,1,475,6,472
09:05:43.309,475.5,3,480,1,475,6,472
09:05:48.121,475.5,5,480,1,475,6,472
09:05:52.169,475.5,4,480,1,475,6,472
09:06:00.137,475.5,4,480,2,475,6,472
09:06:02.877,475.5,4,480,1,475,6,472
09:06:22.747,475.5,5,480,1,475,6,472
09:06:37.161,475.5,4,480,1,475,6,472
09:07:44.339,476,2,480,1,475,6,472
09:07:45.57,476,3,480,1,475,6,472
09:07:45.597,476,4,480,1,475,6,472
09:08:07.456,476,10,480,1,475,6,472
09:10:32.411,476,9,480,1,475,6,472
09:10:32.743,476,8,480,1,475,6,472
09:10:55.217,476,8,479.5,1,475,6,472
09:10:56.298,476,2,479,1,475,6,472
09:12:23.819,476,2,478.5,1,475,6,472
09:12:24.710,476,2,478,1,475,6,472
09:12:57.232,476,2,478,7,475,6,472
09:13:47.576,476,1,478,7,476,8,472
09:13:49.199,476,1,477.5,1,476,8,472
09:13:50.263,476,1,477,1,476,8,472
09:14:00.425,472.5,1,477,1,476,10,472
09:14:01.53,472.5,2,477,1,476,10,472
09:14:04.857,472.5,1,477,1,476,10,472
09:14:18.396,472.5,3,477,1,476,10,472
09:14:23.798,473,6,477,1,476,10,472
09:14:24.865,473,7,477,1,476,10,472
09:14:25.362,473,8,477,1,476,10,472
09:14:31.426,473,2,477,1,476,10,472
09:14:42.504,472.5,1,477,1,476,10,472
09:14:43.83,472.5,2,477,1,476,10,472
09:14:43.677,472.5,3,477,1,476,10,472
09:16:00.456,473,1,477,1,476,10,472
09:16:01.380,473,2,477,1,476,10,472
09:16:02.192,473,3,477,1,476,10,472
09:16:04.50,473,2,477,1,476,10,472
09:16:08.427,472.5,1,477,1,476,10,472
09:16:08.863,472.5,2,477,1,476,10,472
09:16:09.427,472.5,3,477,1,476,10,472
09:16:30.599,472.5,3,477,7,476,10,472
09:16:40.877,472.5,9,477,7,476,10,472
09:17:38.163,473,1,477,7,476,10,472
09:17:39.380,473,2,477,7,476,10,472
09:17:39.942,473,3,477,7,476,10,472
09:17:41.930,473,2,477,7,476,10,472
09:17:44.903,473,2,476.5,1,476,10,472
09:17:45.752,473,2,476,1,476,10,472
09:18:08.118,473,2,475.5,1,476,10,472
09:18:11.52,473,2,477,6,476,10,472
09:18:11.260,473,2,476,1,476,10,472
09:18:16.601,473.5,1,476,1,476,10,472
09:18:59.481,470,6,476,1,476,10,472
09:18:59.950,470.5,2,476,1,476,10,472
09:19:00.866,470.5,4,476,1,476,10,472
09:19:05.257,471,1,476,1,476,10,472
09:19:06.472,471.5,1,476,1,476,10,472
09:19:07.300,471.5,3,476,1,476,10,472
09:19:09.50,472,1,476,1,476,10,472
09:19:09.879,472,2,476,1,476,10,472
09:19:10.409,472,3,476,1,476,10,472
09:19:13.706,472,4,476,1,476,10,472
09:19:17.702,472,5,493.5,1,476,10,472
09:19:18.605,472,5,493,9,476,10,472
09:19:18.703,472,5,493,10,476,10,472
09:19:19.316,472,5,493,11,476,10,472
09:19:36.12,472,5,493,15,476,10,472
09:19:39.633,472,11,493,15,476,10,472
09:19:46.174,472,10,493,15,476,10,472
09:20:02.963,472.5,6,493,15,476,10,472
09:20:03.940,472.5,7,493,15,476,10,472
09:20:04.392,472.5,8,493,15,476,10,472
09:20:10.778,472.5,2,493,15,476,10,472
09:20:12.265,472.5,2,492,1,476,10,472
09:20:12.868,472.5,2,491.5,4,476,10,472
09:20:13.379,472.5,2,491,2,476,10,472
09:20:13.901,472.5,2,490.5,3,476,10,472
09:20:14.176,472.5,2,490.5,7,476,10,472
09:20:14.783,472.5,2,490,2,476,10,472
09:20:15.301,472.5,2,489.5,3,476,10,472
09:20:15.850,472.5,2,489.5,7,476,10,472
09:20:16.267,472.5,2,489,2,476,10,472
09:20:16.986,472.5,2,488.5,2,476,10,472
09:20:17.183,472.5,2,488.5,6,476,10,472
09:20:17.782,472.5,2,488,2,476,10,472
09:20:18.297,472.5,2,487.5,2,476,10,472
09:20:18.731,472.5,2,487.5,6,476,10,472
09:20:19.469,472.5,2,487,2,476,10,472
09:20:19.795,472.5,2,486.5,2,476,10,472
09:20:20.223,472.5,2,486.5,6,476,10,472
09:20:20.780,472.5,2,486,2,476,10,472
09:20:21.298,472.5,2,485.5,2,476,10,472
09:20:21.835,472.5,2,485.5,6,476,10,472
09:20:22.583,472.5,2,485,2,476,10,472
09:20:22.730,472.5,2,484.5,1,476,10,472
09:20:23.335,472.5,2,484,1,476,10,472
09:20:23.863,473,1,483.5,3,476,10,472
09:20:24.544,473,1,483.5,7,476,10,472
09:20:24.892,473,2,483,1,476,10,472
09:20:25.395,473,2,482.5,1,476,10,472
09:20:26.92,473,3,482,3,476,10,472
09:20:26.454,473,3,481.5,1,476,10,472
09:20:26.915,473,3,481,1,476,10,472
09:20:27.265,473,3,480.5,2,476,10,472
09:20:29.551,473,3,480.5,3,476,10,472
09:20:59.388,473,3,480,6,476,10,472
09:21:00.267,473,3,479.5,2,476,10,472
09:21:01.308,473,3,479.5,3,476,10,472
09:22:21.74,473.5,6,479.5,3,476,10,472
09:22:21.749,473.5,7,479.5,3,476,10,472
09:22:22.433,473.5,8,479.5,3,476,10,472
09:22:28.653,473.5,2,479.5,3,476,10,472
09:23:13.214,474,1,479.5,3,476,10,472
09:23:14.593,474,2,479.5,3,476,10,472
09:23:14.959,474,3,479.5,3,476,10,472
09:23:40.446,474,2,479.5,3,476,10,472
09:24:28.995,474.5,6,479.5,3,476,10,472
09:24:29.545,474.5,7,479.5,3,476,10,472
09:24:30.50,474.5,8,479.5,3,476,10,472
09:25:52.832,475,1,479.5,3,476,10,472
09:25:54.977,475,3,479.5,3,476,10,472
09:25:58.503,475,2,479.5,3,476,10,472
09:26:00.673,475,2,479,1,476,10,472
09:26:01.739,475,2,478.5,1,476,10,472
09:26:03.493,472,6,478.5,2,476,10,472
09:26:04.367,472,8,478.5,2,476,10,472
09:26:10.869,473,1,478.5,2,476,10,472
09:26:11.805,473,2,478.5,2,476,10,472
09:26:12.345,473,3,478.5,2,476,10,472
09:26:15.442,473,3,478,1,476,10,472
09:26:16.263,473,3,477.5,1,476,10,472
09:26:18.623,473,3,477,1,476,10,472
09:26:19.275,473,3,476.5,1,476,10,472
09:26:34.412,473,3,476,1,476,10,472
09:26:35.281,473,3,475.5,1,476,10,472
09:26:42.633,473,2,475.5,1,476,10,472
09:27:02.719,473,2,475,1,476,10,472
09:27:05.787,473,2,479.5,1,476,10,472
09:27:06.218,473,2,479,1,476,10,472
09:27:07.270,473,2,478.5,1,476,10,472
09:27:08.198,473,2,478,1,476,10,472
09:27:09.346,473,2,476,1,476,10,472
09:27:10.257,473,2,475.5,1,476,10,472
09:27:14.710,473.5,1,475.5,1,476,10,472
09:27:16.15,472,6,475.5,1,476,10,472
09:27:16.399,472,8,475.5,1,476,10,472
09:27:41.708,472,8,493,4,476,10,472
09:27:42.543,472,8,492.5,9,476,10,472
09:27:42.710,472,8,492.5,10,476,10,472
09:27:43.210,472,8,492.5,11,476,10,472
09:28:07.70,472.5,6,492.5,11,476,10,472
09:28:07.602,472.5,7,492.5,11,476,10,472
09:28:07.918,472.5,8,492.5,11,476,10,472
09:28:14.886,472.5,2,492.5,11,476,10,472
09:28:21.703,472.5,2,485,1,476,10,472
09:28:22.595,472.5,2,484.5,2,476,10,472
09:28:22.787,472.5,2,484,2,476,10,472
09:28:23.423,472.5,2,483.5,2,476,10,472
09:28:23.689,472.5,2,483.5,6,476,10,472
09:28:24.271,472.5,2,483,2,476,10,472
09:28:24.920,472.5,2,482.5,1,476,10,472
09:28:25.502,472.5,2,482,1,476,10,472
09:28:25.772,472.5,2,481.5,3,476,10,472
09:28:26.459,472.5,2,481,1,476,10,472
09:28:27.272,472.5,2,480.5,2,476,10,472
09:28:29.496,472.5,2,480.5,3,476,10,472
09:28:51.468,472.5,2,480,6,476,10,472
09:28:52.316,472.5,2,479.5,2,476,10,472
09:28:53.145,472.5,2,479.5,3,476,10,472
09:30:01.33,473,1,479.5,3,476,10,472
09:30:02.372,473,3,479.5,3,476,10,472
09:30:05.210,473,2,479.5,3,476,10,472
09:30:22.247,473.5,6,479.5,3,476,10,472
09:30:23.318,473.5,7,479.5,3,476,10,472
09:30:23.953,473.5,8,479.5,3,476,10,472
09:33:23.978,474,1,479.5,3,476,10,472
09:33:25.469,474,2,479.5,3,476,10,472
09:33:25.661,474,3,479.5,3,476,10,472
09:34:02.363,474,2,479.5,3,476,10,472
09:35:05.440,474,2,479,1,476,10,472
09:35:06.294,474,2,478.5,2,476,10,472
09:35:07.647,474,2,478.5,3,476,10,472
09:35:09.541,474,2,478,1,476,10,472
09:35:10.278,474,2,477.5,1,476,10,472
09:35:13.133,474,2,477,1,476,10,472
09:35:13.780,474,2,476.5,1,476,10,472
09:35:20.174,474,2,476,1,476,10,472
09:35:21.236,474,2,476,2,476,10,472
09:35:23.204,474,2,476,1,476,10,472
09:35:31.930,474.5,1,476,1,476,10,472
09:35:33.395,474.5,3,476,1,476,10,472
09:35:35.192,474.5,3,478,1,476,10,472
09:35:35.776,474.5,3,477.5,1,476,10,472
09:35:44.940,474.5,3,477,1,476,10,472
09:35:45.760,474.5,3,476.5,1,476,10,472
09:35:47.636,475,6,476.5,1,476,10,472
09:35:48.113,475,7,476.5,1,476,10,472
09:35:48.483,475,8,476,1,476,10,472
09:35:50.851,475,8,477,1,476,10,472
09:35:51.221,475,8,476.5,1,476,10,472
09:35:59.97,475,6,476.5,1,476,10,472
09:36:04.245,475,6,476,1,476,10,472
09:36:05.201,475,6,476,2,476,10,472
09:36:07.547,475,6,476,1,476,10,472
09:36:12.930,475,6,478,1,476,12,472
09:36:13.202,475,6,478,2,476,12,472
09:36:24.988,475,8,478,1,476,12,472
09:36:30.852,475,8,479,1,476,12,472
09:36:31.269,475,8,478.5,1,476,12,472
09:36:34.7,475,8,478,1,476,12,472
09:36:47.187,475,8,478.5,1,476,12,472
09:37:07.843,475,8,478.5,7,476,12,472
09:37:13.393,475,8,478,1,476,12,472
09:37:20.566,475,8,478.5,7,476,12,472
09:37:41.560,475,7,478.5,6,476,12,472
09:37:41.767,475,6,478,1,476,12,472
09:38:07.67,475,8,485,1,476,12,472
09:38:07.241,475,8,484.5,7,476,12,472
09:38:07.999,475,8,484.5,8,476,12,472
09:38:09.28,475,7,484.5,8,476,12,472
09:38:09.346,475,6,484.5,8,476,12,472
09:38:09.678,475,6,484.5,9,476,12,472
09:38:20.23,475,6,484.5,13,476,12,472
09:38:32.2,475,8,484.5,13,476,12,472
09:39:42.833,475,8,484,6,476,12,472
09:39:43.196,475,8,483.5,1,476,12,472
09:39:43.916,475,8,483,3,476,12,472
09:39:44.194,475,8,482.5,1,476,12,472
09:39:45.373,475,8,482,2,476,12,472
09:39:45.763,475,8,481.5,2,476,12,472
09:39:46.404,475,8,481.5,3,476,12,472
09:39:46.774,475,8,481,1,476,12,472
09:39:47.779,475,8,480.5,1,476,12,472
09:39:48.931,475,8,480,1,476,12,472
09:39:49.981,475,8,479.5,1,476,12,472
09:39:50.861,475,8,479,1,476,12,472
09:39:53.372,475,8,479,2,476,12,472
09:42:13.728,475,8,479,8,476,12,472
09:42:21.267,475,8,478.5,1,476,12,472
09:42:22.568,475,8,478,1,476,12,472
09:42:25.481,475,8,477.5,1,476,12,472
09:42:26.457,475,7,477.5,2,476,12,472
09:42:26.735,475,6,477.5,2,476,12,472
09:42:29.392,475,7,477.5,1,476,12,472
09:42:29.782,475,8,477.5,1,476,12,472
09:42:38.623,475,7,477.5,2,476,12,472
09:42:38.875,475,6,478.5,1,476,12,472
09:42:39.582,475,8,478,1,476,12,472
09:42:42.547,475,6,478,1,476,12,472
09:42:42.744,475,6,477.5,1,476,12,472
09:42:43.992,475,6,477.5,2,476,12,472
09:42:45.0,475,8,477.5,1,476,12,472
09:42:46.854,475,8,478.5,1,476,12,472
09:42:47.287,475,8,478,1,476,12,472
09:42:50.610,475,6,478,1,476,12,472
09:43:01.426,475,7,478,1,476,12,472
09:43:01.766,475,8,478,1,476,12,472
09:43:07.125,475,6,478,1,476,12,472
09:43:22.78,475,8,478,1,476,12,472
09:43:40.624,475,6,478,1,476,12,472
09:43:48.281,475,6,478,2,476,12,472
09:43:52.230,475,6,477.5,1,476,12,472
09:43:53.344,475,6,477.5,2,476,12,472
09:43:58.595,475,6,477.5,1,476,12,472
09:43:58.735,475,6,477,1,476,12,472
09:44:16.21,475,6,477.5,1,476,12,472
09:44:24.562,475,8,479.5,1,476,12,472
09:44:24.774,475,8,479,1,476,12,472
09:44:27.959,475,8,479,2,476,12,472
09:44:47.234,475,8,479,8,476,12,472
09:45:06.624,475,6,478.5,1,476,12,472
09:45:07.292,475,6,478,1,476,12,472
09:45:08.692,475,6,478,2,476,12,472
09:45:12.384,475,7,478,2,476,12,472
09:45:12.671,475,8,478,2,476,12,472
09:45:19.318,475,8,478,1,476,12,472
09:45:22.642,475,7,478,1,476,12,472
09:45:22.813,475,6,478,2,476,12,472
09:46:10.61,475,8,478,2,476,12,472
09:46:16.770,475,8,477.5,1,476,12,472
09:46:20.347,475,8,484.5,4,476,12,472
09:46:20.970,475,8,484,7,476,12,472
09:46:21.520,475,8,484,8,476,12,472
09:46:25.98,475,8,484,9,476,12,472
09:46:34.234,475,8,482.5,1,476,12,472
09:46:34.818,475,8,482,2,476,12,472
09:46:35.545,475,6,481.5,2,476,12,472
09:46:35.840,475,6,481,2,476,12,472
09:46:36.801,475,6,480.5,2,476,12,472
09:46:37.234,475,6,480,1,476,12,472
09:46:38.420,475,6,479.5,2,476,12,472
09:46:40.806,475,6,479.5,3,476,12,472
09:46:41.358,475,7,479.5,3,476,12,472
09:46:42.279,475,6,479.5,3,476,12,472
09:46:59.498,475,8,479.5,3,476,12,472
09:47:02.29,475,6,479.5,3,476,12,472
09:47:17.965,475,6,479,6,476,12,472
09:47:18.945,475,6,478.5,2,476,12,472
09:47:19.896,475,6,478.5,3,476,12,472
09:48:52.405,475,6,478.5,2,476,12,472
09:49:06.893,475,7,478.5,1,476,12,472
09:49:07.278,475,8,478.5,1,476,12,472
09:49:23.539,475,7,478.5,1,476,12,472
09:49:23.764,475,6,478.5,1,476,12,472
09:49:27.509,475,7,478.5,1,476,12,472
09:49:27.653,475,8,478.5,1,476,12,472
09:51:35.692,475,8,484.5,4,476,12,472
09:51:36.418,475,8,484,6,476,12,472
09:51:36.959,475,8,484,8,476,12,472
09:51:37.451,475,8,484,9,476,12,472
09:52:15.509,475,8,483.5,6,476,12,472
09:52:15.824,475,8,483,2,476,12,472
09:52:16.597,475,8,482.5,2,476,12,472
09:52:16.821,475,8,482,2,476,12,472
09:52:17.798,475,8,481.5,2,476,12,472
09:52:18.339,475,8,481,1,476,12,472
09:52:19.305,475,8,480.5,2,476,12,472
09:52:19.884,475,8,480.5,3,476,12,472
09:54:46.893,475,8,480.5,9,476,12,472
09:57:45.284,475,9,480.5,9,476,12,472
09:59:24.766,475.5,1,480.5,9,476,12,472
09:59:26.361,475.5,3,480.5,9,476,12,472
09:59:31.732,475.5,3,480.5,8,476,12,472
09:59:32.304,475.5,4,480.5,8,476,12,472
09:59:46.624,475.5,4,480.5,7,476,12,472
09:59:51.746,475.5,3,480.5,7,476,12,472
09:59:52.272,476,1,480.5,7,476,12,472
09:59:54.65,476,2,480.5,7,476,12,472
09:59:54.342,476,3,480.5,7,476,12,472
10:00:01.211,476,3,480.5,6,476,12,472
10:00:01.835,476,3,480.5,7,476,12,472
10:00:05.704,476,2,480.5,6,476,12,472
10:00:06.314,476,2,480,1,476,12,472
10:00:09.230,476,3,480.5,6,476,12,472
10:00:09.714,476,2,480,1,476,12,472
10:00:13.239,476,3,480.5,6,476,12,472
10:00:13.739,476,3,480.5,7,476,12,472
10:00:46.703,476,2,480.5,6,476,12,472
10:00:47.218,476,2,480,1,476,12,472
10:01:25.702,476,8,480,1,476,12,472
10:02:12.747,476,9,484.5,4,476,12,472
10:02:13.254,476,9,484,3,476,12,472
10:02:13.949,476,9,484,5,476,12,472
10:02:20.211,476,8,484,5,476,12,472
10:02:46.233,476,9,484,5,476,12,472
10:02:47.202,476,8,484,5,476,12,472
10:02:56.304,476,8,483.5,6,476,12,472
10:02:56.827,476,8,483,2,476,12,472
10:02:57.448,476,8,482.5,2,476,12,472
10:02:58.972,476,8,482.5,3,476,12,472
10:05:44.461,476,8,482,6,476,12,472
10:05:45.358,476,8,481.5,2,476,12,472
10:05:46.776,476,8,481.5,3,476,12,472
10:10:06.521,476,2,481.5,3,476,12,472
10:12:22.782,476.5,6,481.5,3,476,12,472
10:12:24.100,476.5,7,481.5,3,476,12,472
10:12:24.349,476.5,8,481.5,3,476,12,472
10:14:00.923,476.5,2,481.5,3,476,12,472
10:14:01.244,476.5,2,481.5,2,476,12,472
10:14:07.8,476.5,2,481,1,476,12,472
10:14:07.917,476.5,2,480.5,1,476,12,472
10:14:08.850,476.5,2,480.5,2,476,12,472
10:14:11.684,476.5,2,480,1,476,12,472
10:14:13.33,476.5,2,479.5,1,476,12,472
10:14:16.88,476.5,2,479,1,476,12,472
10:14:19.48,476.5,2,484.5,4,476,12,472
10:14:19.627,476.5,2,484,3,476,12,472
10:14:27.908,476.5,2,484,4,476,12,472
10:14:31.720,476.5,2,484,3,476,12,472
10:14:50.785,476.5,2,484,2,476,12,472
10:14:51.865,476.5,2,484,1,476,12,472
10:30:00.749,476.5,2,483.5,1,476,12,472
10:30:02.744,476.5,2,483,1,476,12,472
10:30:03.584,476.5,2,482.5,1,476,12,472
10:30:03.883,476.5,2,482,1,476,12,472
10:30:04.401,476.5,2,481.5,1,476,12,472
10:30:05.381,476.5,2,481,1,476,12,472
10:30:06.316,476.5,2,480.5,1,476,12,472
10:31:42.386,477,6,480.5,1,476,12,472
10:31:43.511,477,7,480.5,1,476,12,472
10:31:43.943,477,8,480.5,1,476,12,472
10:31:50.10,477,2,480.5,1,476,12,472
10:33:53.659,477,8,480.5,1,476,12,472
10:34:56.683,477,8,480.5,7,476,12,472
10:41:41.227,477,8,480.5,6,476,12,472
10:41:47.855,477.5,1,480.5,6,476,12,472
10:41:49.602,477.5,2,480.5,6,476,12,472
10:41:49.803,477.5,3,480.5,6,476,12,472
10:41:51.369,477.5,3,484.5,4,476,12,472
10:41:52.69,477.5,3,484,1,476,12,472
10:41:52.577,477.5,3,484,2,476,12,472
10:43:24.330,477.5,4,484,2,476,12,472
10:43:49.327,478,6,484,2,476,12,472
10:43:50.989,478,8,484,2,476,12,472
10:43:59.119,478,8,483.5,1,476,12,472
10:43:59.852,478,8,483,2,476,12,472
10:44:03.593,478,8,482.5,1,476,12,472
10:44:04.314,478,8,482,1,476,12,472
10:44:39.930,478,8,482,7,476,12,472
10:47:24.102,478,7,482,7,476,12,472
10:47:24.335,478,6,482,7,476,12,472
10:50:03.513,478,7,482,7,476,12,472
10:50:03.708,478,8,482,7,476,12,472
10:50:45.160,478,6,482,7,476,12,472
10:51:02.16,478,7,482,7,476,12,472
10:51:02.380,478,8,482,7,476,12,472
10:51:37.239,478.5,1,482,7,476,12,472
10:51:41.114,478.5,3,482,7,476,12,472
10:51:44.947,478.5,2,482,7,476,12,472
10:52:54.68,478.5,2,482,6,476,12,472
10:53:38.389,478.5,8,482,6,476,12,472
10:53:44.295,478.5,9,482,6,476,12,472
10:53:49.281,478.5,8,482,6,476,12,472
10:53:49.818,479,1,482,6,476,12,472
10:53:51.417,479,3,482,6,476,12,472
10:54:01.873,479,3,482,5,482,14,470
10:54:09.652,479,3,484.5,4,482,14,470
10:54:09.817,479,3,483.5,1,482,14,470
10:54:13.250,479,2,484.5,4,482,14,470
10:54:13.889,479,2,484,1,482,14,470
10:54:21.53,479.5,1,484,1,482,14,470
10:54:22.691,479.5,2,484,1,482,14,470
10:54:23.238,479.5,3,484,1,482,14,470
10:54:27.257,479.5,2,484,1,482,14,470
10:54:40.98,479.5,2,483.5,1,482,14,470
10:54:40.800,479.5,2,483,1,482,14,470
10:54:44.253,479.5,2,482.5,1,482,14,470
10:54:49.428,479.5,2,484.5,4,482,14,470
10:54:49.772,479.5,2,483,1,482,14,470
10:54:50.238,479.5,2,484.5,4,482,14,470
10:54:50.784,479.5,2,484,1,482,14,470
10:54:55.612,479.5,2,483.5,1,482,14,470
10:54:56.276,479.5,2,483.5,2,482,14,470
10:55:02.177,479.5,2,483.5,1,482,14,470
10:55:43.249,479.5,3,484.5,4,482,14,470
10:55:43.873,479.5,3,484,1,482,14,470
10:55:45.875,479.5,2,484.5,4,482,14,470
10:55:46.416,480,1,484.5,5,482,14,470
10:55:48.128,480,2,484.5,5,482,14,470
10:55:48.520,480,3,484.5,5,482,14,470
10:56:04.247,480,3,484.5,4,482,14,470
10:56:04.792,480,3,484.5,5,482,14,470
10:56:10.819,480,9,484.5,5,482,14,470
10:56:31.412,480,9,484.5,11,482,14,470
10:56:35.745,480,8,484.5,10,482,14,470
10:56:36.353,480,8,484,1,482,14,470
10:56:36.806,480,9,484.5,10,482,14,470
10:56:37.335,480,9,484.5,11,482,14,470
10:56:40.752,480,8,484.5,10,482,14,470
10:56:41.345,480,8,484,1,482,14,470
10:56:44.778,480,9,484.5,10,482,14,470
10:56:45.277,480,9,484.5,11,482,14,470
10:56:47.414,480.5,1,484.5,11,482,14,470
10:56:49.72,480.5,3,484.5,11,482,14,470
10:56:53.4,480.5,2,484.5,11,482,14,470
10:57:12.748,480.5,2,484.5,10,482,14,470
10:57:13.311,480.5,2,484,1,482,14,470
10:59:20.986,480.5,2,484,7,482,14,470
10:59:32.748,480.5,2,484,6,482,14,470
10:59:42.293,480.5,3,484,6,482,14,470
11:00:04.284,480.5,2,484,6,482,14,470
11:00:04.773,480.5,3,484,6,482,14,470
11:00:14.244,480.5,2,484,6,482,14,470
11:00:18.303,480.5,3,484,6,482,14,470
11:00:18.754,480.5,2,484,6,482,14,470
11:00:27.335,480.5,3,484,6,482,14,470
11:01:39.912,480.5,9,484,6,482,14,470
11:02:32.746,480.5,8,484,6,482,14,470
11:02:33.293,481,1,484,6,482,14,470
11:02:35.572,481,3,484,6,482,14,470
11:02:39.252,481,2,484,6,482,14,470
11:03:09.109,481,1,484,6,482,14,470
11:03:09.467,472,6,484,6,482,14,470
11:03:10.132,472.5,2,484,6,482,14,470
11:03:10.671,472.5,4,484,6,482,14,470
11:03:11.186,472.5,5,484,6,482,14,470
11:03:11.655,472.5,6,484,6,482,14,470
11:03:12.810,472.5,9,484,6,482,14,470
11:03:18.307,473,1,484,6,482,14,470
11:03:19.643,473.5,3,484,6,482,14,470
11:03:20.61,473.5,4,484,6,482,14,470
11:03:20.703,473.5,5,484,6,482,14,470
11:03:21.289,473.5,6,484,6,482,14,470
11:03:27.917,473.5,8,484,6,482,14,470
11:03:37.90,473.5,7,484,6,482,14,470
11:03:37.302,474,1,484,6,482,14,470
11:03:38.596,474.5,1,484,6,482,14,470
11:03:39.89,474.5,2,484,6,482,14,470
11:03:39.361,475,1,484,6,482,14,470
11:03:40.498,475.5,1,484,6,482,14,470
11:03:41.46,475.5,2,484,6,482,14,470
11:03:41.562,476,1,484,6,482,14,470
11:03:42.608,476.5,1,484,6,482,14,470
11:03:43.171,476.5,2,484,6,482,14,470
11:03:43.405,477,1,484,6,482,14,470
11:03:44.79,477,2,484,6,482,14,470
11:03:44.596,477.5,1,484,6,482,14,470
11:03:45.639,478,1,484,6,482,14,470
11:03:45.945,478,2,484,6,482,14,470
11:03:46.320,478.5,1,484,6,482,14,470
11:03:47.546,478.5,3,484,6,482,14,470
11:03:47.968,478.5,4,484,6,482,14,470
11:03:48.460,478.5,5,484,6,482,14,470
11:04:12.747,478.5,4,484,6,482,14,470
11:04:13.354,479,1,484,6,482,14,470
11:04:14.134,479,1,484.5,4,482,14,470
11:04:14.482,479.5,1,484.5,4,482,14,470
11:04:15.481,479.5,2,484.5,4,482,14,470
11:04:16.139,479.5,3,488,1,482,14,470
11:04:16.334,479.5,3,487.5,1,482,14,470
11:04:16.983,479.5,4,487,1,482,14,470
11:04:17.785,479.5,4,486.5,1,482,14,470
11:04:22.840,479.5,5,486.5,1,482,14,470
11:04:24.743,479.5,4,486.5,1,482,14,470
11:04:42.711,480,6,486.5,1,482,14,470
11:04:43.998,480.5,1,486.5,1,482,14,470
11:04:44.624,480.5,2,486.5,1,482,14,470
11:04:45.590,480.5,3,486.5,1,482,14,470
11:04:45.781,480.5,4,486.5,1,482,14,470
11:05:58.735,480.5,4,486,1,482,14,470
11:05:59.781,480.5,4,485.5,1,482,14,470
11:06:03.204,480.5,4,485,1,482,14,470
11:06:05.739,480.5,4,488,1,482,14,470
11:06:06.286,480.5,4,485.5,1,482,14,470
11:06:08.253,480.5,4,487.5,1,482,14,470
11:06:09.160,481,1,487,1,482,14,470
11:06:10.663,481,2,487,1,482,14,470
11:06:11.155,481,5,487,1,482,14,470
11:06:13.245,481,4,487,1,482,14,470
11:06:13.822,481.5,1,487,1,482,14,470
11:06:15.561,481.5,2,487,1,482,14,470
11:06:16.107,481.5,3,487,1,482,14,470
11:06:16.372,481.5,1,487,1,482,14,470
11:06:16.801,481.5,2,487,1,482,14,470
11:06:17.717,481.5,3,487,1,482,14,470
11:06:18.714,481.5,4,487,1,482,14,470
11:06:35.756,481.5,3,487,1,482,14,470
11:06:36.278,481.5,1,487,1,482,14,470
11:06:36.770,481.5,2,487,1,482,14,470
11:06:37.653,481.5,4,487,1,482,14,470
11:06:45.685,481.5,2,487,1,482,14,470
11:06:46.795,481.5,1,487,1,482,14,470
11:07:05.135,481.5,3,487,1,482,14,470
11:07:05.622,481.5,4,487,1,482,14,470
11:07:19.121,481.5,2,487,1,482,14,470
11:07:19.872,481.5,1,487,1,482,14,470
11:07:26.611,481.5,3,487,1,482,14,470
11:07:27.251,481.5,2,487,1,482,14,470
11:07:27.872,481.5,1,487,1,482,14,470
11:07:30.593,481.5,3,487,1,482,14,470
11:07:31.247,481.5,4,487,1,482,14,470
11:07:36.255,481.5,3,487,1,482,14,470
11:07:36.720,481.5,2,487,1,482,14,470
11:07:37.357,481.5,1,487,1,482,14,470
11:08:19.653,481.5,7,487,1,482,14,470
11:08:21.335,481.5,7,486.5,1,482,14,470
11:08:22.324,481.5,7,486,1,482,14,470
11:08:36.561,481.5,13,486,1,482,14,470
11:09:24.53,481.5,12,486,1,482,14,470
11:09:42.587,481.5,6,486,1,482,14,470
11:09:48.116,481.5,7,486,1,482,14,470
11:10:18.632,481.5,9,486,1,482,14,470
11:10:19.151,481.5,8,486,1,482,14,470
11:10:19.994,481.5,7,486,1,482,14,470
11:10:22.307,481.5,8,486,1,482,14,470
11:10:23.667,481.5,9,486,1,482,14,470
11:10:24.711,481.5,8,486,1,482,14,470
11:10:25.369,481.5,7,486,1,482,14,470
11:11:42.707,481.5,6,486,1,482,14,470
11:12:02.989,481.5,7,486,1,482,14,470
11:12:22.481,481.5,6,486,1,482,14,470
11:12:24.656,481.5,7,486,1,482,14,470
11:13:06.804,481.5,6,486,1,482,14,470
11:13:07.752,481.5,7,486,1,482,14,470
11:13:34.560,481.5,8,486,1,482,14,470
11:13:34.869,481.5,9,486,1,482,14,470
11:13:43.166,481.5,8,486,1,482,14,470
11:13:43.867,481.5,7,486,1,482,14,470
11:15:28.86,481.5,8,486,1,482,14,470
11:15:28.320,481.5,9,486,1,482,14,470
11:15:28.842,481.5,10,486,1,482,14,470
11:15:29.263,481.5,9,488,1,482,14,470
11:15:29.965,482,1,487.5,1,482,14,470
11:15:31.697,482,4,487.5,1,482,14,470
11:15:57.263,482,4,488,1,482,14,470
11:15:57.812,482,4,488,2,482,14,470
11:16:02.257,482,4,488,1,482,14,470
11:16:02.836,482,4,487.5,1,482,14,470
11:16:27.737,482,10,487.5,1,482,14,470
11:16:57.765,482,10,488,1,482,14,470
11:16:58.357,482,10,488,2,482,14,470
11:17:20.292,482,11,488,1,482,14,470
11:17:23.832,482,10,488,2,482,14,470
11:17:31.258,482,10,488,1,482,14,470
11:17:31.868,482,10,487.5,1,482,14,470
11:17:35.283,482,10,488,1,482,14,470
11:17:35.829,482,10,488,2,482,14,470
11:17:46.766,482,10,488,1,482,14,470
11:17:47.343,482,10,487.5,1,482,14,470
11:17:59.760,482,10,488,1,482,14,470
11:18:00.308,482,10,488,2,482,14,470
11:18:20.713,482.5,6,488,2,482,14,470
11:18:22.132,483,1,488,2,482,14,470
11:18:23.108,483,3,488,2,482,14,470
11:18:23.601,483,4,488,2,482,14,470
11:19:01.757,483,4,488,1,482,14,470
11:19:31.274,483,4,488,2,482,14,470
11:19:43.263,483,4,488,1,482,14,470
11:19:55.155,483,5,488,1,482,14,470
11:20:06.765,483,4,488,1,482,14,470
11:20:07.357,483.5,1,488,1,482,14,470
11:20:08.662,484,1,488,1,482,14,470
11:20:09.790,484,3,488,1,482,14,470
11:20:11.550,484,4,488,1,482,14,470
11:20:53.611,484,10,488,1,482,14,470
11:22:22.825,484,10,493,4,482,14,470
11:22:23.659,484,9,492.5,3,482,14,470
11:22:23.784,484,9,492.5,4,482,14,470
11:22:25.363,484,9,492.5,5,482,14,470
11:22:29.806,484,9,492,1,482,14,470
11:22:30.384,484,9,491.5,2,482,14,470
11:22:30.868,484,9,491,2,482,14,470
11:22:33.163,484,9,491,3,482,14,470
11:22:53.269,484,8,491,3,482,14,470
11:23:13.815,484,9,491,3,482,14,470
11:23:20.758,484,8,491,3,482,14,470
11:23:21.335,484.5,1,491,3,482,14,470
11:23:23.644,484.5,3,491,3,482,14,470
11:24:32.302,484.5,3,491,2,482,14,470
11:24:51.286,484.5,3,490.5,1,482,14,470
11:24:52.454,484.5,3,490,1,482,14,470
11:24:53.152,484.5,3,490,2,482,14,470
11:25:23.57,485,6,490,2,482,14,470
11:25:25.125,485,8,490,2,482,14,470
11:25:28.104,485,7,490,2,482,14,470
11:25:28.742,485,6,490,2,482,14,470
11:25:29.615,485,7,490,2,482,14,470
11:25:30.318,485,8,490,2,482,14,470
11:25:31.149,485,6,490,2,482,14,470
11:25:51.787,485,6,489.5,1,482,14,470
11:25:52.287,485,6,490,1,482,14,470
11:25:52.941,485,6,489.5,1,482,14,470
11:25:53.657,485,6,489.5,2,482,14,470
11:27:07.172,485,7,489.5,2,482,14,470
11:27:08.907,485,8,489.5,2,482,14,470
11:27:10.867,485,6,489.5,2,482,14,470
11:27:50.432,482,6,489.5,2,482,14,470
11:27:50.849,482.5,1,489.5,2,482,14,470
11:27:51.313,482.5,1,489,1,482,14,470
11:27:51.926,482.5,2,489,1,482,14,470
11:27:52.321,482.5,2,488.5,1,482,14,470
11:27:52.750,482.5,3,488.5,1,482,14,470
11:27:53.573,482.5,3,488.5,2,482,14,470
11:29:32.285,482.5,2,488.5,1,482,14,470
13:30:01.535,483,1,488.5,2,482,14,470
13:30:03.582,483,2,488.5,2,482,14,470
13:30:04.616,483,3,488.5,1,482,14,470
13:30:04.982,483,3,488.5,2,482,14,470
13:30:05.357,483,3,488.5,1,482,14,470
13:30:05.934,483,3,488.5,2,482,14,470
13:30:13.344,483,3,488.5,1,482,14,470
13:30:13.923,483,3,488,1,482,14,470
13:30:14.359,483,3,488.5,1,482,14,470
13:30:14.968,483,3,488.5,2,482,14,470
13:30:15.419,483,3,488.5,1,482,14,470
13:30:16.726,483,3,488.5,2,482,14,470
13:30:17.853,483,3,488.5,1,482,14,470
13:30:18.477,483,3,488,1,482,14,470
13:30:20.526,483,3,488,2,482,14,470
13:31:00.926,483.5,6,488,2,482,14,470
13:31:02.628,483.5,7,488,2,482,14,470
13:31:03.299,483.5,8,488,2,482,14,470
13:32:01.380,483.5,10,488,2,482,14,470
13:32:02.860,483.5,8,488,2,482,14,470
13:32:57.234,483.5,7,488,2,482,14,470
13:32:57.687,483.5,6,488,2,482,14,470
13:33:54.473,483.5,6,488,6,482,14,470
13:36:49.882,483.5,6,487.5,1,482,14,470
13:36:51.56,483.5,6,487,1,482,14,470
13:36:52.181,483.5,6,487,2,482,14,470
13:39:18.789,483.5,6,487,1,482,14,470
13:39:42.606,483.5,6,487,2,482,14,470
13:40:02.670,483.5,6,487,1,482,14,470
13:40:03.170,483.5,7,487,1,482,14,470
13:40:03.570,483.5,7,487,2,482,14,470
13:40:04.153,483.5,6,487,2,482,14,470
13:40:09.768,483.5,6,487,1,482,14,470
13:40:15.946,483.5,6,487,2,482,14,470
13:44:55.390,483.5,6,486.5,1,482,14,470
13:44:56.666,483.5,6,486,1,482,14,470
13:45:21.784,483.5,6,486,2,482,14,470
13:45:55.317,483.5,6,486,1,482,14,470
13:49:18.669,476,6,486,1,482,14,470
13:49:19.92,476.5,2,486,1,482,14,470
13:49:19.823,476.5,3,486,1,482,14,470
13:49:20.670,476.5,4,486,1,482,14,470
13:49:21.102,476.5,5,486,1,482,14,470
13:51:19.228,477,6,486,1,482,14,470
13:51:20.109,477.5,2,486,1,482,14,470
13:51:20.712,477.5,3,486,1,482,14,470
13:51:21.292,477.5,4,486,1,482,14,470
13:51:22.9,477.5,5,486,1,482,14,470
13:52:23.773,478,1,486,1,482,14,470
13:52:24.773,478.5,2,486,1,482,14,470
13:52:25.190,478.5,3,486,1,482,14,470
13:52:25.508,478.5,5,486,1,482,14,470
13:54:24.824,479,6,486,1,482,14,470
13:54:25.972,479.5,2,486,1,482,14,470
13:54:26.804,479.5,3,486,1,482,14,470
13:54:27.117,479.5,4,486,1,482,14,470
13:54:27.504,479.5,5,486,1,482,14,470
13:56:22.356,480,1,486,1,482,14,470
13:56:23.742,480.5,2,486,1,482,14,470
13:56:24.304,480.5,3,486,1,482,14,470
13:56:24.587,480.5,4,486,1,482,14,470
13:56:24.885,480.5,5,486,1,482,14,470
13:56:29.732,480.5,5,485.5,1,482,14,470
13:56:30.464,480.5,5,485,1,482,14,470
13:56:55.761,480.5,11,485,1,482,14,470
13:58:23.381,480.5,11,488,4,482,14,470
13:58:24.5,480.5,11,487.5,2,482,14,470
13:58:24.747,480.5,10,487.5,3,482,14,470
14:00:19.903,480.5,10,487.5,2,482,14,470
14:09:04.471,480.5,10,487,1,482,14,470
14:09:05.483,480.5,10,486.5,1,482,14,470
14:09:06.232,480.5,10,486.5,2,482,14,470
14:10:48.912,480.5,8,486,1,482,14,470
14:10:49.959,480.5,8,485.5,1,482,14,470
14:10:51.787,480.5,8,485.5,2,482,14,470
14:11:23.1,480.5,10,485.5,2,482,14,470
14:11:29.882,480.5,8,485.5,2,482,14,470
14:11:31.956,480.5,10,485.5,2,482,14,470
14:11:33.391,480.5,8,485.5,2,482,14,470
14:11:47.899,480.5,10,485.5,2,482,14,470
14:12:03.391,480.5,8,485.5,2,482,14,470
14:12:07.961,480.5,10,485.5,2,482,14,470
14:13:46.884,480.5,8,485.5,2,482,14,470
14:13:58.976,480.5,10,485.5,2,482,14,470
14:14:02.391,480.5,8,485.5,2,482,14,470
14:14:15.949,480.5,10,485.5,2,482,14,470
14:15:29.879,480.5,8,485.5,2,482,14,470
14:15:30.394,481,2,485.5,2,482,14,470
14:15:31.101,480.5,2,485.5,2,482,14,470
14:15:31.438,480.5,4,485.5,2,482,14,470
14:15:32.17,480.5,3,485.5,2,482,14,470
14:15:32.814,480.5,4,485.5,2,482,14,470
14:15:37.883,480.5,2,485.5,2,482,14,470
14:15:38.476,480.5,4,485.5,2,482,14,470
14:15:38.881,480.5,2,485.5,2,482,14,470
14:15:39.443,481,2,485.5,2,482,14,470
14:15:41.804,481,4,485.5,2,482,14,470
14:16:18.880,481,4,485.5,1,482,14,470
14:16:21.939,481,4,485.5,2,482,14,470
14:16:29.379,481,4,485.5,1,482,14,470
14:17:07.398,481,4,485.5,2,482,14,470
14:17:19.846,481,4,485.5,1,482,14,470
14:17:31.876,481.5,6,485.5,1,482,14,470
14:17:33.782,481.5,8,485.5,1,482,14,470
14:18:01.469,481.5,10,487,1,482,14,470
14:18:02.201,481.5,10,486.5,1,482,14,470
14:18:04.509,481.5,10,486.5,2,482,14,470
14:18:19.395,481.5,8,486.5,2,482,14,470
14:18:22.936,481.5,10,486.5,2,482,14,470
14:18:27.383,481.5,8,486.5,2,482,14,470
14:18:33.981,481.5,10,486.5,2,482,14,470
14:19:04.919,481.5,10,486.5,1,482,14,470
14:19:07.397,481.5,8,486.5,1,482,14,470
14:19:08.6,482,2,486.5,1,482,14,470
14:19:10.467,482,4,486.5,1,482,14,470
14:19:38.894,482,4,487,1,482,14,470
14:19:39.473,482,4,487,2,482,14,470
14:20:15.385,482,4,487,1,482,14,470
14:20:16.222,482,4,486.5,1,482,14,470
14:20:22.389,482,4,487,1,482,14,470
14:20:22.932,482,4,487,2,482,14,470
14:20:23.399,482,4,487,3,482,14,470
14:20:30.108,482,4,487,2,482,14,470
14:20:32.644,482,4,487,3,482,14,470
14:21:09.531,482,10,487,3,482,14,470
14:22:15.882,482,10,487,2,482,14,470
14:22:16.491,482,10,486.5,1,482,14,470
14:22:18.986,482,10,486.5,2,482,14,470
14:22:20.610,482,10,486.5,1,482,14,470
14:23:45.441,482,10,486.5,2,482,14,470
14:25:33.401,482,10,486.5,1,482,14,470
14:26:06.927,482,10,486.5,2,482,14,470
14:26:20.889,482,10,486.5,1,482,14,470
14:26:21.466,482,10,486.5,2,482,14,470
14:29:14.320,482,10,486.5,6,482,14,470
14:29:55.396,482,8,486.5,5,482,14,470
14:29:56.74,482,7,486,1,482,14,470
14:29:57.48,482,6,486,1,482,14,470
14:29:59.95,482,6,486,2,482,14,470
14:33:11.233,482,7,486,2,482,14,470
14:33:12.296,482,8,486,2,482,14,470
14:33:17.596,482,7,486,2,482,14,470
14:33:18.46,482,6,486,2,482,14,470
14:33:41.791,482,7,486,2,482,14,470
14:33:43.475,482,8,486,2,482,14,470
14:34:15.895,482,10,486,1,482,14,470
14:34:17.192,482,10,486.5,4,482,14,470
14:34:17.469,482,10,486.5,5,482,14,470
14:34:18.199,482,10,486.5,6,482,14,470
14:34:19.404,482,8,486.5,5,482,14,470
14:34:19.981,482,8,486,1,482,14,470
14:34:23.568,482,8,486,2,482,14,470
14:34:24.926,482,10,486,1,482,14,470
14:34:25.562,482,10,486.5,4,482,14,470
14:34:25.972,482,10,486.5,5,482,14,470
14:34:26.353,482,10,486.5,6,482,14,470
14:34:37.407,482,8,486.5,5,482,14,470
14:34:37.922,482,8,486,1,482,14,470
14:34:41.695,482,8,486,2,482,14,470
14:34:57.454,482,10,486,1,482,14,470
14:34:58.216,482,10,486.5,4,482,14,470
14:34:58.421,482,10,486.5,5,482,14,470
14:34:59.709,482,10,486.5,6,482,14,470
14:35:05.395,482,8,486.5,5,482,14,470
14:35:05.956,482.5,2,486.5,4,482,14,470
14:35:08.467,482.5,3,486.5,4,482,14,470
14:35:09.55,482.5,4,486.5,4,482,14,470
14:35:24.973,482.5,2,486.5,5,482,14,470
14:35:25.509,482.5,2,486.5,6,482,14,470
14:36:34.395,482.5,2,486.5,5,482,14,470
14:36:35.325,476,6,486,1,482,14,470
14:36:35.433,482,2,486.5,5,482,14,470
14:36:37.185,482,4,486.5,5,482,14,470
14:36:37.456,482,5,486.5,5,482,14,470
14:37:07.45,482,11,486.5,5,482,14,470
14:37:07.406,482,9,486.5,4,482,14,470
14:37:07.983,482,9,486,1,482,14,470
14:38:59.980,482,11,486.5,4,482,14,470
14:39:00.541,482,11,486.5,5,482,14,470
14:40:12.897,482,9,486.5,4,482,14,470
14:40:13.489,482,9,486,1,482,14,470
14:41:04.388,482,8,486,1,482,14,470
14:41:16.205,482,9,486,1,482,14,470
14:41:27.378,482,8,486,1,482,14,470
14:41:42.625,482,9,486,1,482,14,470
14:42:23.917,482,3,486,1,482,14,470
14:42:33.473,482,5,486.5,4,482,14,470
14:42:34.3,482,5,486.5,5,482,14,470
14:42:37.404,482,3,486.5,4,482,14,470
14:42:37.918,482,3,486,1,482,14,470
14:44:17.934,482,5,486.5,4,482,14,470
14:44:18.418,482,5,486.5,5,482,14,470
14:44:39.608,482,11,486.5,5,482,14,470
14:46:01.912,482,9,486.5,4,482,14,470
14:46:02.504,482,9,486,1,482,14,470
14:46:39.977,482,11,486.5,4,482,14,470
14:46:40.460,482,11,486.5,5,482,14,470
14:46:42.410,482,9,486.5,4,482,14,470
14:46:42.972,482,9,486,1,482,14,470
14:46:44.500,482,11,486.5,4,482,14,470
14:46:45.30,482,11,486.5,5,482,14,470
14:48:03.97,482,12,486.5,6,482,14,470
14:48:09.417,482,9,486.5,4,482,14,470
14:48:09.977,482,9,486,2,482,14,470
14:48:21.115,482.5,1,486,2,482,14,470
14:48:23.855,482,6,486,2,482,14,470
14:48:23.946,482.5,1,486,2,482,14,470
14:48:25.63,482,7,486,2,482,14,470
14:48:26.621,482,8,485.5,1,482,14,470
14:48:27.40,482,9,485.5,1,482,14,470
14:48:30.831,482,9,486.5,4,482,14,470
14:48:30.943,482,9,486,1,482,14,470
14:48:40.505,482,11,486.5,4,482,14,470
14:48:41.6,482,11,486.5,5,482,14,470
14:50:33.407,482,9,486.5,4,482,14,470
14:50:33.937,482.5,2,486.5,4,482,14,470
14:50:36.804,482.5,5,486.5,4,482,14,470
14:50:36.964,482.5,3,486.5,5,482,14,470
14:50:43.516,482.5,5,486.5,4,482,14,470
14:51:49.337,482.5,5,488,4,482,14,470
14:51:49.490,482.5,5,487,1,482,14,470
14:52:54.59,482.5,11,487,1,482,14,470
14:53:06.107,482.5,10,487,1,482,14,470
14:53:13.101,482.5,11,487,1,482,14,470
14:54:07.914,482.5,9,488,4,482,14,470
14:54:08.538,483,2,487.5,1,482,14,470
14:54:10.666,483,4,487.5,1,482,14,470
14:54:13.302,483,5,487.5,1,482,14,470
14:54:31.410,483,3,487.5,1,482,14,470
14:54:32.180,483,2,487.5,1,482,14,470
14:54:49.459,483,4,487.5,1,482,14,470
14:55:00.909,483,2,487.5,1,482,14,470
14:55:01.986,483,4,487.5,1,482,14,470
14:55:35.955,483,5,487.5,1,482,14,470
14:55:45.781,483,4,487.5,1,482,14,470
14:55:49.911,483,2,487.5,1,482,14,470
14:56:08.475,483,4,487.5,1,482,14,470
14:56:16.416,483,2,487.5,1,482,14,470
14:57:33.124,483,3,487.5,1,482,14,470
14:57:36.509,483,5,487.5,1,482,14,470
14:58:51.921,483,3,488,4,482,14,470
14:58:52.608,483.5,2,488,5,482,14,470
14:58:55.429,483.5,3,488,5,482,14,470
14:58:56.537,483.5,4,488,5,482,14,470
14:58:56.912,483.5,5,488,5,482,14,470
14:59:00.923,483.5,3,488,4,482,14,470
14:59:01.453,483.5,3,487.5,1,482,14,470
14:59:01.938,483.5,4,488,4,482,14,470
14:59:02.515,483.5,3,488,5,482,14,470
14:59:03.850,483.5,2,488,5,482,14,470
14:59:18.843,483.5,2,488,1,482,14,470
14:59:19.925,476.5,5,492,1,482,14,470
14:59:20.580,477,2,491.5,7,482,14,470
14:59:24.480,477.5,10,491.5,7,482,14,470
14:59:25.478,478,2,491.5,7,482,14,470
14:59:26.944,478.5,5,491.5,7,482,14,470
14:59:27.959,479,2,491.5,7,482,14,470
14:59:31.425,479,1,491.5,7,482,14,470
14:59:31.922,478.5,5,491.5,6,482,14,470
14:59:45.611,467,3,491.5,6,482,14,470
14:59:45.989,467.5,4,491.5,6,482,14,470
14:59:51.132,467.5,4,491.5,5,482,14,470
14:59:52.684,467.5,3,491.5,4,482,14,470
14:59:57.610,467,3,492,1,482,14,470
15:00:00.505,467,3,492,1,482,14,470
15:00:25.326,467,3,492,1,482,14,470
