21:02:35.448,1791,1,1830,2,1830,2,16
21:02:35.595,1791.5,1,1830,2,1830,2,16
21:02:59.381,1791.5,2,1830,2,1830,2,16
21:03:04.680,1791.5,2,1879,2,1830,2,16
21:03:05.92,1791.5,2,1878.5,6,1830,2,16
21:03:34.564,1799.5,1,1878.5,6,1830,2,16
21:03:35.546,1800,1,1878.5,6,1830,2,16
21:03:43.690,1809.5,1,1878.5,6,1830,2,16
21:03:44.547,1810,1,1878.5,6,1830,2,16
21:05:08.617,1810,1,1854,1,1830,2,16
21:06:23.868,1810,1,1896.5,1,1830,2,16
21:06:24.93,1810,1,1896,6,1830,2,16
21:06:29.449,1810,1,1859,1,1830,2,16
21:06:42.50,1810,1,1858.5,5,1830,2,16
21:06:42.549,1810,1,1859,1,1830,2,16
21:06:43.49,1810,1,1858.5,5,1830,2,16
21:06:43.548,1810,1,1859,1,1830,2,16
21:07:03.64,1810,1,1858.5,5,1830,2,16
21:07:18.841,1810,1,1856,1,1830,2,16
21:08:40.81,1810,1,1897.5,5,1830,2,16
21:08:40.594,1810,1,1897,6,1830,2,16
21:08:44.978,1810,1,1859,1,1830,2,16
21:09:06.558,1810,1,1858.5,5,1830,2,16
21:09:11.550,1810,1,1859,1,1830,2,16
21:09:18.555,1810,1,1858.5,5,1830,2,16
21:09:36.558,1810,1,1859,1,1830,2,16
21:09:37.599,1809.5,1,1858.5,5,1830,2,16
21:09:43.610,1809.5,1,1897.5,4,1830,2,16
21:09:44.101,1809.5,1,1857,1,1830,2,16
21:09:54.185,1820,1,1857,1,1830,2,16
21:10:02.678,1809.5,1,1857,1,1830,2,16
21:10:07.713,1816,1,1857,1,1830,2,16
21:12:18.555,1816,1,1856.5,5,1830,2,16
21:13:54.560,1816,1,1857,1,1830,2,16
21:13:55.60,1816,1,1856.5,5,1830,2,16
21:14:31.66,1816,1,1857,1,1830,2,16
21:14:37.556,1816,1,1856.5,5,1830,2,16
21:14:56.57,1816,1,1857,1,1830,2,16
21:14:57.57,1816,1,1856.5,5,1830,2,16
21:14:58.553,1816,1,1857,1,1830,2,16
21:15:00.551,1816,1,1856.5,5,1830,2,16
21:15:04.560,1816,1,1857,1,1830,2,16
21:15:16.558,1816,1,1856.5,5,1830,2,16
21:15:19.552,1816,1,1857,1,1830,2,16
21:15:20.123,1816,1,1856.5,5,1830,2,16
21:15:23.62,1816,1,1857,1,1830,2,16
21:15:23.561,1816,1,1856.5,5,1830,2,16
21:17:42.124,1816,1,1852,1,1830,2,16
21:17:53.62,1816,1,1851.5,5,1830,2,16
21:17:53.561,1816,1,1852,1,1830,2,16
21:17:54.560,1816,1,1851.5,5,1830,2,16
21:18:04.560,1816,1,1852,1,1830,2,16
21:18:05.59,1816,1,1851.5,5,1830,2,16
21:18:16.57,1816,1,1852,1,1830,2,16
21:18:25.558,1816,1,1851.5,5,1830,2,16
21:18:28.54,1816,1,1852,1,1830,2,16
21:18:40.67,1816,1,1851.5,5,1830,2,16
21:19:00.898,1809.5,1,1851.5,5,1830,2,16
21:19:07.313,1810,1,1851.5,5,1830,2,16
21:19:18.373,1810,1,1849,1,1830,2,16
21:19:50.566,1810,1,1848.5,5,1830,2,16
21:20:22.808,1809.5,1,1848.5,5,1830,2,16
21:20:25.599,1810,1,1848.5,5,1830,2,16
21:20:38.772,1809.5,1,1848.5,5,1830,2,16
21:20:39.108,1809.5,1,1848,1,1830,2,16
21:20:40.122,1809.5,1,1847.5,5,1830,2,16
21:20:40.695,1809.5,1,1847,1,1830,2,16
21:20:41.564,1809.5,1,1846.5,5,1830,2,16
21:20:42.194,1809.5,1,1846,1,1830,2,16
21:20:43.62,1809.5,1,1845.5,5,1830,2,16
21:20:43.740,1809.5,1,1845,1,1830,2,16
21:20:44.560,1809.5,1,1844.5,5,1830,2,16
21:20:45.195,1809.5,1,1844,1,1830,2,16
21:20:46.114,1809.5,1,1843.5,5,1830,2,16
21:20:46.696,1809.5,1,1843,1,1830,2,16
21:20:47.570,1809.5,1,1842.5,5,1830,2,16
21:20:48.191,1809.5,1,1842,1,1830,2,16
21:20:49.68,1809.5,1,1841.5,5,1830,2,16
21:20:58.467,1807.5,1,1841.5,5,1830,2,16
21:21:11.804,1808,1,1841.5,5,1830,2,16
21:21:26.57,1808,1,1849,1,1830,2,16
21:21:26.631,1808,1,1848.5,6,1830,2,16
21:21:27.105,1808,1,1848.5,5,1830,2,16
21:21:27.603,1808,1,1848,1,1830,2,16
21:21:28.568,1808,1,1847.5,5,1830,2,16
21:21:54.605,1808,1,1847,1,1830,2,16
21:21:55.557,1808,1,1846.5,5,1830,2,16
21:22:21.107,1808,1,1846,1,1830,2,16
21:22:22.63,1808,1,1845.5,5,1830,2,16
21:22:22.700,1808,1,1845,1,1830,2,16
21:22:23.560,1808,1,1844.5,5,1830,2,16
21:22:24.203,1808,1,1844,1,1830,2,16
21:22:25.57,1808,1,1843.5,5,1830,2,16
21:23:13.603,1808,1,1837,1,1830,2,16
21:26:54.449,1808,1,1867.5,1,1830,2,16
21:26:54.607,1808,1,1867,6,1830,2,16
21:26:58.288,1808,1,1839,1,1830,2,16
21:29:20.65,1808,1,1838.5,5,1830,2,16
21:29:21.63,1808,1,1839,1,1830,2,16
21:32:14.344,1808,1,1872.5,1,1830,2,16
21:32:14.616,1808,1,1872,6,1830,2,16
21:32:22.91,1808,1,1843,1,1830,2,16
21:32:45.571,1808,1,1842.5,5,1830,2,16
21:32:49.580,1808,1,1843,1,1830,2,16
21:33:00.563,1808,1,1842.5,5,1830,2,16
21:33:02.576,1808,1,1843,1,1830,2,16
21:33:11.577,1808,1,1842.5,5,1830,2,16
21:33:14.573,1808,1,1843,1,1830,2,16
21:33:15.571,1808,1,1842.5,5,1830,2,16
21:33:23.574,1808,1,1843,1,1830,2,16
21:33:25.571,1808,1,1842.5,5,1830,2,16
21:33:26.70,1808,1,1843,1,1830,2,16
21:33:26.569,1808,1,1842.5,5,1830,2,16
21:33:30.79,1808,1,1843,1,1830,2,16
21:33:30.579,1808,1,1842.5,5,1830,2,16
21:33:34.73,1808,1,1843,1,1830,2,16
21:33:39.565,1808,1,1842.5,5,1830,2,16
21:33:41.77,1808,1,1843,1,1830,2,16
21:33:46.71,1808,1,1842.5,5,1830,2,16
21:33:46.569,1808,1,1843,1,1830,2,16
21:33:49.581,1808,1,1842.5,5,1830,2,16
21:33:50.579,1808,1,1843,1,1830,2,16
21:33:51.78,1808,1,1842.5,5,1830,2,16
21:33:54.573,1808,1,1843,1,1830,2,16
21:33:55.72,1808,1,1842.5,5,1830,2,16
21:33:55.571,1808,1,1843,1,1830,2,16
21:34:00.79,1808,1,1842.5,5,1830,2,16
21:34:04.73,1808,1,1843,1,1830,2,16
21:34:08.566,1808,1,1842.5,5,1830,2,16
21:34:09.580,1808,1,1843,1,1830,2,16
21:34:12.576,1808,1,1842.5,5,1830,2,16
21:34:13.573,1808,1,1843,1,1830,2,16
21:34:16.71,1808,1,1842.5,5,1830,2,16
21:34:16.569,1808,1,1843,1,1830,2,16
21:34:44.299,1808,1,1875.5,1,1830,2,16
21:34:44.659,1808,1,1875,6,1830,2,16
21:34:55.64,1808,1,1852,1,1830,2,16
21:34:57.68,1808,1,1851.5,5,1830,2,16
21:34:58.124,1808,1,1852,1,1830,2,16
21:34:58.581,1808,1,1851.5,5,1830,2,16
21:35:00.124,1808,1,1852,1,1830,2,16
21:35:01.77,1808,1,1851.5,5,1830,2,16
21:38:19.390,1808,1,1846,1,1830,2,16
21:38:22.76,1808,1,1845.5,5,1830,2,16
21:38:22.575,1808,1,1846,1,1830,2,16
21:39:21.77,1808,1,1845.5,5,1830,2,16
21:42:01.118,1807.5,1,1845.5,5,1830,2,16
21:42:01.629,1807.5,1,1845,1,1830,2,16
21:42:02.574,1807.5,1,1844.5,5,1830,2,16
21:42:03.216,1807.5,1,1844,1,1830,2,16
21:42:04.87,1807.5,1,1843.5,5,1830,2,16
21:42:04.718,1807.5,1,1843,1,1830,2,16
21:42:05.584,1807.5,1,1842.5,5,1830,2,16
21:42:06.212,1807.5,1,1842,1,1830,2,16
21:42:07.82,1807.5,1,1841.5,5,1830,2,16
21:44:21.619,1807.5,1,1840,1,1830,2,16
21:44:46.583,1807.5,1,1839.5,5,1830,2,16
21:45:00.77,1807.5,1,1840,1,1830,2,16
21:45:00.592,1807.5,1,1839.5,5,1830,2,16
21:45:15.584,1807.5,1,1840,1,1830,2,16
21:45:48.126,1807.5,1,1839.5,5,1830,2,16
21:46:07.80,1807.5,1,1840,1,1830,2,16
21:46:10.93,1807.5,1,1839.5,5,1830,2,16
21:46:18.79,1807.5,1,1840,1,1830,2,16
21:46:21.91,1807.5,1,1839.5,5,1830,2,16
21:46:21.590,1807.5,1,1840,1,1830,2,16
21:47:00.93,1807.5,1,1839.5,5,1830,2,16
21:47:01.593,1807.5,1,1840,1,1830,2,16
21:47:03.338,1790.5,1,1840,1,1830,2,16
21:47:03.535,1776.5,5,1840,1,1830,2,16
21:47:05.584,1776.5,5,1839.5,5,1830,2,16
21:47:06.82,1776.5,5,1840,1,1830,2,16
21:47:09.703,1777,1,1840,1,1830,2,16
21:47:10.592,1777.5,5,1840,1,1830,2,16
21:47:13.88,1777.5,5,1839.5,5,1830,2,16
21:47:15.397,1797,1,1840,1,1830,2,16
21:47:18.79,1797,1,1839.5,5,1830,2,16
21:47:21.918,1777.5,5,1839.5,5,1830,2,16
21:47:22.74,1787,1,1839.5,5,1830,2,16
21:47:23.88,1787.5,5,1839.5,5,1830,2,16
21:47:28.392,1789,1,1839.5,5,1830,2,16
21:47:45.925,1791,1,1839.5,5,1830,2,16
21:48:15.583,1791,1,1840,1,1830,2,16
21:48:16.82,1791,1,1839.5,5,1830,2,16
21:48:16.581,1791,1,1840,1,1830,2,16
21:48:17.97,1791,1,1839.5,5,1830,2,16
21:48:18.79,1791,1,1840,1,1830,2,16
21:48:30.591,1791,1,1839.5,5,1830,2,16
21:48:34.85,1791,1,1840,1,1830,2,16
21:48:35.84,1791,1,1839.5,5,1830,2,16
21:48:58.579,1791,1,1840,1,1830,2,16
21:48:59.94,1791,1,1839.5,5,1830,2,16
21:49:07.80,1791,1,1840,1,1830,2,16
21:49:07.596,1791,1,1839.5,5,1830,2,16
21:49:08.579,1791,1,1840,1,1830,2,16
21:50:00.591,1791,1,1839.5,5,1830,2,16
21:50:10.885,1792,1,1839.5,5,1830,2,16
21:52:02.88,1792,1,1840,1,1830,2,16
21:52:03.586,1792,1,1839.5,5,1830,2,16
21:52:05.582,1792,1,1840,1,1830,2,16
21:52:06.597,1792,1,1839.5,5,1830,2,16
21:52:43.586,1792,1,1840,1,1830,2,16
21:52:47.595,1792,1,1839.5,5,1830,2,16
21:52:51.89,1792,1,1840,1,1830,2,16
21:52:51.589,1792,1,1839.5,5,1830,2,16
22:00:50.625,1793,1,1839.5,5,1830,2,16
22:00:51.281,1793,1,1839,1,1830,2,16
22:00:52.102,1793,1,1838.5,5,1830,2,16
22:00:52.730,1793,1,1838,1,1830,2,16
22:00:53.600,1793,1,1837.5,5,1830,2,16
22:00:54.557,1793,1,1837,1,1830,2,16
22:00:55.750,1793,1,1836.5,5,1830,2,16
22:00:56.243,1793,1,1836,1,1830,2,16
22:00:57.95,1793,1,1835.5,5,1830,2,16
22:00:57.731,1793,1,1835,1,1830,2,16
22:00:58.592,1793,1,1834.5,5,1830,2,16
22:02:22.102,1793,1,1840,1,1830,2,16
22:02:22.641,1793,1,1839.5,6,1830,2,16
22:02:36.59,1794,1,1839.5,6,1830,2,16
22:04:11.393,1795,1,1839.5,6,1830,2,16
22:04:25.528,1795,1,1830,1,1830,2,16
22:04:42.101,1795,1,1829.5,5,1830,2,16
22:04:42.600,1795,1,1830,1,1830,2,16
22:04:43.598,1795,1,1829.5,5,1830,2,16
22:05:07.505,1794,1,1829.5,5,1830,2,16
22:05:15.212,1784,1,1829.5,5,1830,2,16
22:05:15.641,1784,1,1829,1,1830,2,16
22:05:16.594,1784,1,1828.5,5,1830,2,16
22:05:42.143,1784,1,1828,1,1830,2,16
22:05:43.99,1784,1,1827.5,5,1830,2,16
22:05:43.732,1784,1,1827,1,1830,2,16
22:05:44.597,1784,1,1826.5,5,1830,2,16
22:05:45.231,1784,1,1826,1,1830,2,16
22:05:46.95,1784,1,1825.5,5,1830,2,16
22:05:46.732,1784,1,1825,1,1830,2,16
22:05:47.609,1784,1,1824.5,5,1830,2,16
22:05:48.227,1784,1,1824,1,1830,2,16
22:05:49.138,1784,1,1823.5,5,1830,2,16
22:06:13.642,1784,1,1823,1,1830,2,16
22:06:14.597,1784,1,1822.5,5,1830,2,16
22:06:15.773,1785,1,1822.5,5,1830,2,16
22:07:04.242,1786,1,1822.5,5,1830,2,16
22:07:56.425,1785,1,1822.5,5,1830,2,16
22:07:56.647,1785,1,1822,1,1830,2,16
22:07:57.607,1785,1,1821.5,5,1830,2,16
22:08:16.392,1785,1,1818,1,1830,2,16
22:08:19.605,1785,1,1817.5,5,1830,2,16
22:08:51.795,1764,1,1817.5,5,1830,2,16
22:08:52.55,1763,1,1817.5,5,1830,2,16
22:08:52.553,1746.5,5,1817.5,5,1830,2,16
22:08:53.147,1747,1,1817.5,5,1830,2,16
22:08:54.144,1747.5,5,1817.5,5,1830,2,16
22:08:54.713,1747.5,5,1817,1,1830,2,16
22:08:55.611,1747.5,5,1816.5,5,1830,2,16
22:09:09.216,1749.5,1,1816.5,5,1830,2,16
22:09:10.103,1750,5,1816.5,5,1830,2,16
22:09:17.125,1769.5,1,1816.5,5,1830,2,16
22:09:17.648,1769.5,1,1816,1,1830,2,16
22:09:18.606,1769.5,1,1815.5,5,1830,2,16
22:09:25.221,1759.5,1,1815.5,5,1830,2,16
22:09:26.110,1760,5,1815.5,5,1830,2,16
22:09:28.128,1770,1,1815.5,5,1830,2,16
22:09:37.889,1771.5,1,1815.5,5,1830,2,16
22:10:25.268,1771.5,1,1806,1,1830,2,16
22:11:39.437,1771.5,1,1853,2,1830,2,16
22:11:39.647,1771.5,1,1852.5,6,1830,2,16
22:11:40.156,1771.5,1,1852,2,1830,2,16
22:11:40.731,1771.5,1,1851.5,1,1830,2,16
22:11:44.466,1771.5,1,1811,1,1830,2,16
22:16:57.948,1771.5,1,1853.5,1,1830,2,16
22:16:58.148,1771.5,1,1853,1,1830,2,16
22:17:03.164,1771.5,1,1817,1,1830,2,16
22:26:19.162,1771.5,1,1854.5,1,1830,2,16
22:26:19.656,1771.5,1,1854,6,1830,2,16
22:31:08.742,1770.5,1,1854,6,1830,2,16
22:31:09.71,1770,1,1854,6,1830,2,16
22:35:47.618,1770.5,5,1854,6,1830,2,16
22:35:50.612,1770,1,1854,6,1830,2,16
22:35:51.627,1770.5,5,1854,6,1830,2,16
22:35:52.126,1770,1,1854,6,1830,2,16
22:35:53.125,1770.5,5,1854,6,1830,2,16
22:35:53.624,1770,1,1854,6,1830,2,16
22:35:55.622,1770.5,5,1854,6,1830,2,16
22:35:56.120,1770,1,1854,6,1830,2,16
22:36:20.151,1770,1,1854,1,1830,2,16
22:36:20.630,1770,1,1853.5,5,1830,2,16
22:36:21.246,1770,1,1853,1,1830,2,16
22:36:22.150,1770,1,1852.5,5,1830,2,16
22:36:22.752,1770,1,1852,1,1830,2,16
22:36:23.625,1770,1,1851.5,5,1830,2,16
22:36:24.254,1770,1,1851,1,1830,2,16
22:36:25.123,1770,1,1850.5,5,1830,2,16
22:36:25.750,1770,1,1850,1,1830,2,16
22:36:26.620,1770,1,1849.5,5,1830,2,16
22:36:27.252,1770,1,1849,1,1830,2,16
22:36:28.168,1770,1,1848.5,5,1830,2,16
22:36:28.758,1770,1,1848,1,1830,2,16
22:36:29.615,1770,1,1847.5,5,1830,2,16
22:36:30.254,1770,1,1847,1,1830,2,16
22:36:31.128,1770,1,1846.5,5,1830,2,16
22:36:31.752,1770,1,1846,1,1830,2,16
22:36:32.626,1770,1,1845.5,5,1830,2,16
22:36:33.250,1770,1,1845,1,1830,2,16
22:36:34.169,1770,1,1844.5,5,1830,2,16
22:36:34.750,1770,1,1844,1,1830,2,16
22:36:35.621,1770,1,1843.5,5,1830,2,16
22:36:36.251,1770,1,1843,1,1830,2,16
22:36:37.119,1770,1,1842.5,5,1830,2,16
22:36:37.752,1770,1,1842,1,1830,2,16
22:36:38.617,1770,1,1841.5,5,1830,2,16
22:36:39.798,1770,1,1841,1,1830,2,16
22:36:40.629,1770,1,1840.5,5,1830,2,16
22:36:41.253,1770,1,1840,1,1830,2,16
22:36:42.172,1770,1,1839.5,5,1830,2,16
22:36:42.754,1770,1,1839,1,1830,2,16
22:36:43.624,1770,1,1838.5,5,1830,2,16
22:36:44.257,1770,1,1838,1,1830,2,16
22:36:48.616,1770,1,1837.5,5,1830,2,16
22:36:49.251,1770,1,1837,1,1830,2,16
22:37:19.614,1770,1,1836.5,5,1830,2,16
22:37:20.254,1770,1,1836,1,1830,2,16
22:38:59.132,1770,1,1835.5,5,1830,2,16
22:38:59.751,1770,1,1835,1,1830,2,16
22:39:16.474,1770,3,1835,1,1830,2,16
22:40:30.129,1770,3,1834.5,5,1830,2,16
22:40:32.664,1770,3,1834,1,1830,2,16
22:40:40.129,1770,3,1833.5,5,1830,2,16
22:40:40.756,1770,3,1833,1,1830,2,16
22:40:45.674,1770,3,1832.5,5,1830,2,16
22:40:46.256,1770,3,1832,1,1830,2,16
22:40:47.118,1770,3,1831.5,5,1830,2,16
22:40:47.761,1770,3,1831,1,1830,2,16
22:40:49.630,1770,3,1830.5,5,1830,2,16
22:40:50.261,1770,3,1830,1,1830,2,16
22:40:54.622,1770,3,1829.5,5,1830,2,16
22:40:55.254,1770,3,1829,1,1830,2,16
22:40:55.254,1770,3,1829,1,1830,2,16
22:55:50.177,1770,3,1855.5,1,1830,2,16
22:55:50.675,1770,3,1855,6,1830,2,16
22:56:05.633,1770.5,5,1855,6,1830,2,16
22:56:23.137,1770,3,1855,6,1830,2,16
23:05:37.826,1770,3,1823,1,1830,2,16
23:28:57.320,1770,3,1853,2,1830,2,16
23:28:57.704,1770,3,1852.5,1,1830,2,16
23:28:58.195,1770,3,1852,2,1830,2,16
23:28:58.783,1770,3,1851.5,1,1830,2,16
23:29:03.35,1770,3,1851,5,1830,2,16
23:29:03.289,1770,2,1850.5,1,1830,2,16
23:29:24.627,1732.5,2,1850.5,1,1830,2,16
23:29:25.249,1733,1,1850.5,1,1830,2,16
09:00:00.703,1690.5,2,1981.5,2,1830,2,16
09:00:01.170,1690.5,2,1981,6,1830,2,16
09:00:02.79,1690.5,2,1980,2,1830,2,16
09:00:02.270,1690.5,2,1979.5,3,1830,2,16
09:00:03.34,1691,1,1978.5,2,1830,2,16
09:00:03.471,1692,2,1978,3,1830,2,16
09:00:04.41,1692,2,1977,2,1830,2,16
09:00:04.405,1692.5,2,1976.5,3,1830,2,16
09:00:05.39,1693.5,2,1975.5,2,1830,2,16
09:00:05.384,1693.5,2,1975,3,1830,2,16
09:00:06.45,1693.5,2,1974,2,1830,2,16
09:00:06.349,1694,2,1974,2,1830,2,16
09:00:07.39,1695,2,1974,5,1830,2,16
09:00:07.294,1695.5,2,1974,5,1830,2,16
09:00:08.42,1696.5,2,1974,5,1830,2,16
09:00:08.285,1697,2,1973.5,5,1830,2,16
09:00:09.40,1698,2,1972.5,2,1830,2,16
09:00:09.412,1740,1,1911,1,1830,2,16
09:00:10.39,1741,2,1910,2,1830,2,16
09:00:10.293,1741.5,1,1910,2,1830,2,16
09:00:10.704,1741.5,1,1909.5,3,1830,2,16
09:00:11.331,1741.5,1,1908.5,2,1830,2,16
09:00:11.790,1741.5,1,1908,3,1830,2,16
09:00:12.207,1741.5,1,1907,2,1830,2,16
09:00:12.799,1742,1,1907,2,1830,2,16
09:00:13.289,1742.5,1,1907,2,1830,2,16
09:00:16.243,1743,1,1906.5,5,1830,2,16
09:00:16.786,1743.5,1,1905.5,2,1830,2,16
09:00:17.300,1743.5,1,1905,3,1830,2,16
09:00:17.706,1743.5,1,1904,2,1830,2,16
09:00:18.284,1744,1,1903.5,3,1830,2,16
09:00:18.835,1744.5,1,1902.5,2,1830,2,16
09:00:19.367,1744.5,1,1902,3,1830,2,16
09:00:19.705,1744.5,1,1901,2,1830,2,16
09:00:20.232,1745,1,1901,2,1830,2,16
09:00:20.790,1745.5,1,1901,2,1830,2,16
09:00:21.225,1745.5,1,1900.5,5,1830,2,16
09:00:21.705,1745.5,1,1899.5,2,1830,2,16
09:00:22.221,1746,1,1899.5,2,1830,2,16
09:00:22.827,1746.5,1,1899.5,2,1830,2,16
09:00:24.496,1747,1,1899,5,1830,2,16
09:00:24.750,1747.5,1,1898,2,1830,2,16
09:00:26.241,1748,1,1897.5,5,1830,2,16
09:00:26.786,1748.5,1,1896.5,2,1830,2,16
09:00:28.271,1749,1,1896,5,1830,2,16
09:00:28.785,1749.5,1,1895,2,1830,2,16
09:00:29.406,1750,1,1895,2,1830,2,16
09:00:29.789,1750.5,1,1894.5,2,1830,2,16
09:00:30.382,1750.5,1,1893.5,2,1830,2,16
09:00:30.837,1750.5,1,1893,2,1830,2,16
09:00:31.474,1751,1,1892,2,1830,2,16
09:00:31.784,1751.5,1,1891.5,2,1830,2,16
09:00:32.584,1751.5,1,1890.5,2,1830,2,16
09:00:32.789,1752,1,1890,2,1830,2,16
09:00:33.570,1752.5,1,1889,2,1830,2,16
09:00:33.802,1753,1,1888.5,7,1830,2,16
09:00:34.285,1753.5,1,1887.5,2,1830,2,16
09:00:34.786,1753.5,1,1887,2,1830,2,16
09:00:35.208,1753.5,1,1886,2,1830,2,16
09:00:35.846,1754,1,1885.5,2,1830,2,16
09:00:36.301,1754.5,1,1884.5,2,1830,2,16
09:00:36.952,1755,1,1884,7,1830,2,16
09:00:37.208,1755,1,1883,2,1830,2,16
09:00:37.969,1755,1,1882.5,2,1830,2,16
09:00:38.206,1755,1,1881.5,2,1830,2,16
09:00:39.90,1755,1,1881,2,1830,2,16
09:00:39.206,1755,1,1880,2,1830,2,16
09:00:39.800,1755,1,1879.5,2,1830,2,16
09:00:40.377,1755,1,1878.5,2,1830,2,16
09:00:40.791,1755,1,1878,2,1830,2,16
09:00:41.206,1755,1,1877,2,1830,2,16
09:00:41.789,1755,1,1876.5,2,1830,2,16
09:00:42.207,1755,1,1875.5,2,1830,2,16
09:00:42.788,1755,1,1875,2,1830,2,16
09:00:43.207,1755,1,1874,2,1830,2,16
09:00:43.788,1755,1,1873.5,2,1830,2,16
09:00:44.207,1755,1,1872.5,2,1830,2,16
09:00:44.786,1755,1,1872,2,1830,2,16
09:00:45.207,1755,1,1871,2,1830,2,16
09:00:45.844,1755,1,1870.5,2,1830,2,16
09:00:46.205,1755,1,1869.5,2,1830,2,16
09:00:46.809,1755,1,1869,2,1830,2,16
09:00:47.204,1755,1,1868,2,1830,2,16
09:00:47.786,1755,1,1867.5,2,1830,2,16
09:00:48.205,1755,1,1866.5,2,1830,2,16
09:00:48.789,1755,1,1866,2,1830,2,16
09:00:49.207,1755,1,1865,2,1830,2,16
09:00:49.787,1755,1,1864.5,2,1830,2,16
09:00:50.208,1755,1,1863.5,2,1830,2,16
09:00:50.793,1755,1,1863,2,1830,2,16
09:00:51.205,1755,1,1862,2,1830,2,16
09:00:51.787,1755,1,1861.5,2,1830,2,16
09:00:52.206,1755,1,1860.5,2,1830,2,16
09:00:52.794,1755,1,1860,2,1830,2,16
09:00:53.207,1755,1,1859,2,1830,2,16
09:00:53.835,1755,1,1858.5,2,1830,2,16
09:00:54.207,1755,1,1857.5,2,1830,2,16
09:00:55.323,1755,1,1857,6,1830,2,16
09:00:55.705,1755,1,1856,2,1830,2,16
09:00:56.288,1755,1,1855.5,1,1830,2,16
09:00:56.733,1755,1,1855.5,6,1830,2,16
09:01:32.289,1755,1,1855.5,8,1830,2,16
09:01:33.493,1755,1,1825,1,1830,2,16
09:01:37.330,1755,1,1855.5,2,1830,2,16
09:01:37.702,1755.5,1,1855,1,1830,2,16
09:01:38.261,1756,1,1854.5,5,1830,2,16
09:01:40.868,1756.5,1,1854.5,5,1830,2,16
09:01:41.268,1756.5,1,1854,1,1830,2,16
09:01:41.800,1757,1,1835,1,1830,2,16
09:01:42.534,1757,1,1834.5,1,1830,2,16
09:01:48.828,1757,1,1828,1,1830,2,16
09:01:49.283,1757,1,1827.5,1,1830,2,16
09:02:50.232,1757,1,1823,1,1830,2,16
09:02:50.824,1757,1,1822.5,1,1830,2,16
09:03:18.315,1757,1,1817,1,1830,2,16
09:03:18.789,1757,1,1816.5,1,1830,2,16
09:03:21.18,1759.5,1,1816.5,1,1830,2,16
09:03:21.664,1760,1,1816.5,1,1830,2,16
09:03:29.253,1775.5,1,1816.5,1,1830,2,16
09:03:30.167,1776,1,1816.5,1,1830,2,16
09:04:30.777,1776,1,1837,1,1830,2,16
09:04:31.438,1776,1,1836.5,6,1830,2,16
09:04:37.451,1776,1,1814,1,1830,2,16
09:05:20.926,1777,1,1814,1,1830,2,16
09:05:21.664,1777.5,1,1814,1,1830,2,16
09:05:30.394,1779,1,1814,1,1830,2,16
09:05:31.164,1779.5,1,1814,1,1830,2,16
09:05:54.286,1779.5,1,1838,1,1830,2,16
09:05:54.778,1779.5,1,1837.5,6,1830,2,16
09:05:57.872,1779.5,1,1818,1,1830,2,16
09:05:58.289,1779.5,1,1817.5,1,1830,2,16
09:06:03.396,1779.5,1,1816,1,1830,2,16
09:12:22.896,1775.5,1,1816,1,1830,2,16
09:12:23.205,1780,1,1815.5,1,1830,2,16
09:12:23.675,1775.5,1,1815.5,1,1830,2,16
09:12:24.174,1776,1,1815.5,1,1830,2,16
09:12:49.786,1776,1,1811,1,1830,2,16
09:12:50.293,1776,1,1810.5,1,1830,2,16
09:13:07.622,1776,1,1808,1,1830,2,16
09:13:09.711,1776,1,1807.5,1,1830,2,16
09:13:18.211,1775.5,1,1807.5,1,1830,2,16
09:13:19.821,1775.5,1,1806,1,1830,2,16
09:13:45.206,1775.5,1,1805.5,1,1830,2,16
09:13:53.966,1765.5,1,1805.5,1,1830,2,16
09:13:54.173,1766,1,1805.5,1,1830,2,16
09:14:25.109,1766,1,1803,1,1830,2,16
09:22:40.186,1766,1,1839,1,1830,2,16
09:22:40.953,1766,1,1838.5,6,1830,2,16
09:22:43.426,1766,1,1805,1,1830,2,16
09:36:08.882,1766,1,1838.5,2,1830,2,16
09:36:09.302,1766,1,1838,6,1830,2,16
09:36:15.307,1766,1,1810,1,1830,2,16
09:49:30.739,1766,1,1840,1,1830,2,16
09:49:31.235,1766,1,1839.5,6,1830,2,16
09:49:34.866,1766,1,1814,1,1830,2,16
09:49:35.398,1766,1,1813.5,1,1830,2,16
09:49:40.556,1766,1,1812,1,1830,2,16
09:51:44.693,1766,1,1841,1,1830,2,16
09:51:45.500,1766,1,1840.5,6,1830,2,16
09:51:50.23,1766,1,1818,1,1830,2,16
09:51:50.324,1766,1,1817.5,1,1830,2,16
09:51:55.870,1766,1,1816,1,1830,2,16
09:52:22.735,1766,1,1815.5,1,1830,2,16
09:52:23.816,1766,1,1816,1,1830,2,16
09:52:24.233,1766,1,1815.5,1,1830,2,16
09:52:27.736,1766,1,1816,1,1830,2,16
09:59:52.461,1766,1,1842,1,1830,2,16
09:59:52.744,1766,1,1841.5,6,1830,2,16
09:59:57.734,1766,1,1822,1,1830,2,16
10:00:23.741,1766,1,1821.5,1,1830,2,16
10:02:13.741,1766,1,1822,1,1830,2,16
10:02:21.570,1766,2,1822,1,1830,2,16
10:02:41.744,1766,2,1821.5,1,1830,2,16
10:04:31.940,1766,2,1819,1,1830,2,16
10:05:07.741,1766,2,1818.5,1,1830,2,16
10:05:17.620,1766,2,1817,1,1830,2,16
10:41:07.80,1766,2,1843,1,1830,2,16
10:41:07.269,1766,2,1842.5,6,1830,2,16
10:41:13.375,1766,2,1820,1,1830,2,16
10:41:38.135,1770,1,1820,1,1830,2,16
10:41:38.760,1770.5,1,1820,1,1830,2,16
10:41:50.227,1783,1,1820,1,1830,2,16
10:41:51.239,1783.5,1,1820,1,1830,2,16
10:42:09.69,1783.5,1,1844,1,1830,2,16
10:42:09.272,1783.5,1,1843.5,6,1830,2,16
10:42:13.469,1783.5,1,1824,1,1830,2,16
11:00:05.822,1783.5,1,1845,1,1830,2,16
11:00:06.287,1783.5,1,1844.5,6,1830,2,16
11:00:10.779,1783.5,1,1828,1,1830,2,16
11:00:12.785,1783.5,1,1827.5,1,1830,2,16
11:00:21.749,1783.5,1,1828,1,1830,2,16
11:00:22.285,1783.5,1,1827.5,1,1830,2,16
11:00:23.283,1783.5,1,1828,1,1830,2,16
11:00:23.785,1783.5,1,1827.5,1,1830,2,16
11:00:49.784,1783.5,1,1828,1,1830,2,16
11:01:22.285,1783.5,1,1827.5,1,1830,2,16
11:02:11.307,1783.5,1,1826,1,1830,2,16
11:02:59.225,1783.5,1,1846,1,1830,2,16
11:02:59.753,1783.5,1,1845.5,5,1830,2,16
11:03:00.441,1783.5,1,1845.5,6,1830,2,16
11:03:05.75,1783.5,1,1830,1,1830,2,16
11:04:17.285,1783.5,1,1847.5,1,1830,2,16
11:04:17.786,1783.5,1,1847,6,1830,2,16
11:04:21.750,1783.5,1,1847,1,1830,2,16
11:05:29.965,1783.5,1,1841,1,1830,2,16
11:06:43.622,1783.5,2,1841,1,1830,2,16
11:06:45.146,1783.5,2,1853,1,1830,2,16
11:06:45.288,1783.5,2,1852.5,1,1830,2,16
11:06:49.423,1783.5,2,1845,1,1830,2,16
11:07:22.328,1800,1,1845,1,1830,2,16
11:07:23.326,1800.5,1,1844.5,1,1830,2,16
11:07:30.175,1800.5,1,1843,1,1830,2,16
11:07:55.789,1800.5,1,1842.5,1,1830,2,16
11:09:13.536,1800.5,1,1838,1,1830,2,16
11:09:14.419,1800.5,1,1837.5,1,1830,2,16
11:09:17.788,1800.5,1,1861.5,1,1830,2,16
11:09:18.295,1800.5,1,1861,6,1830,2,16
11:09:20.330,1800.5,1,1836,1,1830,2,16
11:17:03.728,1800.5,1,1862.5,1,1830,2,16
11:17:04.300,1800.5,1,1862,6,1830,2,16
11:17:10.410,1800.5,1,1840,1,1830,2,16
11:27:08.812,1773,1,1840,1,1830,2,16
11:27:09.309,1773.5,1,1839.5,6,1830,2,16
11:27:54.814,1773.5,1,1838,1,1830,2,16
11:27:55.393,1773.5,1,1837.5,1,1830,2,16
11:27:55.770,1773.5,1,1837.5,6,1830,2,16
11:28:47.655,1773.5,1,1835,1,1830,2,16
11:28:47.905,1773.5,1,1834.5,1,1830,2,16
11:28:48.281,1773.5,1,1834.5,6,1830,2,16
11:28:54.818,1773.5,1,1834.5,1,1830,2,16
11:28:57.583,1773.5,1,1833,1,1830,2,16
11:28:57.942,1773.5,1,1832.5,1,1830,2,16
11:29:14.773,1773.5,1,1832,5,1830,2,16
11:29:15.400,1773.5,1,1831.5,1,1830,2,16
11:29:52.11,1773.5,1,1863.5,1,1830,2,16
11:29:52.276,1773.5,1,1863,5,1830,2,16
11:29:57.165,1764.5,1,1864.5,1,1830,2,16
11:29:57.251,1760.5,1,1981,1,1830,2,16
11:29:57.728,1750,2,1981,1,1830,2,16
13:30:01.265,1750.5,1,1954.5,3,1830,2,16
13:30:01.403,1750.5,1,1953.5,2,1830,2,16
13:30:02.60,1750.5,1,1940,3,1830,2,16
13:30:02.402,1750.5,1,1939,2,1830,2,16
13:30:03.26,1751,1,1937.5,3,1830,2,16
13:30:03.714,1751,1,1936.5,2,1830,2,16
13:30:04.104,1751,1,1935.5,3,1830,2,16
13:30:04.404,1751,1,1934.5,2,1830,2,16
13:30:05.117,1751,1,1933.5,3,1830,2,16
13:30:05.564,1751.5,1,1932.5,2,1830,2,16
13:30:06.77,1752,1,1932,3,1830,2,16
13:30:06.402,1752,1,1931,2,1830,2,16
13:30:07.69,1752,1,1930.5,6,1830,2,16
13:30:07.487,1752,1,1929.5,2,1830,2,16
13:30:08.18,1752,1,1929.5,5,1830,2,16
13:30:09.243,1752,1,1910.5,1,1830,2,16
13:30:09.402,1752.5,1,1909.5,2,1830,2,16
13:30:09.982,1753,1,1909.5,2,1830,2,16
13:30:12.746,1753.5,1,1909.5,2,1830,2,16
13:30:12.986,1754,1,1909,3,1830,2,16
13:30:13.402,1754,1,1908,2,1830,2,16
13:30:14.223,1754,1,1907.5,3,1830,2,16
13:30:14.778,1754,1,1832,1,1830,2,16
13:30:15.302,1754,1,1831.5,1,1830,2,16
13:30:15.315,1754.5,1,1831.5,1,1830,2,16
13:30:15.980,1755,1,1831.5,1,1830,2,16
13:30:17.301,1755.5,1,1831.5,1,1830,2,16
13:30:17.551,1756,1,1831.5,1,1830,2,16
13:30:18.352,1756.5,1,1831.5,1,1830,2,16
13:30:18.980,1757,1,1831.5,1,1830,2,16
13:30:20.280,1757.5,1,1831.5,1,1830,2,16
13:30:24.707,1757.5,1,1828,1,1830,2,16
13:30:46.235,1774,1,1828,1,1830,2,16
13:30:46.402,1774,1,1827.5,1,1830,2,16
13:30:46.854,1774.5,1,1827.5,1,1830,2,16
13:31:05.377,1781,1,1827.5,1,1830,2,16
13:31:06.355,1781.5,1,1827.5,1,1830,2,16
13:31:17.334,1781.5,1,1825,1,1830,2,16
13:31:18.83,1781.5,1,1824.5,1,1830,2,16
13:31:26.928,1781.5,1,1823,1,1830,2,16
13:39:41.51,1788,1,1823,1,1830,2,16
13:39:41.860,1788.5,1,1823,1,1830,2,16
13:52:04.369,1788,1,1823,1,1830,2,16
13:52:04.907,1788,1,1822.5,1,1830,2,16
13:52:34.650,1781,1,1822.5,1,1830,2,16
13:52:34.869,1781.5,1,1822.5,1,1830,2,16
13:53:19.499,1781.5,1,1818,1,1830,2,16
13:53:20.107,1781.5,1,1817.5,1,1830,2,16
13:53:33.788,1781.5,1,1816,1,1830,2,16
14:10:47.376,1781,1,1816,1,1830,2,16
14:10:48.35,1782,1,1815.5,1,1830,2,16
14:10:48.390,1781,1,1815.5,1,1830,2,16
14:10:49.388,1781.5,1,1815.5,1,1830,2,16
14:10:49.887,1781,1,1815.5,1,1830,2,16
14:10:58.890,1781.5,1,1815.5,1,1830,2,16
14:11:01.904,1781,1,1815.5,1,1830,2,16
14:11:10.386,1781.5,1,1815.5,1,1830,2,16
14:11:29.182,1781.5,1,1814,1,1830,2,16
14:11:29.509,1781.5,1,1813.5,1,1830,2,16
14:11:41.423,1781.5,1,1814,1,1830,2,16
14:11:42.920,1781.5,1,1813.5,1,1830,2,16
14:11:57.269,1781.5,1,1813,1,1830,2,16
14:13:51.884,1781,1,1813,1,1830,2,16
14:13:52.419,1781,1,1812.5,1,1830,2,16
14:13:52.883,1781.5,1,1812.5,1,1830,2,16
14:13:53.381,1781,1,1812.5,1,1830,2,16
14:13:55.394,1781.5,1,1812.5,1,1830,2,16
14:13:55.905,1781.5,1,1813,1,1830,2,16
14:13:56.416,1781.5,1,1812.5,1,1830,2,16
14:13:59.418,1781.5,1,1813,1,1830,2,16
14:13:59.925,1781.5,1,1812.5,1,1830,2,16
14:14:01.422,1781.5,1,1813,1,1830,2,16
14:19:09.768,1781.5,1,1845.5,1,1830,2,16
14:19:09.886,1781.5,1,1845,5,1830,2,16
14:19:10.667,1781.5,1,1845,6,1830,2,16
14:19:46.379,1781.5,1,1825,1,1830,2,16
14:20:12.923,1781.5,1,1824.5,1,1830,2,16
14:20:59.956,1781.5,1,1825,1,1830,2,16
14:59:23.522,1781.5,1,1855.5,2,1830,2,16
14:59:23.950,1781.5,1,1855,7,1830,2,16
14:59:25.422,1781.5,1,1854,2,1830,2,16
14:59:26.46,1781.5,1,1853.5,2,1830,2,16
14:59:26.463,1781.5,1,1852.5,2,1830,2,16
14:59:27.41,1781.5,1,1852,2,1830,2,16
14:59:27.469,1781.5,1,1851,2,1830,2,16
14:59:28.38,1781.5,1,1850.5,1,1830,2,16
14:59:28.469,1781.5,1,1850,2,1830,2,16
14:59:29.41,1781.5,1,1849.5,1,1830,2,16
14:59:29.410,1781.5,1,1849.5,6,1830,2,16
14:59:52.711,1781.5,1,1849.5,5,1830,2,16
14:59:57.609,1781,1,1921,2,1830,2,16
15:00:00.505,1781,1,1921,2,1830,2,16
15:00:25.326,1781,1,1921,2,1830,2,16
