21:01:55.36,1221,1,1232.5,2,1223,2,796
21:02:11.797,1221,2,1232.5,2,1223,2,796
21:02:12.489,1221,1,1232.5,2,1223,2,796
21:02:15.298,1221,2,1232.5,2,1223,2,796
21:02:15.961,1221,1,1232.5,2,1223,2,796
21:02:24.13,1221,2,1232.5,2,1223,2,796
21:02:24.934,1221,1,1232.5,2,1223,2,796
21:02:31.409,1221,2,1232.5,2,1223,2,796
21:02:31.824,1221,1,1232.5,2,1223,2,796
21:02:34.956,1208,1,1232.5,2,1221,4,794
21:02:35.231,1210,1,1232.5,2,1221,4,794
21:02:38.327,1210,1,1232.5,2,1221,6,792
21:02:45.796,1208.5,1,1232.5,2,1221,6,792
21:02:46.795,1208,1,1232.5,2,1221,6,792
21:02:57.470,1208,3,1232.5,2,1221,6,792
21:03:01.298,1208,3,1232,1,1221,6,792
21:03:05.101,1208.5,1,1232,7,1221,6,792
21:03:17.926,1208.5,1,1231.5,10,1221,6,792
21:03:19.482,1208.5,1,1229,1,1221,6,792
21:03:20.822,1208.5,1,1228.5,1,1221,6,792
21:03:24.452,1208.5,1,1228.5,7,1221,6,792
21:03:50.380,1208.5,3,1228.5,7,1221,6,792
21:04:02.342,1208.5,3,1228,1,1221,6,792
21:04:03.882,1208.5,3,1227.5,3,1221,6,792
21:04:10.743,1208.5,3,1227,2,1221,6,792
21:04:11.952,1208.5,3,1227,1,1221,6,792
21:04:13.421,1208.5,3,1226.5,3,1221,6,792
21:04:17.165,1208.5,3,1227,1,1221,6,792
21:04:18.199,1208.5,3,1226.5,3,1221,6,792
21:04:21.410,1208.5,3,1226.5,2,1221,6,792
21:04:27.619,1208.5,3,1227,1,1221,6,792
21:04:31.298,1208.5,3,1227,2,1221,6,792
21:04:32.438,1208.5,3,1227,1,1221,6,792
21:04:39.917,1208.5,3,1228,1,1227,8,792
21:04:40.987,1208.5,3,1229,1,1228,10,792
21:04:51.997,1209,1,1229,1,1228,10,792
21:04:52.797,1209.5,1,1229,1,1228,10,792
21:04:59.405,1210,1,1229,1,1228,10,792
21:05:00.732,1210.5,1,1229,1,1228,10,792
21:05:07.486,1211,1,1229,1,1228,10,792
21:05:08.971,1211.5,1,1229,1,1228,10,792
21:05:13.797,1213,2,1229,1,1228,10,792
21:05:15.388,1213.5,1,1229,1,1228,10,792
21:05:20.958,1214,1,1229,1,1228,10,792
21:05:22.479,1214.5,1,1229,1,1228,10,792
21:05:24.976,1214.5,3,1229,1,1228,10,792
21:05:27.422,1215,1,1229,1,1228,10,792
21:05:27.959,1215,1,1231.5,20,1229,12,794
21:05:28.302,1215,2,1231.5,20,1229,12,794
21:05:28.926,1215.5,1,1231.5,20,1229,12,794
21:05:59.345,1221,1,1231.5,20,1229,12,794
21:06:00.911,1221.5,1,1231.5,20,1229,12,794
21:06:19.940,1221.5,1,1231.5,19,1231.5,14,794
21:06:23.892,1221.5,1,1231.5,18,1231.5,16,796
21:07:41.94,1221.5,1,1231.5,17,1231.5,18,796
21:08:01.391,1221,1,1231.5,17,1231.5,18,796
21:08:05.441,1221.5,1,1231.5,18,1231.5,18,796
21:08:10.903,1222,1,1231.5,18,1231.5,18,796
21:08:12.448,1222.5,1,1231.5,18,1231.5,18,796
21:08:18.447,1223,1,1231.5,18,1231.5,18,796
21:08:19.628,1223.5,1,1231.5,18,1231.5,18,796
21:08:38.476,1223.5,1,1231.5,16,1231.5,22,798
21:08:38.951,1223.5,1,1231.5,15,1231.5,24,800
21:08:39.443,1223.5,1,1231.5,13,1231.5,28,800
21:08:39.968,1224,1,1231.5,13,1231.5,28,800
21:08:41.434,1224.5,1,1231.5,13,1231.5,28,800
21:08:57.341,1225,1,1231.5,13,1231.5,28,800
21:08:59.0,1225.5,1,1231.5,13,1231.5,28,800
21:09:00.493,1225.5,1,1231.5,12,1231.5,30,800
21:09:04.488,1226,1,1231.5,12,1231.5,30,800
21:09:05.934,1226.5,1,1231.5,12,1231.5,30,800
21:09:34.476,1226.5,2,1231.5,12,1231.5,30,800
21:10:04.331,1226.5,3,1231.5,12,1231.5,30,800
21:10:04.806,1226.5,2,1231.5,12,1231.5,30,800
21:10:30.423,1226.5,3,1231.5,12,1231.5,30,800
21:10:30.793,1226.5,2,1231.5,12,1231.5,30,800
21:10:32.829,1226.5,3,1231.5,12,1231.5,30,800
21:10:33.903,1226.5,2,1231.5,12,1231.5,30,800
21:10:36.393,1226.5,3,1231.5,12,1231.5,30,800
21:10:36.842,1226.5,2,1231.5,12,1231.5,30,800
21:10:37.896,1226.5,3,1231.5,12,1231.5,30,800
21:10:38.464,1226.5,2,1231.5,12,1231.5,30,800
21:10:40.794,1226.5,3,1231.5,12,1231.5,30,800
21:10:41.964,1226.5,2,1231.5,12,1231.5,30,800
21:10:42.408,1226.5,3,1231.5,12,1231.5,30,800
21:10:43.214,1226.5,2,1231.5,12,1231.5,30,800
21:10:43.796,1226.5,3,1231.5,12,1231.5,30,800
21:10:48.465,1226.5,2,1231.5,12,1231.5,30,800
21:11:21.491,1226.5,3,1231.5,12,1231.5,30,800
21:11:22.934,1226.5,2,1231.5,12,1231.5,30,800
21:11:25.935,1226.5,3,1231.5,12,1231.5,30,800
21:11:29.796,1226.5,2,1231.5,12,1231.5,30,800
21:11:30.482,1226.5,3,1231.5,12,1231.5,30,800
21:11:30.797,1226.5,2,1231.5,12,1231.5,30,800
21:11:40.984,1226.5,2,1231.5,12,1231.5,32,798
21:12:07.489,1226.5,2,1231.5,13,1231.5,32,798
21:12:17.295,1226.5,2,1231.5,12,1231.5,34,798
21:12:18.368,1226.5,3,1231.5,12,1231.5,34,798
21:12:27.856,1226.5,2,1231.5,12,1226.5,36,800
21:12:29.999,1226.5,1,1231.5,12,1226.5,36,800
21:12:38.914,1226.5,2,1231.5,12,1226.5,36,800
21:12:39.460,1226.5,1,1231.5,12,1226.5,36,800
21:12:48.963,1226.5,1,1231.5,13,1226.5,36,800
21:12:49.879,1226.5,1,1231.5,12,1226.5,36,800
21:12:52.402,1226.5,1,1231.5,13,1226.5,36,800
21:12:52.970,1226.5,1,1231.5,12,1226.5,36,800
21:12:53.494,1226.5,1,1231.5,13,1226.5,36,800
21:12:54.796,1226.5,1,1231.5,12,1226.5,36,800
21:12:55.343,1226.5,1,1231.5,13,1226.5,36,800
21:12:55.997,1226.5,1,1231.5,12,1226.5,36,800
21:13:00.989,1226.5,1,1231.5,13,1226.5,36,800
21:13:01.902,1226.5,1,1231.5,12,1226.5,36,800
21:13:02.198,1226.5,1,1231.5,13,1226.5,36,800
21:13:03.796,1226.5,1,1231.5,11,1226.5,36,800
21:13:06.454,1221,1,1231.5,11,1226.5,38,802
21:13:13.359,1221,1,1231.5,12,1226.5,38,802
21:13:16.922,1221,1,1231.5,11,1226.5,38,802
21:13:29.364,1221,1,1231,2,1226.5,38,802
21:13:33.274,1221,1,1230,1,1226.5,38,802
21:15:25.44,1221,2,1230,1,1226.5,38,802
21:17:05.827,1221,2,1229,1,1226.5,38,802
21:17:54.944,1221,2,1229,2,1226.5,38,802
21:17:55.440,1221,2,1229,1,1226.5,38,802
21:17:55.796,1221,2,1229,2,1226.5,38,802
21:17:56.344,1221,2,1229,1,1226.5,38,802
21:17:56.792,1221,2,1229,2,1226.5,38,802
21:17:57.704,1221,2,1229,1,1226.5,38,802
21:18:01.482,1221,2,1229,2,1226.5,38,802
21:18:01.991,1221,2,1229,1,1226.5,38,802
21:18:44.945,1221,2,1229,2,1226.5,38,802
21:18:48.796,1221,2,1229,1,1226.5,38,802
21:19:23.872,1221,1,1229,1,1226.5,38,802
21:19:50.2,1221,1,1229,2,1226.5,38,802
21:19:52.507,1221,1,1229,1,1226.5,38,802
21:19:54.999,1221,1,1229,2,1226.5,38,802
21:19:57.407,1221,1,1229,1,1226.5,38,802
21:19:58.432,1221,1,1229,2,1226.5,38,802
21:19:59.348,1221,1,1229,1,1226.5,38,802
21:19:59.954,1221,1,1229,2,1226.5,38,802
21:20:00.359,1221,1,1229,1,1226.5,38,802
21:20:02.296,1221,1,1229,2,1226.5,38,802
21:20:03.995,1221,1,1228,1,1226.5,38,802
21:20:13.908,1221,1,1228,2,1226.5,38,802
21:20:14.496,1221,1,1228,1,1226.5,38,802
21:20:15.908,1221,1,1228,2,1226.5,38,802
21:20:16.399,1221,1,1228,1,1226.5,38,802
21:20:17.903,1221,1,1228,2,1226.5,38,802
21:20:36.465,1221,2,1228,2,1226.5,38,802
21:20:36.964,1221,1,1228,2,1226.5,38,802
21:20:37.413,1221,2,1228,2,1226.5,38,802
21:20:40.967,1221,1,1228,2,1226.5,38,802
21:20:45.965,1215,1,1227.5,8,1221,40,800
21:20:46.503,1215,1,1227.5,7,1221,40,800
21:20:46.945,1215,1,1227.5,8,1221,40,800
21:20:49.485,1215.5,1,1227.5,8,1221,40,800
21:20:51.477,1215.5,1,1228,2,1221,40,800
21:20:58.985,1215,1,1228,2,1221,40,800
21:20:59.302,1215.5,1,1227.5,8,1221,40,800
21:20:59.980,1215.5,1,1228,2,1221,40,800
21:21:01.431,1215.5,1,1227.5,1,1221,40,800
21:21:01.950,1215.5,1,1227.5,8,1221,40,800
21:21:02.443,1215.5,1,1228,2,1221,40,800
21:21:07.991,1215.5,1,1228,3,1221,40,800
21:21:12.475,1216,1,1228,3,1221,40,800
21:21:43.294,1216,1,1228,4,1221,40,800
21:21:43.957,1216,1,1228,3,1221,40,800
21:22:49.294,1217,1,1228,3,1221,40,800
21:23:03.497,1217.5,1,1228,3,1221,40,800
21:23:19.907,1218,1,1228,3,1221,40,800
21:23:58.991,1218.5,1,1228,3,1221,40,800
21:24:16.491,1218.5,1,1228,4,1221,40,800
21:24:17.408,1218.5,1,1228,3,1221,40,800
21:24:17.891,1218.5,1,1228,4,1221,40,800
21:24:18.409,1218.5,1,1228,3,1221,40,800
21:24:24.963,1218.5,1,1228,4,1221,40,800
21:24:25.411,1219,1,1228,4,1221,40,800
21:24:28.952,1219,1,1228,3,1221,40,800
21:24:30.487,1219,1,1228,4,1221,40,800
21:24:30.795,1219,1,1228,3,1221,40,800
21:24:36.487,1219,1,1228,4,1221,40,800
21:24:37.799,1219,1,1228,3,1221,40,800
21:24:46.458,1219,1,1228,4,1221,40,800
21:24:47.296,1219,1,1228,3,1221,40,800
21:25:00.491,1219,1,1228,4,1221,40,800
21:25:01.852,1219,1,1228,3,1221,40,800
21:25:08.303,1219,1,1228,4,1221,40,800
21:25:11.930,1219,1,1228,3,1221,40,800
21:25:12.397,1219,1,1228,4,1221,40,800
21:25:12.878,1219,1,1228,3,1221,40,800
21:25:14.795,1219,1,1228,4,1221,40,800
21:25:15.294,1219,1,1228,3,1221,40,800
21:25:15.602,1219,1,1228,4,1221,40,800
21:25:18.922,1219,1,1228,3,1221,40,800
21:25:19.502,1219,1,1228,4,1221,40,800
21:25:22.390,1219,1,1228,3,1221,40,800
21:25:22.877,1219,1,1228,4,1221,40,800
21:25:24.795,1219,1,1228,3,1221,40,800
21:25:25.794,1219,1,1228,4,1221,40,800
21:25:29.294,1219,1,1228,3,1221,40,800
21:25:29.927,1219,1,1228,4,1221,40,800
21:25:43.506,1219,1,1228,3,1221,40,800
21:25:44.422,1219,1,1228,4,1221,40,800
21:25:45.299,1219,1,1228,3,1221,40,800
21:25:46.560,1219,1,1228,4,1221,40,800
21:25:48.452,1219,1,1228,3,1221,40,800
21:25:54.317,1219,1,1228,4,1221,40,800
21:25:58.794,1219,1,1228,3,1221,40,800
21:26:01.795,1219,1,1228,4,1221,40,800
21:26:02.51,1219,1,1228,3,1221,40,800
21:28:46.706,1219,1,1228,2,1221,40,800
21:29:02.942,1219,1,1228,3,1221,40,800
21:29:24.303,1219,1,1228,2,1221,40,800
21:30:01.48,1219,1,1228,3,1221,40,800
21:30:08.909,1219,1,1228,2,1221,40,800
21:30:32.255,1219,1,1228,1,1221,40,800
21:31:07.997,1219,1,1229,1,1228,42,800
21:31:41.506,1219.5,1,1229,1,1228,42,800
21:32:09.500,1219.5,1,1229,2,1228,42,800
21:32:11.370,1219.5,1,1229,1,1228,42,800
21:32:19.907,1219.5,1,1229,2,1228,42,800
21:32:20.376,1219.5,1,1229,1,1228,42,800
21:32:42.888,1219.5,1,1229,2,1228,42,800
21:32:43.176,1219.5,1,1229,1,1228,42,800
21:32:44.151,1220,1,1229,1,1228,42,800
21:33:18.440,1220,1,1229,2,1228,42,800
21:33:19.913,1220,1,1229,1,1228,42,800
21:33:21.306,1220,1,1229,2,1228,42,800
21:33:22.46,1220,1,1229,1,1228,42,800
21:33:23.47,1220,1,1229,2,1228,42,800
21:33:59.964,1220,1,1229,1,1228,42,800
21:34:00.500,1220,1,1229,2,1228,42,800
21:34:08.523,1220,1,1229,1,1228,42,800
21:34:09.373,1220,1,1229,2,1228,42,800
21:34:14.989,1220.5,1,1229,2,1228,42,800
21:34:20.496,1220.5,1,1229,1,1228,42,800
21:34:49.970,1220.5,1,1231.5,11,1229,44,802
21:34:59.849,1221,1,1231.5,11,1229,44,802
21:35:01.482,1221,2,1231.5,11,1229,44,802
21:35:07.863,1221.5,1,1231.5,11,1229,44,802
21:35:33.454,1222,1,1231.5,11,1229,44,802
21:35:55.406,1222.5,1,1231.5,11,1229,44,802
21:36:24.505,1222.5,1,1231.5,12,1229,44,802
21:36:25.486,1222.5,1,1231.5,11,1229,44,802
21:36:40.314,1222.5,1,1231.5,12,1229,44,802
21:36:44.297,1222.5,1,1231.5,11,1229,44,802
21:36:45.296,1222.5,1,1231.5,12,1229,44,802
21:36:45.585,1222.5,1,1231.5,11,1229,44,802
21:36:46.399,1222.5,1,1231.5,12,1229,44,802
21:36:46.963,1222.5,1,1231.5,11,1229,44,802
21:36:53.941,1222.5,1,1231.5,12,1229,44,802
21:36:55.284,1222.5,1,1231.5,11,1229,44,802
21:36:55.959,1222.5,1,1231.5,12,1229,44,802
21:36:56.945,1222.5,1,1231.5,11,1229,44,802
21:37:04.824,1222.5,1,1231.5,12,1229,44,802
21:37:05.596,1222.5,1,1231.5,11,1229,44,802
21:37:08.483,1222.5,1,1231.5,12,1229,44,802
21:37:11.431,1222.5,1,1231.5,11,1229,44,802
21:37:15.471,1222.5,1,1231.5,12,1229,44,802
21:37:37.419,1222.5,1,1231.5,2,1229,44,802
21:37:47.793,1222.5,1,1231.5,1,1229,44,802
21:37:51.981,1223,1,1231.5,1,1229,44,802
21:37:52.948,1223,1,1231.5,2,1229,44,802
21:37:55.103,1223,1,1231.5,1,1229,44,802
21:38:43.296,1223,1,1231.5,2,1229,44,802
21:38:46.296,1223,1,1231.5,1,1229,44,802
21:39:16.354,1226,4,1231.5,1,1229,44,802
21:39:17.409,1226,2,1231.5,1,1229,44,802
21:39:20.415,1226,3,1231.5,1,1229,44,802
21:39:21.368,1226,2,1231.5,1,1229,44,802
21:39:24.785,1223,1,1231.5,1,1229,44,802
21:39:53.746,1221,1,1231.5,1,1229,44,802
21:41:08.832,1221,3,1231.5,1,1229,44,802
21:41:09.518,1221,1,1231.5,1,1229,44,802
21:41:11.808,1221,2,1231.5,1,1229,44,802
21:41:12.372,1221,1,1231.5,1,1229,44,802
21:41:13.499,1221,3,1231.5,1,1229,44,802
21:41:13.830,1221,1,1231.5,1,1229,44,802
21:41:14.487,1221,2,1231.5,1,1229,44,802
21:41:14.891,1221,3,1231.5,1,1229,44,802
21:41:16.515,1221,1,1231.5,1,1229,44,802
21:41:24.336,1219.5,1,1231,8,1221,46,802
21:41:40.801,1220,2,1231,8,1221,46,802
21:41:44.909,1219.5,1,1231,8,1221,46,802
21:41:48.507,1219.5,1,1231,8,1221,48,802
21:41:51.446,1215,3,1230.5,1,1219.5,50,800
21:41:52.12,1215,1,1230.5,1,1219.5,50,800
21:41:53.21,1215,1,1229.5,1,1219.5,50,800
21:41:54.416,1215,1,1229,8,1219.5,50,800
21:41:55.1,1215,1,1228.5,1,1219.5,50,800
21:41:56.506,1215,1,1227.5,1,1219.5,50,800
21:41:58.22,1215,1,1227,8,1219.5,50,800
21:42:07.981,1215,2,1227,8,1219.5,50,800
21:42:08.408,1215,1,1227,8,1219.5,50,800
21:42:10.505,1215.5,1,1231,1,1219.5,50,800
21:42:11.17,1215,1,1226.5,8,1219.5,50,800
21:42:11.401,1215.5,1,1231,1,1219.5,50,800
21:42:12.529,1215.5,1,1230,1,1219.5,50,800
21:42:13.300,1215.5,1,1229.5,8,1219.5,50,800
21:42:16.468,1218,2,1229.5,8,1219.5,50,800
21:42:20.21,1218,4,1229.5,8,1219.5,50,800
21:42:20.522,1218,2,1229.5,8,1219.5,50,800
21:42:21.381,1218,3,1229.5,8,1219.5,50,800
21:42:24.496,1218,2,1229.5,8,1219.5,50,800
21:42:37.21,1218,2,1231.5,1,1219.5,50,800
21:42:37.493,1218,2,1231,1,1219.5,50,800
21:42:37.989,1218,2,1231,8,1219.5,50,800
21:42:47.4,1215,1,1231,8,1219.5,50,800
21:42:47.479,1220,2,1231,8,1219.5,50,800
21:42:53.390,1220,3,1231,8,1219.5,50,800
21:42:55.21,1220,2,1231,8,1219.5,50,800
21:43:05.554,1220,2,1230.5,1,1219.5,50,800
21:43:06.980,1208.5,1,1230.5,1,1219.5,50,800
21:43:07.460,1210,1,1230,8,1219.5,50,800
21:43:09.482,1210,1,1229.5,1,1219.5,50,800
21:43:09.974,1210,1,1230,8,1219.5,50,800
21:43:10.365,1210,1,1230.5,1,1219.5,50,800
21:43:10.908,1210,1,1229.5,8,1219.5,50,800
21:43:13.812,1210,1,1229,1,1219.5,50,800
21:43:14.444,1210,1,1229.5,8,1219.5,50,800
21:43:15.9,1210,1,1230,1,1219.5,50,800
21:43:15.422,1210,1,1229,8,1219.5,50,800
21:43:23.451,1210,1,1228.5,1,1219.5,50,800
21:43:23.797,1210,1,1229,8,1219.5,50,800
21:43:24.506,1210,1,1230.5,1,1219.5,50,800
21:43:24.890,1210,1,1228.5,7,1219.5,50,800
21:43:25.780,1210,1,1228.5,8,1219.5,50,800
21:43:29.530,1210,1,1228,1,1219.5,50,800
21:43:30.934,1210,1,1227.5,8,1219.5,50,800
21:43:34.812,1210,1,1227,1,1219.5,50,800
21:43:36.804,1210,1,1230.5,1,1219.5,50,800
21:43:37.480,1210,1,1230,1,1219.5,50,800
21:43:37.807,1210,1,1230,9,1219.5,50,800
21:43:51.810,1210,1,1229.5,1,1219.5,50,800
21:43:52.381,1210,1,1229,1,1219.5,50,800
21:43:53.12,1210,1,1229,9,1219.5,50,800
21:44:16.521,1210,1,1228.5,1,1219.5,50,800
21:44:20.952,1210,1,1228,8,1219.5,50,800
21:44:21.367,1210,1,1228.5,1,1219.5,50,800
21:44:21.949,1210,2,1228.5,1,1219.5,50,800
21:44:23.28,1210,2,1228,1,1219.5,50,800
21:44:37.960,1210,2,1228,2,1219.5,50,800
21:44:38.507,1210,1,1228,2,1219.5,50,800
21:44:38.939,1210,1,1228.5,1,1219.5,50,800
21:44:40.31,1210,1,1228.5,2,1219.5,50,800
21:44:40.498,1210,1,1228,1,1219.5,50,800
21:45:26.324,1213,1,1228,1,1219.5,50,800
21:45:31.970,1213.5,1,1228,2,1219.5,50,800
21:45:32.475,1213,1,1228,2,1219.5,50,800
21:45:36.22,1213,1,1228,1,1219.5,50,800
21:45:37.375,1213,1,1228,2,1219.5,50,800
21:45:38.802,1213,1,1228,1,1219.5,50,800
21:45:39.443,1213,1,1228,2,1219.5,50,800
21:45:39.964,1213,1,1228,1,1219.5,50,800
21:45:41.958,1213.5,1,1228,1,1219.5,50,800
21:45:43.949,1213,1,1228,1,1219.5,50,800
21:45:44.917,1213,1,1227,1,1219.5,50,800
21:46:01.393,1213,1,1227,2,1219.5,50,800
21:46:01.549,1213,1,1227,1,1219.5,50,800
21:46:08.313,1213.5,1,1231,1,1219.5,50,800
21:46:09.513,1213,1,1231,1,1219.5,50,800
21:46:11.63,1213.5,1,1231,1,1219.5,50,800
21:46:12.375,1213,1,1231,1,1219.5,50,800
21:46:14.809,1213.5,1,1231,1,1219.5,50,800
21:46:47.942,1215,1,1231,1,1219.5,50,800
21:46:48.65,1215.5,1,1231,1,1219.5,50,800
21:46:51.514,1215,1,1231,1,1219.5,50,800
21:46:53.310,1215.5,1,1231,1,1219.5,50,800
21:47:00.249,1215,1,1231,1,1219.5,50,800
21:47:08.426,1215.5,1,1231,1,1219.5,50,800
21:47:12.447,1215,1,1231,1,1219.5,50,800
21:47:16.500,1217,1,1231,1,1219.5,50,800
21:47:48.902,1221,5,1231,1,1219.5,50,800
21:47:49.365,1221,5,1231.5,1,1219.5,50,800
21:47:50.882,1221,5,1231,4,1219.5,50,800
21:47:51.953,1221,5,1231.5,1,1219.5,50,800
21:47:53.335,1221,5,1231,4,1219.5,50,800
21:47:53.862,1217,1,1231,8,1219.5,50,800
21:47:54.515,1217,1,1230.5,1,1219.5,50,800
21:47:55.915,1217,1,1230,4,1219.5,50,800
21:47:57.459,1217,1,1230.5,1,1219.5,50,800
21:47:58.310,1217,1,1230,4,1219.5,50,800
21:47:58.990,1217,1,1230.5,1,1219.5,50,800
21:47:59.309,1217,1,1230,4,1219.5,50,800
21:48:00.313,1217,1,1230.5,1,1219.5,50,800
21:48:00.558,1217,1,1231,4,1219.5,50,800
21:48:02.22,1217,1,1231,8,1219.5,50,800
21:48:02.482,1217,1,1230.5,1,1219.5,50,800
21:48:03.923,1217,1,1230,4,1219.5,50,800
21:48:07.389,1219,5,1230,4,1219.5,50,800
21:48:09.422,1219,5,1231,4,1219.5,50,800
21:48:10.499,1219,5,1231,8,1219.5,50,800
21:48:12.816,1220,5,1231,8,1219.5,50,800
21:48:14.801,1220,5,1231,4,1219.5,50,800
21:48:15.801,1220,5,1231.5,1,1219.5,50,800
21:49:03.409,1220,5,1231,4,1219.5,50,800
21:49:04.240,1220,5,1231.5,1,1219.5,50,800
21:49:05.462,1220,5,1231,4,1219.5,50,800
21:49:08.146,1220,5,1231.5,1,1219.5,50,800
21:49:09.135,1220,5,1231,4,1219.5,50,800
21:49:13.636,1220,5,1231.5,1,1219.5,50,800
21:49:19.908,1220,5,1231,4,1219.5,50,800
21:49:20.135,1220,5,1231.5,1,1219.5,50,800
21:49:23.759,1220,5,1231,4,1219.5,50,800
21:49:29.770,1220,5,1231.5,1,1219.5,50,800
21:49:35.121,1220,5,1231,4,1219.5,50,800
21:49:49.812,1213.5,1,1231,4,1219.5,50,800
21:50:02.8,1213.5,1,1230.5,1,1219.5,50,800
21:50:03.81,1213.5,1,1231,4,1219.5,50,800
21:50:04.366,1213.5,1,1230.5,1,1219.5,50,800
21:50:06.13,1213.5,1,1230,4,1219.5,50,800
21:50:07.348,1213.5,1,1229.5,1,1219.5,50,800
21:50:19.21,1213.5,1,1229,1,1219.5,50,800
21:50:19.453,1213.5,1,1228.5,1,1219.5,50,800
21:50:38.500,1213.5,1,1229,1,1219.5,50,800
21:50:39.22,1215,1,1229,1,1219.5,50,800
21:50:39.405,1215,1,1228.5,1,1219.5,50,800
21:50:40.308,1215,1,1229,1,1219.5,50,800
21:50:41.898,1215,1,1228.5,1,1219.5,50,800
21:50:42.275,1215,1,1229,1,1219.5,50,800
21:50:47.804,1215,1,1228.5,1,1219.5,50,800
21:50:48.58,1215,1,1229,1,1219.5,50,800
21:50:49.309,1215.5,1,1229,1,1219.5,50,800
21:50:51.400,1215,1,1228.5,1,1219.5,50,800
21:51:00.807,1215,1,1229,1,1219.5,50,800
21:51:01.453,1215.5,1,1229,1,1219.5,50,800
21:51:01.864,1215,1,1229,1,1219.5,50,800
21:51:03.299,1215,1,1228.5,1,1219.5,50,800
21:51:04.13,1215,1,1229,1,1219.5,50,800
21:51:05.944,1215,1,1228.5,1,1219.5,50,800
21:51:07.861,1215,1,1229,1,1219.5,50,800
21:51:08.300,1215,1,1228.5,1,1219.5,50,800
21:51:08.801,1215,1,1229,1,1219.5,50,800
21:51:09.695,1215.5,1,1229,1,1219.5,50,800
21:51:12.358,1215,1,1229,1,1219.5,50,800
21:51:13.235,1215.5,1,1229,1,1219.5,50,800
21:51:50.521,1215,1,1229,1,1219.5,50,800
21:51:54.523,1215.5,1,1229,1,1219.5,50,800
21:51:54.999,1215,1,1229,1,1219.5,50,800
21:52:03.434,1215,2,1229,1,1219.5,50,800
21:52:07.646,1215,2,1228.5,1,1219.5,50,800
21:52:38.983,1215,2,1229,2,1219.5,50,800
21:52:43.526,1215.5,1,1229,2,1219.5,50,800
21:52:51.897,1215,2,1229,2,1219.5,50,800
21:53:08.437,1215,2,1228.5,1,1219.5,50,800
21:53:09.960,1215,2,1229,2,1219.5,50,800
21:53:11.898,1215,2,1228.5,1,1219.5,50,800
21:53:34.805,1215,2,1229,2,1219.5,50,800
21:53:44.810,1215.5,1,1229,2,1219.5,50,800
21:53:55.52,1215,2,1229,2,1219.5,50,800
21:54:13.872,1215,2,1228.5,1,1219.5,50,800
21:54:14.439,1215,2,1229,2,1219.5,50,800
21:54:14.949,1215,2,1228.5,1,1219.5,50,800
21:54:15.964,1215,2,1229,2,1219.5,50,800
21:54:16.57,1215,2,1228.5,1,1219.5,50,800
21:54:27.420,1215,2,1228,1,1219.5,50,800
21:54:41.920,1215.5,1,1228,1,1219.5,50,800
21:54:43.802,1215,2,1228,1,1219.5,50,800
21:55:02.902,1215,2,1227.5,1,1219.5,50,800
21:55:04.532,1215,2,1228,1,1219.5,50,800
21:55:04.802,1215,2,1227.5,1,1219.5,50,800
21:55:25.989,1215,2,1228,1,1219.5,50,800
21:55:27.810,1215,2,1227.5,1,1219.5,50,800
21:55:28.68,1215,2,1228,1,1219.5,50,800
21:55:52.313,1215.5,1,1228,1,1219.5,50,800
21:55:54.454,1215,2,1228,1,1219.5,50,800
21:56:03.501,1215.5,1,1228,1,1219.5,50,800
21:56:26.34,1215,2,1228,1,1219.5,50,800
21:57:09.319,1215,2,1227.5,1,1219.5,50,800
21:57:10.28,1215,2,1227,1,1219.5,50,800
21:57:33.36,1215,2,1226.5,4,1219.5,50,800
21:57:33.407,1215,2,1227,1,1219.5,50,800
21:57:34.442,1215,2,1226.5,4,1219.5,50,800
21:57:34.966,1215,2,1227,1,1219.5,50,800
21:58:30.451,1215,1,1227,1,1219.5,50,800
21:59:54.16,1215,1,1226.5,4,1219.5,50,800
21:59:56.421,1215,1,1227,1,1219.5,50,800
22:00:01.23,1215,1,1226.5,4,1219.5,50,800
22:00:03.441,1215,1,1227,1,1219.5,50,800
22:00:04.29,1215,1,1226,4,1219.5,50,800
22:00:04.459,1215,1,1227,1,1219.5,50,800
22:00:05.436,1215,1,1226.5,4,1219.5,50,800
22:00:16.916,1215,1,1226.5,8,1219.5,50,800
22:00:43.501,1215,1,1226.5,4,1219.5,50,800
22:00:45.422,1215,1,1226.5,8,1219.5,50,800
22:00:52.971,1215,1,1226.5,4,1219.5,50,800
22:00:56.334,1215,1,1227,1,1219.5,50,800
22:00:58.494,1215,1,1226.5,4,1219.5,50,800
22:00:59.501,1215,1,1227,1,1219.5,50,800
22:01:03.974,1215,1,1226.5,4,1219.5,50,800
22:01:04.938,1215,1,1227,1,1219.5,50,800
22:01:05.300,1215,1,1226.5,4,1219.5,50,800
22:01:06.359,1215,1,1227,1,1219.5,50,800
22:01:19.35,1213,1,1227,1,1219.5,50,800
22:01:19.132,1213.5,1,1227,1,1219.5,50,800
22:02:28.513,1213,1,1227,1,1219.5,50,800
22:02:32.523,1213,1,1226.5,1,1219.5,50,800
22:02:36.918,1213,1,1227,1,1219.5,50,800
22:02:37.990,1213,1,1226.5,1,1219.5,50,800
22:02:39.490,1213,1,1227,1,1219.5,50,800
22:02:40.11,1213,1,1226.5,1,1219.5,50,800
22:02:42.373,1213,1,1227,1,1219.5,50,800
22:02:42.827,1213,1,1226.5,1,1219.5,50,800
22:03:01.523,1213,1,1227,1,1219.5,50,800
22:03:01.607,1213,1,1226.5,1,1219.5,50,800
22:03:03.494,1213,1,1227,1,1219.5,50,800
22:03:05.380,1213,1,1226.5,1,1219.5,50,800
22:03:11.807,1213,1,1227,1,1219.5,50,800
22:03:22.415,1213,1,1226.5,1,1219.5,50,800
22:03:27.803,1213,1,1227,1,1219.5,50,800
22:03:29.920,1213.5,1,1227,1,1219.5,50,800
22:03:35.10,1215,1,1227,1,1219.5,50,800
22:05:05.548,1215,1,1219.5,4,1219.5,54,800
22:05:19.478,1215,1,1219.5,3,1219.5,56,802
22:05:19.864,1213,1,1219.5,3,1215,58,804
22:05:22.356,1213,2,1219.5,3,1215,58,804
22:05:23.460,1213,1,1219.5,3,1215,58,804
22:05:28.409,1215,2,1219.5,3,1215,58,804
22:05:30.41,1215,2,1219.5,4,1215,58,804
22:05:31.548,1215,2,1219.5,3,1215,58,804
22:05:32.482,1215,1,1219.5,3,1215,60,806
22:05:33.8,1213,1,1219.5,3,1215,60,806
22:05:56.547,1213,1,1219.5,4,1215,60,806
22:05:58.14,1213,2,1219.5,3,1215,60,806
22:06:02.13,1213,1,1219.5,3,1215,60,806
22:06:02.459,1213,1,1219.5,4,1215,60,806
22:06:05.29,1213,1,1219.5,3,1215,60,806
22:06:05.455,1213,1,1219.5,4,1215,60,806
22:06:06.410,1213,1,1219.5,3,1215,60,806
22:06:07.302,1213,2,1219.5,4,1215,60,806
22:06:08.993,1213,1,1219.5,3,1215,60,806
22:06:09.512,1213,2,1219.5,4,1215,60,806
22:06:10.538,1213,2,1219.5,3,1215,60,806
22:06:11.1,1213,1,1219.5,3,1215,60,806
22:06:12.947,1213,2,1219.5,3,1215,60,806
22:06:13.529,1213,1,1219.5,3,1215,60,806
22:06:15.940,1213,1,1219.5,4,1215,60,806
22:06:16.894,1213,1,1219.5,3,1215,60,806
22:06:17.300,1213,2,1219.5,4,1215,60,806
22:06:18.344,1213,1,1219.5,4,1215,60,806
22:06:19.546,1213,1,1219.5,3,1215,60,806
22:06:20.48,1213,2,1219.5,4,1215,60,806
22:06:20.925,1213,1,1219.5,4,1215,60,806
22:06:26.548,1213,1,1219.5,3,1215,60,806
22:06:27.996,1213,1,1218,1,1215,60,806
22:06:28.300,1213,2,1218,1,1215,60,806
22:06:32.49,1213,1,1218,1,1215,60,806
22:06:45.801,1213,2,1218,1,1215,60,806
22:06:47.399,1213,1,1218,1,1215,60,806
22:07:07.801,1213,2,1218,1,1215,60,806
22:07:09.49,1213,1,1218,1,1215,60,806
22:07:10.926,1213,2,1218,1,1215,60,806
22:07:13.803,1213,1,1218,1,1215,60,806
22:07:15.11,1215,2,1218,1,1215,60,806
22:07:19.433,1215,2,1218,2,1215,60,806
22:07:20.11,1213,1,1218,1,1215,60,806
22:07:23.49,1213,1,1218,2,1215,60,806
22:07:25.48,1213,1,1218,1,1215,60,806
22:07:28.47,1211,1,1219.5,3,1213,62,804
22:07:28.892,1211,1,1219.5,4,1213,62,804
22:07:30.549,1211,1,1219.5,3,1213,62,804
22:07:32.448,1211,1,1219.5,4,1213,62,804
22:07:32.751,1211,1,1219.5,3,1213,62,804
22:07:33.908,1211,1,1219.5,4,1213,62,804
22:07:34.874,1211,1,1219.5,3,1213,62,804
22:07:37.548,1211,1,1219.5,4,1213,62,804
22:07:40.477,1211,1,1219.5,3,1213,62,804
22:07:58.461,1213,3,1219.5,3,1213,62,804
22:08:00.302,1213,2,1219.5,3,1213,62,804
22:08:03.411,1213,3,1219.5,3,1213,62,804
22:08:03.875,1213,2,1219.5,3,1213,62,804
22:08:05.298,1211,1,1213,2,1213,68,804
22:08:08.301,1211,1,1213,1,1213,70,804
22:08:12.863,1211,1,1219.5,3,1213,72,804
22:08:21.801,1211,2,1219.5,3,1213,72,804
22:08:33.270,1211,1,1219.5,3,1213,72,804
22:08:35.397,1212,1,1219.5,3,1213,72,804
22:08:59.540,1212,1,1219,4,1213,72,804
22:09:00.49,1211,1,1219.5,3,1213,72,804
22:09:00.980,1211,1,1219,4,1213,72,804
22:09:03.49,1208,1,1219,4,1211,74,806
22:09:03.998,1208,1,1219,8,1211,74,806
22:09:06.548,1208,2,1219,8,1211,74,806
22:09:06.819,1208,1,1219,8,1211,74,806
22:09:08.442,1208,1,1219.5,3,1211,74,806
22:09:09.550,1208,1,1219,4,1211,74,806
22:09:10.48,1208,1,1219,8,1211,74,806
22:09:12.13,1208,2,1219,8,1211,74,806
22:09:12.951,1208,1,1219,8,1211,74,806
22:09:15.485,1208,1,1218.5,1,1211,74,806
22:10:21.50,1208,1,1218.5,1,1209.5,76,806
22:10:25.551,1208,1,1218,8,1209.5,76,806
22:10:31.551,1208,2,1218,8,1209.5,76,806
22:10:32.49,1208,1,1218,8,1209.5,76,806
22:10:33.50,1208,2,1218,8,1209.5,76,806
22:10:37.498,1208,1,1218,8,1209.5,76,806
22:10:38.884,1208,2,1218,8,1209.5,76,806
22:10:39.551,1208,1,1218,8,1209.5,76,806
22:10:44.50,1208,2,1218,8,1209.5,76,806
22:10:46.552,1208,1,1218,8,1209.5,76,806
22:10:47.551,1208,1,1219.5,3,1209.5,76,806
22:10:48.551,1208,1,1219,8,1209.5,76,806
22:11:03.675,1208,1,1219.5,3,1209.5,76,806
22:11:28.261,1209.5,1,1219.5,3,1209.5,76,806
22:11:42.994,1210,1,1219.5,3,1209.5,76,806
22:11:54.48,1210,1,1219.5,3,1217,78,804
22:12:13.721,1208,1,1219.5,3,1217,78,804
22:12:42.355,1208,1,1219.5,3,1218,80,804
22:12:51.550,1208,1,1219.5,4,1218,80,804
22:12:52.51,1208,1,1219.5,3,1218,80,804
22:13:09.51,1208.5,1,1219.5,3,1218,80,804
22:13:43.46,1210,1,1219.5,3,1218,80,804
22:14:01.550,1210,1,1219,7,1218,80,804
22:14:10.49,1210,1,1219,8,1218,80,804
22:14:10.322,1210,1,1219,7,1218,80,804
22:14:15.553,1210,1,1219,8,1218,80,804
22:14:17.394,1210,1,1219,7,1218,80,804
22:14:19.50,1210,1,1219,7,1218,84,802
22:14:19.852,1210,1,1219,8,1218,84,802
22:14:28.10,1210,1,1219.5,3,1218,84,802
22:14:32.151,1210,1,1219,8,1218,84,802
22:14:34.551,1210,1,1219.5,3,1218,84,802
22:14:51.550,1210,2,1219.5,3,1218,84,802
22:15:13.552,1210,2,1219,8,1218,84,802
22:15:15.802,1210,2,1219.5,3,1218,84,802
22:15:19.551,1210,2,1219,8,1218,84,802
22:15:22.47,1210,2,1219.5,3,1218,84,802
22:15:23.37,1210,2,1219,8,1218,84,802
22:15:26.994,1210,2,1219.5,3,1218,84,802
22:15:28.152,1210,2,1219,8,1218,84,802
22:15:35.480,1210,2,1218,2,1218,84,802
22:15:49.50,1210,2,1218,3,1218,84,802
22:15:51.551,1210,2,1218,2,1218,84,802
22:15:51.941,1210,2,1218,3,1218,84,802
22:15:57.189,1210,2,1218,2,1218,84,802
22:16:03.50,1210,2,1218,3,1218,84,802
22:16:03.303,1210,2,1218,2,1218,84,802
22:16:07.221,1210,2,1218,3,1218,84,802
22:16:07.776,1210,2,1218,2,1218,84,802
22:16:16.548,1210,2,1219.5,4,1218,84,802
22:16:17.547,1210,2,1219.5,3,1218,84,802
22:16:55.551,1211,1,1219.5,3,1218,84,802
22:19:08.550,1211,1,1219.5,4,1218,84,802
22:19:12.712,1210,1,1219.5,4,1218,84,802
22:19:30.551,1210,1,1219.5,3,1218,84,802
22:19:32.300,1210,1,1219.5,4,1218,84,802
22:19:58.551,1210,1,1219.5,3,1218,84,802
22:20:09.53,1210,1,1219.5,4,1218,84,802
22:20:09.303,1210,1,1219.5,3,1218,84,802
22:20:26.52,1210,1,1219.5,4,1218,84,802
22:20:30.52,1210,1,1219.5,3,1218,84,802
22:20:31.551,1210,1,1219.5,4,1218,84,802
22:20:55.802,1210,1,1219.5,3,1218,84,802
22:21:19.990,1210,1,1219.5,4,1218,84,802
22:21:21.51,1210,1,1219.5,3,1218,84,802
22:21:27.361,1210,1,1219.5,4,1218,84,802
22:21:28.51,1210,1,1219.5,3,1218,84,802
22:22:22.394,1210,2,1219.5,3,1218,84,802
22:22:47.473,1210,1,1219.5,3,1218,84,802
22:26:06.52,1210,1,1219.5,2,1219.5,86,804
22:26:14.51,1210,1,1227,1,1219.5,90,808
22:26:14.344,1210,1,1226,1,1219.5,90,808
22:26:16.58,1210.5,1,1226,1,1219.5,90,808
22:26:25.552,1210.5,1,1226,2,1219.5,90,808
22:26:26.556,1211,1,1226,2,1219.5,90,808
22:26:27.551,1211,1,1226,1,1219.5,90,808
22:26:28.52,1211,1,1226,2,1219.5,90,808
22:26:29.28,1211,1,1226,1,1219.5,90,808
22:26:29.925,1211,1,1226,2,1219.5,90,808
22:26:36.555,1211,1,1226,1,1219.5,90,808
22:26:43.550,1211.5,1,1226,1,1219.5,90,808
22:26:48.479,1211,1,1226,1,1219.5,90,808
22:27:01.557,1211.5,1,1226,1,1219.5,90,808
22:27:11.995,1211,1,1226,1,1219.5,90,808
22:27:15.551,1211.5,1,1226,1,1219.5,90,808
22:27:16.51,1211,1,1226,1,1219.5,90,808
22:27:16.332,1211.5,1,1226,1,1219.5,90,808
22:27:21.51,1211,1,1226,1,1219.5,90,808
22:27:36.497,1211,1,1225,1,1219.5,90,808
22:27:49.557,1211.5,1,1225.5,8,1219.5,90,808
22:27:58.21,1211.5,1,1226.5,1,1219.5,90,808
22:27:58.806,1211.5,1,1225.5,1,1219.5,90,808
22:27:59.552,1211.5,1,1226,8,1219.5,90,808
22:28:02.9,1211.5,1,1226.5,1,1219.5,90,808
22:28:02.822,1211.5,1,1226,8,1219.5,90,808
22:28:10.552,1211.5,1,1226.5,1,1219.5,90,808
22:28:15.55,1212.5,1,1226.5,1,1219.5,90,808
22:28:19.51,1212.5,1,1227,1,1219.5,90,808
22:28:21.558,1212.5,1,1226.5,1,1219.5,90,808
22:28:25.555,1213,1,1227,1,1219.5,90,808
22:28:34.683,1213,1,1226.5,1,1219.5,90,808
22:28:48.557,1213,1,1227,1,1219.5,90,808
22:28:52.51,1213,1,1226.5,1,1219.5,90,808
22:29:00.551,1213,1,1227,1,1219.5,90,808
22:29:01.52,1213,1,1226.5,1,1219.5,90,808
22:29:05.419,1213,1,1226,8,1219.5,90,808
22:29:07.57,1213,1,1225.5,1,1219.5,90,808
22:29:08.551,1213,1,1226,8,1219.5,90,808
22:29:14.327,1213,1,1226.5,1,1219.5,90,808
22:29:15.313,1213,1,1226,8,1219.5,90,808
22:29:16.52,1213,1,1226.5,1,1219.5,90,808
22:29:18.5,1213,1,1225.5,1,1219.5,90,808
22:29:20.560,1213,1,1226,8,1219.5,90,808
22:29:20.859,1213,1,1225.5,1,1219.5,90,808
22:29:21.336,1213,1,1226,8,1219.5,90,808
22:30:10.56,1210.5,1,1226,8,1219.5,90,808
22:30:24.564,1211,1,1226,8,1219.5,90,808
22:30:24.567,1211.5,1,1226,8,1219.5,90,808
22:30:32.314,1212,1,1226,8,1219.5,90,808
22:30:42.843,1212,1,1225.5,1,1219.5,90,808
22:30:44.836,1212,1,1226,8,1219.5,90,808
22:30:45.977,1212,1,1225.5,1,1219.5,90,808
22:30:46.551,1212,1,1226,8,1219.5,90,808
22:30:49.316,1212,1,1225.5,1,1219.5,90,808
22:30:55.63,1212,1,1226,8,1219.5,90,808
22:30:55.564,1212,1,1225.5,1,1219.5,90,808
22:31:00.51,1212,1,1226,8,1219.5,90,808
22:31:03.549,1212.5,1,1226,8,1219.5,90,808
22:31:08.52,1212,1,1228.5,1,1219.5,90,808
22:31:10.50,1212,1,1227.5,1,1219.5,90,808
22:31:11.808,1212,1,1226.5,1,1219.5,90,808
22:31:13.305,1212,1,1226,8,1219.5,90,808
22:31:19.808,1212,1,1225.5,1,1219.5,90,808
22:31:35.807,1212,1,1225,8,1219.5,90,808
22:31:52.549,1212,1,1224.5,1,1219.5,90,808
22:31:54.557,1212,1,1229,1,1219.5,90,808
22:31:54.683,1212,1,1224,8,1219.5,90,808
22:31:55.554,1212,1,1228.5,1,1219.5,90,808
22:31:56.356,1212,1,1227.5,1,1219.5,90,808
22:31:57.541,1212,1,1226.5,1,1219.5,90,808
22:31:59.52,1212,1,1225.5,1,1219.5,90,808
22:32:01.515,1212,1,1225,8,1219.5,90,808
22:32:54.64,1212.5,1,1225,8,1219.5,90,808
22:33:02.804,1212,1,1225,8,1219.5,90,808
22:33:14.997,1212.5,1,1225,8,1219.5,90,808
22:33:23.303,1212,1,1225,8,1219.5,90,808
22:33:35.880,1212,1,1228.5,1,1219.5,90,808
22:33:36.817,1212,1,1227.5,1,1219.5,90,808
22:33:39.563,1212,1,1226.5,1,1219.5,90,808
22:33:41.52,1212.5,1,1226.5,1,1219.5,90,808
22:33:41.472,1212,1,1226,8,1219.5,90,808
22:33:42.309,1212.5,1,1226,8,1219.5,90,808
22:33:48.553,1212,1,1226,8,1219.5,90,808
22:33:49.308,1212.5,1,1226,8,1219.5,90,808
22:33:52.58,1213,1,1226,8,1219.5,90,808
22:33:52.555,1212,1,1226,8,1219.5,90,808
22:33:52.906,1212.5,1,1226,8,1219.5,90,808
22:33:55.413,1212.5,1,1228.5,1,1219.5,90,808
22:33:56.560,1212.5,1,1227.5,1,1219.5,90,808
22:33:58.8,1212.5,1,1227,8,1219.5,90,808
22:34:00.16,1213,1,1227,8,1219.5,90,808
22:34:10.874,1213,1,1226.5,1,1219.5,90,808
22:34:29.57,1213,1,1228.5,1,1219.5,90,808
22:34:29.557,1213.5,1,1228.5,1,1219.5,90,808
22:34:30.49,1213.5,1,1227.5,1,1219.5,90,808
22:34:33.55,1213,1,1227.5,1,1219.5,90,808
22:34:33.558,1213.5,1,1227,8,1219.5,90,808
22:34:44.379,1213.5,1,1228.5,1,1219.5,90,808
22:34:45.306,1213.5,1,1228,8,1219.5,90,808
22:34:46.553,1215,1,1228,8,1219.5,90,808
22:34:56.51,1215,1,1227.5,1,1219.5,90,808
22:34:58.552,1215,1,1227,8,1219.5,90,808
22:35:15.321,1215,1,1228.5,1,1219.5,90,808
22:35:16.324,1215,1,1228,8,1219.5,90,808
22:35:31.559,1215.5,1,1228,8,1219.5,90,808
22:35:33.566,1215,1,1228,8,1219.5,90,808
22:35:48.802,1215,1,1229,1,1219.5,90,808
22:35:49.670,1215,1,1228.5,8,1219.5,90,808
22:35:58.323,1215,1,1228,1,1219.5,90,808
22:36:08.310,1215,1,1227.5,8,1219.5,90,808
22:36:40.886,1215,1,1227,1,1219.5,90,808
22:36:42.385,1215,1,1226.5,8,1219.5,90,808
22:40:32.59,1210.5,1,1226.5,8,1219.5,90,808
22:40:45.556,1210.5,1,1226,1,1219.5,90,808
22:40:47.60,1210.5,1,1225.5,8,1219.5,90,808
22:40:47.555,1210.5,1,1225,1,1219.5,90,808
22:40:48.807,1210.5,1,1224.5,8,1219.5,90,808
22:41:10.567,1211,1,1224.5,8,1219.5,92,810
22:41:21.308,1211.5,1,1224.5,8,1219.5,92,810
22:41:22.340,1211,1,1224.5,8,1219.5,92,810
22:41:25.51,1211.5,1,1224.5,8,1219.5,92,810
22:41:28.57,1211,1,1224.5,8,1219.5,92,810
22:41:28.558,1211.5,1,1224.5,8,1219.5,92,810
22:41:51.553,1211,1,1224.5,8,1219.5,92,810
22:42:10.55,1211,1,1224,1,1219.5,92,810
22:42:10.304,1211,1,1224.5,8,1219.5,92,810
22:42:11.4,1211,1,1228.5,1,1219.5,92,810
22:42:11.309,1211,1,1224,8,1219.5,92,810
22:42:11.935,1211,1,1224,9,1219.5,92,810
22:42:32.328,1211,1,1224,8,1219.5,92,810
22:42:34.570,1211.5,1,1224,8,1219.5,92,810
22:42:36.955,1211,1,1224,8,1219.5,92,810
22:42:38.981,1211.5,1,1224,8,1219.5,92,810
22:42:39.754,1211.5,1,1223,1,1219.5,92,810
22:42:50.556,1211,1,1223,1,1219.5,92,810
22:43:07.552,1211,1,1223,2,1219.5,92,810
22:43:20.300,1211,1,1223,1,1219.5,92,810
22:43:39.52,1211,1,1223,2,1219.5,92,810
22:44:00.495,1211,1,1223,1,1219.5,92,810
22:44:04.0,1211,1,1223,2,1219.5,92,810
22:44:10.50,1211,1,1223,1,1219.5,92,810
22:44:10.50,1211,1,1223,1,1219.5,92,810
22:48:42.837,1211,1,1223,2,1219.5,92,810
22:48:52.957,1211,1,1223,1,1219.5,92,810
22:48:57.402,1211,1,1223,2,1219.5,92,810
22:49:06.333,1211,1,1223,1,1219.5,92,810
22:49:47.467,1211,2,1223,1,1219.5,92,810
22:53:00.484,1211,2,1223,2,1219.5,92,810
22:53:30.616,1211,2,1223,1,1219.5,92,810
22:53:51.788,1211,2,1223,2,1219.5,92,810
22:54:06.386,1211,2,1223,1,1219.5,92,810
22:54:09.300,1211,2,1223,2,1219.5,92,810
22:54:41.304,1211,2,1223,1,1219.5,92,810
22:54:48.49,1211,2,1223,2,1219.5,92,810
22:55:01.798,1211,2,1223,1,1219.5,92,810
22:55:13.553,1211,2,1223,2,1219.5,92,810
22:55:21.284,1211,2,1223,1,1219.5,92,810
22:55:23.551,1211,2,1223,2,1219.5,92,810
22:55:23.585,1211,2,1223,1,1219.5,92,810
22:56:07.57,1211.5,1,1228.5,1,1223,94,810
22:56:23.556,1211,2,1228.5,1,1223,94,810
22:56:25.923,1211.5,1,1228.5,1,1223,94,810
22:58:07.59,1212.5,1,1228.5,1,1223,94,810
22:58:14.23,1215,1,1228.5,1,1223,94,810
22:58:44.51,1215,1,1229,1,1223,94,810
22:58:58.555,1215.5,1,1229,1,1223,94,810
22:58:59.56,1215,1,1229,1,1223,94,810
22:59:10.58,1215,1,1228.5,1,1223,94,810
22:59:10.814,1215,1,1229,1,1223,94,810
22:59:40.58,1215,1,1228.5,1,1223,94,810
22:59:42.322,1215,1,1229,1,1223,94,810
22:59:42.897,1215,1,1228,1,1223,94,810
22:59:59.557,1215.5,1,1228,1,1223,94,810
23:00:02.573,1215,1,1228,1,1223,94,810
23:00:26.437,1215,1,1227.5,1,1223,94,810
23:00:27.923,1215,1,1228,1,1223,94,810
23:00:36.558,1215,1,1227.5,1,1223,94,810
23:00:45.53,1215,1,1228,1,1223,94,810
23:00:53.555,1215,1,1227.5,1,1223,94,810
23:00:54.54,1215,1,1228,1,1223,94,810
23:00:54.342,1215,1,1227.5,1,1223,94,810
23:01:01.551,1215,1,1228,1,1223,94,810
23:01:23.60,1215,1,1227.5,1,1223,94,810
23:01:23.305,1215,1,1228,1,1223,94,810
23:01:34.681,1215,1,1227.5,8,1223,94,810
23:01:35.800,1215,1,1228,1,1223,94,810
23:01:44.681,1215,1,1227.5,8,1223,94,810
23:01:49.950,1215,1,1228,1,1223,94,810
23:01:50.801,1215,1,1227.5,8,1223,94,810
23:01:51.336,1215,1,1228,1,1223,94,810
23:02:12.571,1215.5,1,1228,1,1223,94,810
23:02:14.553,1215,1,1228,1,1223,94,810
23:02:49.305,1215,1,1228.5,1,1223,94,810
23:03:35.81,1215,1,1228,8,1223,94,810
23:03:42.49,1215,1,1227.5,1,1223,94,810
23:03:52.555,1215,1,1228,8,1223,94,810
23:03:58.358,1215,1,1227.5,1,1223,94,810
23:04:02.803,1215,1,1228,8,1223,94,810
23:04:59.557,1215,1,1227.5,1,1223,94,810
23:05:01.52,1215,1,1227,8,1223,94,810
23:06:11.807,1215,1,1228.5,1,1223,94,810
23:06:13.51,1215,1,1228,8,1223,94,810
23:06:20.932,1215,1,1227.5,1,1223,94,810
23:06:22.301,1215,1,1227,8,1223,94,810
23:06:55.183,1215,1,1229,1,1223,94,810
23:06:55.698,1215,1,1228.5,8,1223,94,810
23:07:22.804,1215,1,1228,1,1223,94,810
23:07:25.301,1215,1,1227.5,8,1223,94,810
23:10:22.55,1215.5,1,1227.5,8,1223,94,810
23:10:22.547,1215,1,1227.5,8,1223,94,810
23:12:08.799,1215,1,1227.5,4,1223,94,810
23:12:28.550,1215,1,1227.5,8,1223,94,810
23:12:47.519,1215,1,1227,1,1223,94,810
23:12:49.48,1215,1,1226.5,8,1223,94,810
23:13:34.51,1211.5,1,1226.5,8,1223,94,810
23:14:36.310,1211.5,1,1226,1,1223,94,810
23:14:37.305,1211.5,1,1225.5,4,1223,94,810
23:15:19.695,1211.5,1,1225.5,1,1223,94,810
23:15:23.708,1211.5,1,1225.5,4,1223,94,810
23:16:32.312,1211.5,1,1228.5,1,1223,94,810
23:16:32.808,1211.5,1,1227.5,1,1223,94,810
23:16:34.304,1211.5,1,1226.5,1,1223,94,810
23:16:36.805,1211.5,1,1226,4,1223,94,810
23:16:52.78,1211.5,1,1226.5,1,1223,94,810
23:16:52.803,1211.5,1,1226,4,1223,94,810
23:16:55.308,1211.5,1,1226.5,1,1223,94,810
23:16:55.804,1211.5,1,1226,4,1223,94,810
23:16:59.694,1211.5,1,1227,4,1223,94,810
23:17:00.695,1211.5,1,1227,8,1223,94,810
23:17:03.73,1211.5,1,1226.5,1,1223,94,810
23:17:15.63,1211.5,1,1227,8,1223,94,810
23:17:15.306,1211.5,1,1226.5,1,1223,94,810
23:17:48.553,1211.5,1,1227,4,1223,94,810
23:17:55.51,1211.5,1,1228.5,1,1223,94,810
23:17:56.51,1211.5,1,1227.5,1,1223,94,810
23:17:57.577,1211.5,1,1226.5,1,1223,94,810
23:18:42.60,1211.5,1,1228.5,1,1223,94,810
23:18:43.49,1211.5,1,1227.5,1,1223,94,810
23:19:28.577,1212.5,1,1227.5,1,1223,94,810
23:19:29.56,1212,1,1227.5,1,1223,94,810
23:19:29.307,1212.5,1,1227.5,1,1223,94,810
23:19:34.56,1215,1,1227.5,1,1223,94,810
23:20:01.972,1215,1,1229,1,1223,94,810
23:21:57.800,1215,1,1228.5,8,1223,94,810
23:22:02.700,1215,1,1229,1,1223,94,810
23:22:11.186,1215,1,1228.5,8,1223,94,810
23:22:16.363,1215,1,1229,1,1223,94,810
23:22:19.300,1215,1,1228.5,8,1223,94,810
23:22:19.700,1215,1,1229,1,1223,94,810
23:22:21.79,1215,1,1228.5,8,1223,94,810
23:22:28.570,1215,1,1229,1,1223,94,810
23:22:38.804,1215,1,1228.5,8,1223,94,810
23:22:49.943,1215,1,1229,1,1223,94,810
23:23:01.56,1215,1,1228.5,8,1223,94,810
23:23:07.702,1215,1,1229,1,1223,94,810
23:23:08.201,1215,1,1228.5,8,1223,94,810
23:23:22.300,1215,1,1229,1,1223,94,810
23:26:06.551,1215,1,1228.5,4,1223,94,810
23:26:25.204,1215,1,1229,1,1223,94,810
23:26:28.9,1215,1,1228.5,4,1223,94,810
23:28:59.713,1215,1,1228.5,8,1223,94,810
23:29:15.51,1211,1,1228.5,8,1223,94,810
23:29:16.41,1211,1,1228.5,1,1223,94,810
23:29:16.553,1211,1,1229,1,1223,94,810
23:30:00.90,1211,1,1229,1,1223,94,810
09:01:12.561,1211,1,1229,1,1223,96,810
09:02:16.955,1211,1,1228,2,1223,96,810
09:02:57.975,1211,1,1228,2,1223,98,810
09:03:23.581,1211,1,1228,2,1223,100,810
09:03:36.568,1211,1,1227.5,1,1223,100,810
09:03:38.66,1211,2,1227.5,1,1223,100,810
09:03:38.563,1211,3,1227.5,1,1223,100,810
09:03:39.42,1211,1,1227.5,1,1223,100,810
09:03:39.578,1211,2,1227.5,1,1223,100,810
09:03:40.972,1211,1,1227.5,1,1223,100,810
09:03:41.346,1211,1,1223,1,1223,100,810
09:04:10.975,1211,1,1223,2,1223,100,810
09:04:12.96,1211,1,1223,1,1223,100,810
09:04:13.601,1211,1,1223,2,1223,100,810
09:04:14.538,1211,1,1223,1,1223,100,810
09:04:14.977,1211,1,1223,2,1223,100,810
09:04:15.595,1211,1,1223,1,1223,100,810
09:04:16.472,1211,1,1223,2,1223,100,810
09:04:17.44,1211,1,1223,1,1223,100,810
09:04:20.66,1211,1,1223,2,1223,100,810
09:04:22.611,1211,1,1223,1,1223,100,810
09:04:23.583,1211,1,1223,2,1223,100,810
09:04:28.90,1211,1,1223,1,1223,100,810
09:04:28.589,1211,1,1223,2,1223,100,810
09:04:30.84,1211,1,1223,1,1223,100,810
09:05:03.87,1211,1,1223,2,1223,100,810
09:05:07.589,1211,1,1223,1,1223,100,810
09:05:14.733,1211,1,1223,2,1223,100,810
09:05:17.48,1211,1,1223,1,1223,100,810
09:05:28.539,1211,1,1223,2,1223,100,810
09:05:32.476,1211,1,1223,1,1223,100,810
09:05:43.850,1211,1,1223,2,1223,100,810
09:05:48.974,1211,1,1223,1,1223,100,810
09:05:57.543,1211,1,1223,2,1223,100,810
09:05:57.992,1211,1,1223,1,1223,100,810
09:06:21.227,1211,1,1223,2,1223,100,810
09:06:23.571,1211,1,1223,1,1223,100,810
09:06:23.725,1211,1,1223,2,1223,100,810
09:06:24.981,1211,1,1223,1,1223,100,810
09:06:35.514,1211,1,1223,2,1223,100,810
09:06:36.975,1211,1,1223,1,1223,100,810
09:06:49.990,1211,3,1223,1,1223,100,810
09:06:50.483,1211,1,1223,1,1223,100,810
09:07:36.590,1211,2,1223,1,1223,100,810
09:08:05.941,1211,2,1222,1,1223,100,810
09:10:12.560,1211,2,1221,1,1223,100,810
09:10:57.615,1211,2,1221,1,1223,104,808
09:11:17.487,1211,2,1220,1,1223,104,808
09:12:50.477,1211,2,1220,1,1223,106,808
09:13:13.23,1211,2,1218,1,1223,106,808
09:13:27.614,1211,3,1218,1,1223,106,808
09:13:28.7,1211,2,1218,1,1223,106,808
09:13:28.574,1211,3,1218,1,1223,106,808
09:13:29.98,1211,2,1218,1,1223,106,808
09:13:29.536,1211,3,1218,1,1223,106,808
09:13:30.593,1211,2,1218,1,1223,106,808
09:13:47.613,1211,3,1218,1,1223,106,808
09:13:52.597,1211,2,1218,1,1223,106,808
09:13:53.109,1211,3,1218,1,1223,106,808
09:13:55.86,1211,2,1218,1,1223,106,808
09:13:55.504,1211,3,1218,1,1223,106,808
09:13:55.977,1211,2,1218,1,1223,106,808
09:13:56.615,1211,3,1218,1,1223,106,808
09:13:58.591,1211,2,1218,1,1223,106,808
09:13:59.13,1211,3,1218,1,1223,106,808
09:14:01.119,1211,2,1218,1,1223,106,808
09:14:02.67,1211,3,1218,1,1223,106,808
09:14:02.568,1211,2,1218,1,1223,106,808
09:14:04.477,1211,3,1218,1,1223,106,808
09:14:05.91,1211,2,1218,1,1223,106,808
09:14:05.447,1211,3,1218,1,1223,106,808
09:14:06.513,1211,2,1218,1,1223,106,808
09:14:08.477,1211,3,1218,1,1223,106,808
09:14:09.102,1211,2,1218,1,1223,106,808
09:14:15.114,1211,3,1218,1,1223,106,808
09:14:15.527,1211,2,1218,1,1223,106,808
09:14:25.428,1211,3,1218,1,1223,106,808
09:14:28.625,1211,2,1218,1,1223,106,808
09:14:30.33,1211,3,1218,1,1223,106,808
09:14:30.525,1211,2,1218,1,1223,106,808
09:14:36.47,1211,3,1218,1,1223,106,808
09:14:43.562,1211,2,1218,1,1223,106,808
09:15:07.573,1211,2,1221,1,1223,106,808
09:15:11.619,1211,3,1221,1,1223,106,808
09:15:12.611,1211,2,1221,1,1223,106,808
09:15:14.23,1211,3,1221,1,1223,106,808
09:15:14.502,1211,2,1221,1,1223,106,808
09:15:17.547,1211,3,1221,1,1223,106,808
09:15:17.975,1211,2,1221,1,1223,106,808
09:15:21.13,1211,2,1220.5,1,1223,106,808
09:15:31.477,1211,3,1220.5,1,1223,106,808
09:15:34.558,1211,2,1220.5,1,1223,106,808
09:15:34.729,1211,3,1220.5,1,1223,106,808
09:15:38.112,1211,2,1220.5,1,1223,106,808
09:15:38.482,1211,3,1220.5,1,1223,106,808
09:15:44.575,1211,2,1220.5,1,1223,106,808
09:15:45.291,1211,3,1220.5,1,1223,106,808
09:15:45.982,1211,2,1220.5,1,1223,106,808
09:15:46.226,1211,3,1220.5,1,1223,106,808
09:15:51.975,1211,2,1220.5,1,1223,106,808
09:16:41.604,1211,1,1220.5,1,1223,106,808
09:17:35.977,1211,2,1220.5,1,1223,106,808
09:17:40.94,1211,1,1220.5,1,1223,106,808
09:17:43.472,1211,2,1220.5,1,1223,106,808
09:17:44.101,1211,1,1220.5,1,1223,106,808
09:17:50.725,1211,2,1220.5,1,1223,106,808
09:17:51.576,1211,1,1220.5,1,1223,106,808
09:17:52.327,1211,2,1220.5,1,1223,106,808
09:17:55.121,1211,1,1220.5,1,1223,106,808
09:17:55.228,1211,2,1220.5,1,1223,106,808
09:17:57.581,1211,1,1220.5,1,1223,106,808
09:17:58.3,1211,2,1220.5,1,1223,106,808
09:17:59.462,1211,1,1220.5,1,1223,106,808
09:18:06.95,1211,2,1220.5,1,1223,106,808
09:18:06.550,1211,1,1220.5,1,1223,106,808
09:18:08.475,1211,2,1220.5,1,1223,106,808
09:18:09.70,1211,1,1220.5,1,1223,106,808
09:18:15.978,1211,2,1220.5,1,1223,106,808
09:18:21.588,1211,1,1220.5,1,1223,106,808
09:18:24.246,1211,2,1220.5,1,1223,106,808
09:18:27.624,1211,1,1220.5,1,1223,106,808
09:18:27.937,1211,2,1220.5,1,1223,106,808
09:18:29.74,1211,1,1220.5,1,1223,106,808
09:18:42.975,1211,2,1220.5,1,1223,106,808
09:18:46.226,1211,1,1220.5,1,1223,106,808
09:18:47.281,1211,2,1220.5,1,1223,106,808
09:18:50.474,1211,1,1220.5,1,1223,106,808
09:18:50.725,1211,2,1220.5,1,1223,106,808
09:18:53.976,1211,1,1220.5,1,1223,106,808
09:18:54.226,1211,2,1220.5,1,1223,106,808
09:19:00.124,1211,1,1220.5,1,1223,106,808
09:19:00.509,1211,2,1220.5,1,1223,106,808
09:19:04.560,1211,1,1220.5,1,1223,106,808
09:19:05.259,1211,2,1220.5,1,1223,106,808
09:19:09.37,1211,1,1220.5,1,1223,106,808
09:21:01.78,1211,2,1220.5,1,1223,106,808
09:21:04.88,1211,1,1220.5,1,1223,106,808
09:21:09.538,1211,2,1220.5,1,1223,106,808
09:21:13.583,1212,1,1220.5,1,1223,106,808
09:21:15.862,1212.5,1,1220.5,1,1223,106,808
09:21:22.66,1212.5,2,1220.5,1,1223,106,808
09:21:30.69,1212.5,3,1220.5,1,1223,106,808
09:21:32.978,1212.5,2,1220.5,1,1223,106,808
09:21:40.472,1212.5,3,1220.5,1,1223,106,808
09:21:41.475,1212.5,2,1220.5,1,1223,106,808
09:23:06.585,1212.5,3,1220.5,1,1223,106,808
09:23:07.87,1212.5,2,1220.5,1,1223,106,808
09:23:10.475,1212.5,3,1220.5,1,1223,106,808
09:23:21.100,1212.5,2,1220.5,1,1223,106,808
09:23:21.226,1212.5,3,1220.5,1,1223,106,808
09:23:22.470,1212.5,2,1220.5,1,1223,106,808
09:23:22.975,1212.5,3,1220.5,1,1223,106,808
09:23:33.94,1212.5,2,1220.5,1,1223,106,808
09:23:34.801,1212.5,3,1220.5,1,1223,106,808
09:23:46.973,1212.5,2,1220.5,1,1223,106,808
09:23:55.477,1212.5,3,1220.5,1,1223,106,808
09:23:55.976,1212.5,2,1220.5,1,1223,106,808
09:23:56.347,1212.5,3,1220.5,1,1223,106,808
09:23:59.622,1212.5,2,1220.5,1,1223,106,808
09:24:00.64,1212.5,3,1220.5,1,1223,106,808
09:24:00.976,1212.5,2,1220.5,1,1223,106,808
09:24:13.956,1212.5,3,1220.5,1,1223,106,808
09:24:26.584,1212.5,2,1220.5,1,1223,106,808
09:24:59.975,1212.5,3,1220.5,1,1223,106,808
09:25:00.476,1212.5,2,1220.5,1,1223,106,808
09:26:23.616,1212.5,1,1220.5,1,1212.5,108,808
09:26:27.476,1212,1,1220.5,1,1212.5,110,806
09:28:11.108,1211.5,1,1220.5,1,1212,112,806
09:28:52.433,1211,1,1220.5,1,1211.5,114,804
09:28:53.122,1208,1,1220.5,1,1211,116,806
09:28:53.474,1208.5,1,1220.5,1,1211,116,806
09:28:57.549,1208,1,1220.5,1,1211,116,806
09:29:44.32,1208,1,1220,1,1211,116,806
09:29:52.982,1208,1,1220.5,1,1211,116,806
09:29:58.88,1208.5,1,1220.5,1,1211,116,806
09:29:59.611,1208,1,1220.5,1,1211,116,806
09:30:01.496,1208.5,1,1220.5,1,1211,116,806
09:30:27.628,1208,1,1220.5,1,1211,116,806
09:30:47.62,1208,1,1220,1,1211,116,806
09:30:47.986,1208,1,1220.5,1,1211,116,806
09:30:48.476,1208,1,1220,1,1211,116,806
09:30:51.14,1208,1,1220.5,1,1211,116,806
09:31:33.664,1211,1,1220.5,1,1211,116,806
09:31:40.839,1208,1,1220.5,1,1211,118,808
09:32:16.574,1203,1,1220.5,1,1208,120,808
09:32:19.484,1203,1,1220,1,1208,120,808
09:32:23.124,1203,1,1220.5,1,1208,120,808
09:32:26.743,1203,1,1220,1,1208,120,808
09:33:14.474,1203,2,1220,1,1208,120,808
09:33:15.136,1203,1,1220,1,1208,120,808
09:33:15.474,1203,2,1220,1,1208,120,808
09:33:16.493,1203,1,1220,1,1208,120,808
09:33:22.975,1203,2,1220,1,1208,120,808
09:33:26.28,1203,1,1220,1,1208,120,808
09:33:27.226,1203,2,1220,1,1208,120,808
09:33:29.13,1203,1,1220,1,1208,120,808
09:33:29.225,1203,2,1220,1,1208,120,808
09:33:32.122,1203,1,1220,1,1208,120,808
09:33:33.41,1203,2,1220,1,1208,120,808
09:33:35.526,1203,1,1220,1,1208,120,808
09:33:37.521,1203,2,1220,1,1208,120,808
09:33:39.476,1203,1,1220,1,1208,120,808
09:33:40.22,1203,2,1220,1,1208,120,808
09:33:42.490,1203,1,1220,1,1208,120,808
09:34:11.576,1203,2,1220,1,1208,120,808
09:34:12.560,1203,1,1220,1,1208,120,808
09:34:13.637,1203,2,1220,1,1208,120,808
09:34:13.985,1203,1,1220,1,1208,120,808
09:34:15.308,1203,2,1220,1,1208,120,808
09:34:21.973,1203,1,1220,1,1208,120,808
09:34:22.473,1203,2,1220,1,1208,120,808
09:34:36.751,1203,1,1220,1,1208,120,808
09:34:37.226,1203,2,1220,1,1208,120,808
09:34:44.472,1203,1,1220,1,1208,120,808
09:34:46.9,1203,2,1220,1,1208,120,808
09:34:54.977,1203,1,1220,1,1208,120,808
09:35:34.981,1204,1,1220,1,1208,120,808
09:36:10.977,1204,1,1220.5,1,1208,120,808
09:36:13.626,1204,1,1220,1,1208,120,808
09:37:33.977,1203.5,1,1220,1,1208,120,808
09:37:35.116,1204,1,1220,1,1208,120,808
09:37:35.900,1203.5,1,1220,1,1208,120,808
09:37:45.985,1204,1,1220,1,1208,120,808
09:37:48.365,1203.5,1,1220,1,1208,120,808
09:37:50.819,1204,1,1220,1,1208,120,808
09:38:32.499,1204,1,1220.5,1,1208,120,808
09:38:33.40,1204,1,1220,1,1208,120,808
09:42:26.989,1202.5,1,1220,1,1208,120,808
09:42:27.475,1203,1,1220,1,1208,120,808
09:43:12.559,1203,1,1220,1,1210,122,810
09:44:09.108,1203,1,1220,2,1210,122,810
09:44:50.73,1203,1,1220,1,1210,122,810
09:48:07.516,1204,1,1220,1,1210,122,810
09:48:07.974,1204.5,1,1220,1,1210,122,810
09:49:02.500,1204.5,1,1220.5,1,1210,122,810
09:49:14.473,1204.5,1,1220,1,1210,122,810
09:49:45.993,1205.5,1,1220,1,1210,122,810
09:49:54.36,1205.5,1,1220.5,1,1210,122,810
09:50:06.44,1205.5,1,1220,1,1210,122,810
09:50:06.606,1205.5,1,1220.5,1,1210,122,810
09:50:08.14,1205.5,1,1220,1,1210,122,810
09:50:19.594,1205.5,2,1220,1,1210,122,810
09:50:32.631,1205.5,1,1220,1,1210,122,810
09:50:49.489,1206,1,1220,1,1210,122,810
09:51:05.239,1206,1,1220.5,1,1210,122,810
09:51:38.554,1206,1,1220.5,2,1210,122,810
09:51:40.83,1206,1,1220.5,1,1210,122,810
09:51:42.643,1206,1,1220.5,2,1210,122,810
09:51:43.140,1206,1,1220.5,1,1210,122,810
09:51:44.587,1206,1,1220.5,2,1210,122,810
09:51:45.140,1206,1,1220.5,1,1210,122,810
09:51:45.636,1206,1,1220.5,2,1210,122,810
09:51:47.140,1206,1,1220.5,1,1210,122,810
09:51:49.148,1206,1,1220.5,2,1210,122,810
09:51:51.96,1206,1,1220,1,1210,122,810
09:51:53.622,1206,1,1220.5,2,1210,122,810
09:51:54.21,1206,1,1220,1,1210,122,810
09:51:56.487,1202.5,1,1220,1,1210,122,810
09:51:56.975,1203,1,1220,1,1210,122,810
09:52:03.75,1203,1,1220,2,1210,122,810
09:52:03.723,1203,1,1220,1,1210,122,810
09:52:04.640,1203,1,1220,2,1210,122,810
09:52:05.141,1203,1,1220,1,1210,122,810
09:52:06.975,1203,1,1220,2,1210,122,810
09:52:09.146,1203,1,1220,1,1210,122,810
09:54:46.465,1208,1,1220,1,1210,122,810
09:54:51.110,1202.5,1,1220,1,1210,122,810
09:54:51.233,1203,1,1220,1,1210,122,810
09:57:44.973,1203,1,1220.5,1,1210,122,810
09:57:47.126,1203,1,1220,1,1210,122,810
09:57:50.249,1203,1,1220.5,1,1210,122,810
09:57:51.28,1203,1,1220,1,1210,122,810
09:59:00.993,1210,1,1220.5,1,1210,122,810
09:59:48.553,1210,1,1220.5,2,1210,122,810
09:59:50.367,1210,1,1220.5,1,1210,122,810
09:59:55.145,1210,1,1220.5,2,1210,122,810
10:00:04.514,1210,1,1220.5,1,1210,122,810
10:00:05.589,1210,1,1220.5,2,1210,122,810
10:00:07.1,1210,1,1220.5,1,1210,122,810
10:00:15.520,1210,1,1220.5,2,1210,122,810
10:00:17.90,1210,1,1220.5,1,1210,122,810
10:02:12.972,1210,1,1220.5,2,1210,122,810
10:02:14.474,1210,1,1220.5,1,1210,122,810
10:02:15.27,1210,1,1220.5,2,1210,122,810
10:02:18.474,1210,1,1220.5,1,1210,122,810
10:02:48.5,1210,1,1220.5,1,1219.5,124,810
10:02:57.601,1210,1,1220.5,2,1219.5,124,810
10:03:05.105,1210,1,1220.5,1,1219.5,124,810
10:03:07.597,1210,1,1220.5,2,1219.5,124,810
10:03:13.497,1210,1,1220.5,1,1219.5,124,810
10:03:14.432,1210,1,1220.5,2,1219.5,124,810
10:03:14.805,1210,1,1220.5,1,1219.5,124,810
10:03:20.72,1210,1,1220.5,2,1219.5,124,810
10:03:26.972,1210,1,1220.5,1,1219.5,124,810
10:30:09.847,1210,1,1220.5,2,1219.5,124,810
10:30:13.676,1210,1,1220.5,1,1219.5,124,810
10:30:17.475,1210,1,1220.5,2,1219.5,124,810
10:30:19.899,1210,1,1220.5,1,1219.5,124,810
10:30:22.464,1210,1,1220.5,2,1219.5,124,810
10:30:26.846,1210,1,1220.5,1,1219.5,124,810
10:30:27.496,1210,1,1220.5,2,1219.5,124,810
10:30:28.126,1210,1,1220.5,1,1219.5,124,810
10:30:28.178,1210,1,1220.5,2,1219.5,124,810
10:30:28.958,1210,1,1220.5,1,1219.5,124,810
10:30:30.663,1210,1,1220.5,2,1219.5,124,810
10:30:39.846,1210,1,1220.5,1,1219.5,124,810
10:30:48.408,1210,1,1220.5,2,1219.5,124,810
10:31:01.953,1210,1,1220.5,1,1219.5,124,810
10:31:19.819,1210,1,1220.5,2,1219.5,124,810
10:31:39.219,1210,1,1220.5,1,1219.5,124,810
10:31:42.368,1210,1,1220.5,2,1219.5,124,810
10:31:46.523,1210,1,1220.5,1,1219.5,124,810
10:31:53.46,1210,1,1220.5,2,1219.5,124,810
10:31:53.960,1210,1,1220.5,1,1219.5,124,810
10:31:58.650,1210,1,1220.5,2,1219.5,124,810
10:32:00.974,1210,1,1220.5,1,1219.5,124,810
10:32:13.599,1210,1,1220.5,2,1219.5,124,810
10:32:14.150,1210,1,1220.5,1,1219.5,124,810
10:32:24.56,1210,1,1220.5,2,1219.5,124,810
10:32:24.972,1210,1,1220.5,1,1219.5,124,810
10:39:43.545,1210,1,1220.5,2,1219.5,124,810
10:39:48.178,1210,1,1220.5,1,1219.5,124,810
10:39:48.439,1210,1,1220.5,2,1219.5,124,810
10:39:49.95,1210,1,1220.5,1,1219.5,124,810
10:39:57.9,1210,1,1220.5,2,1219.5,124,810
10:40:06.179,1210,1,1220.5,1,1219.5,124,810
10:40:06.582,1210,1,1220.5,2,1219.5,124,810
10:40:14.970,1210,1,1220.5,1,1219.5,124,810
10:40:34.615,1210,1,1220.5,2,1219.5,124,810
10:40:36.336,1210,1,1220.5,1,1219.5,124,810
10:41:44.925,1210,1,1223,3,1220.5,126,810
10:41:45.969,1210,1,1223,2,1220.5,126,810
10:41:49.314,1203,1,1223,2,1220.5,126,810
10:41:50.49,1206.5,1,1223,2,1220.5,126,810
10:41:51.534,1206.5,1,1223,3,1220.5,126,810
10:41:51.973,1206.5,1,1223,2,1220.5,126,810
10:41:57.674,1206.5,1,1223,3,1220.5,126,810
10:41:59.590,1206.5,1,1223,2,1220.5,126,810
10:42:00.49,1206.5,1,1222.5,1,1220.5,126,810
10:42:00.676,1206.5,1,1223,2,1220.5,126,810
10:42:01.98,1206.5,1,1222.5,1,1220.5,126,810
10:42:02.679,1206.5,1,1223,3,1220.5,126,810
10:42:02.982,1206.5,1,1222.5,1,1220.5,126,810
10:42:30.490,1206,2,1222.5,2,1220.5,126,810
10:42:31.172,1206,2,1222.5,1,1220.5,126,810
10:42:32.245,1206.5,1,1222.5,1,1220.5,126,810
10:42:35.577,1206.5,1,1222.5,2,1220.5,126,810
10:42:49.173,1206.5,1,1222.5,1,1220.5,126,810
10:42:50.223,1206.5,1,1222.5,2,1220.5,126,810
10:42:53.645,1206.5,1,1222.5,1,1220.5,126,810
10:42:54.137,1206.5,1,1222.5,2,1220.5,126,810
10:42:58.498,1206.5,1,1222.5,1,1220.5,126,810
10:43:00.593,1206.5,1,1222.5,2,1220.5,126,810
10:43:00.908,1206.5,1,1222.5,1,1220.5,126,810
10:43:04.474,1206.5,1,1222.5,2,1220.5,126,810
10:43:04.737,1206.5,1,1222.5,1,1220.5,126,810
10:43:12.941,1206.5,1,1222.5,2,1220.5,126,810
10:43:18.472,1206.5,1,1222.5,1,1220.5,126,810
10:43:22.34,1206.5,1,1222.5,2,1220.5,126,810
10:43:24.46,1206.5,1,1222.5,1,1220.5,126,810
10:43:49.952,1206.5,1,1222.5,2,1220.5,126,810
10:43:52.51,1206.5,1,1222.5,1,1220.5,126,810
10:44:10.474,1206.5,1,1222.5,2,1220.5,126,810
10:44:13.281,1206.5,1,1222.5,1,1220.5,126,810
10:44:51.478,1206.5,1,1222.5,2,1220.5,126,810
10:44:57.521,1206.5,1,1222.5,1,1220.5,126,810
10:45:04.675,1206.5,1,1222.5,2,1220.5,126,810
10:45:09.473,1206.5,1,1223,2,1220.5,126,810
10:45:10.672,1206.5,1,1222.5,2,1220.5,126,810
10:45:11.472,1206.5,1,1223,2,1220.5,126,810
10:45:12.349,1206.5,1,1222.5,2,1220.5,126,810
10:45:15.372,1206.5,1,1222.5,1,1220.5,126,810
10:45:18.173,1206.5,1,1222.5,2,1220.5,126,810
10:45:43.526,1206.5,1,1222.5,1,1220.5,126,810
10:47:39.503,1207.5,1,1222.5,1,1220.5,126,810
10:48:09.653,1207,2,1222.5,1,1220.5,126,810
10:48:28.982,1203,1,1222.5,1,1220.5,126,810
10:48:34.110,1207.5,1,1222.5,1,1220.5,126,810
10:49:41.483,1208,1,1222.5,1,1220.5,126,810
10:50:03.641,1208,1,1223,2,1220.5,126,810
10:50:14.645,1208.5,1,1223,2,1220.5,126,810
10:50:15.153,1208.5,1,1222.5,1,1220.5,126,810
10:50:24.227,1209,1,1223,2,1220.5,126,810
10:50:29.528,1208.5,1,1223,2,1220.5,126,810
10:50:29.994,1209,1,1223,2,1220.5,126,810
10:50:37.728,1208.5,1,1222.5,1,1220.5,126,810
10:51:03.628,1208.5,1,1223,2,1220.5,126,810
10:51:03.791,1209,1,1223,2,1220.5,126,810
10:51:12.928,1209,1,1223,2,1218.5,128,812
10:51:28.554,1209.5,1,1223,2,1218.5,128,812
10:51:53.752,1210,1,1223,2,1218.5,128,812
10:51:56.71,1210,1,1223,3,1218.5,128,812
10:52:03.749,1210,1,1223,2,1218.5,128,812
10:52:06.169,1210,1,1223,3,1218.5,128,812
10:52:11.529,1210,1,1223,2,1218.5,128,812
10:52:13.69,1209.5,1,1223,2,1218.5,128,812
10:52:14.922,1210,1,1223,2,1218.5,128,812
10:52:28.141,1209.5,1,1223,2,1218.5,128,812
10:52:38.471,1209.5,1,1223,3,1218.5,128,812
10:52:41.969,1209.5,1,1223,2,1218.5,128,812
10:52:42.671,1209.5,1,1223,3,1218.5,128,812
10:52:43.617,1209.5,1,1223,2,1218.5,128,812
10:52:44.971,1209.5,1,1223,3,1218.5,128,812
10:52:50.139,1209.5,1,1223,2,1218.5,128,812
10:52:55.974,1210,1,1223,2,1218.5,128,812
10:53:00.473,1209.5,1,1223,2,1218.5,128,812
10:53:01.51,1210,1,1223,2,1218.5,128,812
10:53:27.404,1209.5,1,1223,2,1218.5,128,812
10:53:35.185,1210,1,1223,2,1218.5,128,812
10:53:37.159,1216,1,1223,2,1218.5,128,812
10:53:41.600,1216,1,1223,1,1223,130,814
10:57:55.979,1216,1,1223,2,1223,130,814
10:58:43.474,1216,1,1223,1,1223,130,814
10:59:40.532,1216,1,1224,1,1223.5,136,812
10:59:41.695,1216,1,1224,2,1223.5,136,812
10:59:42.59,1216,1,1224,1,1223.5,136,812
11:02:35.973,1216,1,1225.5,1,1224,138,812
11:04:03.178,1216,1,1224.5,1,1224,138,812
11:04:09.176,1216,1,1225.5,1,1224.5,140,810
11:04:16.35,1216,1,1228,2,1225.5,142,812
11:04:24.194,1216,1,1227,1,1225.5,142,812
11:05:09.197,1216,1,1228,2,1225.5,142,812
11:05:27.120,1216,1,1228,3,1225.5,142,812
11:05:28.975,1216,1,1228,2,1225.5,142,812
11:05:34.187,1216,1,1228,3,1225.5,142,812
11:05:45.470,1216,1,1228,2,1225.5,142,812
11:05:46.473,1216,1,1228,3,1225.5,142,812
11:06:02.643,1216,1,1228,2,1225.5,142,812
11:06:02.969,1216,1,1228,3,1225.5,142,812
11:06:04.491,1216,1,1228,2,1225.5,142,812
11:07:56.151,1216,1,1228,3,1225.5,142,812
11:08:05.684,1216,1,1228,2,1225.5,142,812
11:08:09.480,1216,1,1228,3,1225.5,142,812
11:08:09.972,1216,1,1228,2,1225.5,142,812
11:13:01.998,1213.5,1,1228,2,1225.5,142,812
11:13:43.499,1213.5,1,1227.5,1,1225.5,142,812
11:13:46.476,1213.5,1,1228,2,1225.5,142,812
11:13:46.861,1213.5,1,1227.5,1,1225.5,142,812
11:13:50.893,1213.5,1,1228,2,1225.5,142,812
11:13:52.751,1213.5,1,1227.5,1,1225.5,142,812
11:13:54.485,1213.5,1,1228,2,1225.5,142,812
11:13:55.79,1213.5,1,1227.5,1,1225.5,142,812
11:14:01.233,1213.5,1,1228,2,1225.5,142,812
11:14:15.667,1213.5,1,1227.5,1,1225.5,142,812
11:14:15.766,1213.5,1,1228,2,1225.5,142,812
11:14:21.499,1213.5,1,1227.5,1,1225.5,142,812
11:14:31.250,1213.5,1,1228,2,1225.5,142,812
11:14:39.977,1213.5,1,1227.5,1,1225.5,142,812
11:14:45.750,1213.5,1,1228,2,1225.5,142,812
11:14:56.208,1213.5,1,1227.5,1,1225.5,142,812
11:15:01.659,1213,2,1227.5,1,1225.5,142,812
11:15:02.994,1213.5,1,1227.5,1,1225.5,142,812
11:15:11.488,1213.5,1,1228,2,1225.5,142,812
11:15:30.547,1213.5,1,1228,3,1225.5,142,812
11:15:31.565,1213.5,1,1228,2,1225.5,142,812
11:15:38.70,1213.5,1,1228,3,1225.5,142,812
11:15:39.150,1213.5,3,1228,3,1225.5,142,812
11:15:41.472,1213.5,3,1228,2,1225.5,142,812
11:15:41.757,1213.5,1,1228,2,1225.5,142,812
11:15:42.674,1213.5,1,1228,3,1225.5,142,812
11:15:50.972,1213.5,1,1228,2,1225.5,142,812
11:15:56.187,1213.5,1,1228,3,1225.5,142,812
11:15:56.689,1213.5,1,1228,2,1225.5,142,812
11:15:58.633,1213.5,3,1228,2,1225.5,142,812
11:16:03.66,1213.5,1,1228,2,1225.5,142,812
11:16:04.132,1213.5,1,1227.5,1,1225.5,142,812
11:16:04.638,1213,2,1227.5,1,1225.5,142,812
11:16:05.610,1213,2,1227.5,2,1225.5,142,812
11:16:10.981,1213.5,1,1227.5,2,1225.5,142,812
11:16:13.638,1213,2,1227.5,2,1225.5,142,812
11:16:22.920,1213,2,1227.5,1,1225.5,142,812
11:16:24.473,1213,2,1227.5,2,1225.5,142,812
11:16:35.119,1213,2,1227.5,1,1225.5,142,812
11:16:35.733,1213,2,1227.5,2,1225.5,142,812
11:16:42.473,1213.5,1,1227.5,2,1225.5,142,812
11:16:42.728,1213.5,1,1228,2,1225.5,142,812
11:16:43.473,1213.5,1,1228,3,1225.5,142,812
11:16:43.986,1213.5,1,1228,2,1225.5,142,812
11:16:59.93,1213.5,1,1228,3,1225.5,142,812
11:16:59.473,1213.5,1,1228,2,1225.5,142,812
11:17:04.473,1213.5,3,1228,2,1225.5,142,812
11:17:27.168,1213.5,1,1228,2,1225.5,142,812
11:17:27.477,1214,2,1228,2,1225.5,142,812
11:17:28.173,1213.5,1,1228,2,1225.5,142,812
11:17:28.683,1213.5,3,1228,2,1225.5,142,812
11:17:31.650,1213.5,1,1227.5,1,1225.5,142,812
11:17:58.477,1213.5,1,1228,2,1225.5,142,812
11:17:59.51,1213.5,3,1228,2,1225.5,142,812
11:18:03.53,1213.5,1,1228,2,1225.5,142,812
11:18:05.470,1213.5,3,1228,2,1225.5,142,812
11:18:29.186,1213.5,3,1227.5,1,1225.5,142,812
11:18:29.674,1213.5,1,1227.5,1,1225.5,142,812
11:18:30.186,1213.5,1,1228,2,1225.5,142,812
11:18:31.169,1213.5,3,1228,2,1225.5,142,812
11:18:32.261,1213.5,1,1228,2,1225.5,142,812
11:18:38.471,1213.5,3,1228,2,1225.5,142,812
11:18:38.762,1213.5,1,1228,2,1225.5,142,812
11:18:39.973,1213.5,3,1228,2,1225.5,142,812
11:18:41.481,1213.5,3,1227.5,1,1225.5,142,812
11:18:42.6,1213.5,1,1227.5,1,1225.5,142,812
11:19:03.57,1213.5,3,1228,2,1225.5,142,812
11:19:06.167,1213.5,1,1228,2,1225.5,142,812
11:19:08.155,1213.5,1,1227.5,1,1225.5,142,812
11:19:08.672,1213.5,1,1228,2,1225.5,142,812
11:19:10.479,1213.5,1,1227.5,1,1225.5,142,812
11:19:10.973,1213.5,1,1228,2,1225.5,142,812
11:19:11.698,1213.5,1,1227.5,1,1225.5,142,812
11:19:12.143,1213.5,1,1228,2,1225.5,142,812
11:19:12.360,1213.5,1,1227.5,1,1225.5,142,812
11:19:16.176,1213,2,1227.5,1,1225.5,142,812
11:19:16.622,1213.5,1,1227.5,1,1225.5,142,812
11:19:17.202,1213,2,1227.5,1,1225.5,142,812
11:19:43.998,1213.5,1,1227.5,1,1225.5,142,812
11:19:45.157,1213,2,1227.5,1,1225.5,142,812
11:19:45.781,1213.5,1,1227.5,1,1225.5,142,812
11:19:53.173,1213.5,1,1228,2,1225.5,142,812
11:20:02.6,1213.5,1,1227.5,1,1225.5,142,812
11:20:06.979,1213.5,1,1228,2,1225.5,142,812
11:20:10.192,1213.5,1,1227.5,1,1225.5,142,812
11:20:19.207,1213,2,1227.5,1,1225.5,142,812
11:20:21.149,1213.5,1,1227.5,1,1225.5,142,812
11:20:22.25,1213,2,1227.5,1,1225.5,142,812
11:20:22.544,1213.5,1,1227.5,1,1225.5,142,812
11:20:25.473,1213,2,1227.5,1,1225.5,142,812
11:20:52.968,1213.5,1,1227.5,1,1225.5,142,812
11:20:56.183,1213,2,1227.5,1,1225.5,142,812
11:20:59.12,1213.5,1,1227.5,1,1225.5,142,812
11:20:59.475,1213,2,1227.5,1,1225.5,142,812
11:21:00.118,1213.5,1,1227.5,1,1225.5,142,812
11:21:01.681,1213,2,1227.5,1,1225.5,142,812
11:21:05.478,1213.5,1,1227.5,1,1225.5,142,812
11:21:09.617,1213,2,1227.5,1,1225.5,142,812
11:21:13.178,1213,2,1227.5,2,1225.5,142,812
11:21:15.971,1213,2,1227.5,1,1225.5,142,812
11:21:18.196,1213,2,1227.5,2,1225.5,142,812
11:21:24.973,1213,2,1227.5,1,1225.5,142,812
11:21:30.982,1213.5,1,1227.5,1,1225.5,142,812
11:21:35.679,1213,2,1227.5,1,1225.5,142,812
11:21:36.100,1213.5,1,1227.5,2,1225.5,142,812
11:21:36.589,1213.5,1,1227.5,1,1225.5,142,812
11:21:38.554,1213.5,1,1228,3,1225.5,142,812
11:21:46.227,1213.5,1,1227.5,1,1225.5,142,812
11:21:53.704,1213.5,1,1227.5,2,1225.5,142,812
11:21:53.971,1213.5,1,1227.5,1,1225.5,142,812
11:22:00.473,1213,2,1227.5,1,1225.5,142,812
11:22:05.480,1213.5,1,1227.5,1,1225.5,142,812
11:22:10.140,1213,2,1227.5,1,1225.5,142,812
11:22:22.424,1213,2,1227.5,2,1225.5,142,812
11:22:24.175,1213,2,1227.5,1,1225.5,142,812
11:22:58.228,1213,2,1227.5,2,1225.5,142,812
11:23:01.84,1213,2,1227.5,1,1225.5,142,812
11:23:12.480,1213.5,1,1227.5,1,1225.5,142,812
11:23:13.659,1213.5,1,1227.5,2,1225.5,142,812
11:23:13.973,1213.5,1,1228,3,1225.5,142,812
11:23:22.473,1213.5,1,1228,2,1225.5,142,812
11:23:57.227,1213.5,1,1227.5,1,1225.5,142,812
11:24:01.469,1213.5,1,1228,2,1225.5,142,812
11:24:09.680,1213.5,1,1227.5,1,1225.5,142,812
11:24:17.108,1213.5,1,1228,2,1225.5,142,812
11:24:35.482,1213.5,1,1227.5,1,1225.5,142,812
11:24:36.978,1213,2,1227.5,1,1225.5,142,812
11:24:44.476,1213.5,1,1227.5,1,1225.5,142,812
11:24:47.980,1213,2,1227.5,1,1225.5,142,812
11:25:37.163,1213,2,1227.5,2,1225.5,142,812
11:25:39.194,1213,2,1227.5,1,1225.5,142,812
11:25:42.649,1213.5,1,1227.5,1,1225.5,142,812
11:25:50.65,1213,2,1227.5,2,1225.5,142,812
11:25:54.977,1213.5,1,1227.5,2,1225.5,142,812
11:25:58.714,1213,2,1227.5,2,1225.5,142,812
11:26:02.928,1213.5,1,1227.5,2,1225.5,142,812
11:26:06.112,1213.5,1,1227.5,1,1225.5,142,812
11:26:06.534,1213,2,1227.5,1,1225.5,142,812
11:26:08.477,1213.5,1,1227.5,1,1225.5,142,812
11:26:09.34,1213,2,1227.5,1,1225.5,142,812
11:26:09.441,1213.5,1,1227.5,1,1225.5,142,812
11:26:14.65,1213.5,1,1227.5,2,1225.5,142,812
11:26:18.475,1213.5,1,1228,2,1225.5,142,812
11:26:23.630,1213.5,1,1227.5,1,1225.5,142,812
11:26:27.477,1213,2,1227.5,1,1225.5,142,812
11:26:32.483,1213.5,1,1227.5,1,1225.5,142,812
11:26:35.559,1213,2,1227.5,1,1225.5,142,812
11:26:35.740,1213.5,1,1227.5,1,1225.5,142,812
11:27:08.553,1213,2,1227.5,1,1225.5,142,812
11:27:32.170,1213.5,1,1227.5,1,1225.5,142,812
11:27:32.227,1213,2,1227.5,1,1225.5,142,812
11:27:55.673,1213.5,1,1227.5,1,1225.5,142,812
11:27:57.599,1213,2,1227.5,1,1225.5,142,812
11:28:00.718,1213.5,1,1227.5,1,1225.5,142,812
11:28:08.718,1213.5,1,1228,2,1225.5,142,812
11:28:23.700,1213.5,1,1227.5,1,1225.5,142,812
11:28:28.735,1213.5,1,1228,2,1225.5,142,812
11:28:32.638,1213.5,1,1227.5,1,1225.5,142,812
11:28:38.671,1213,2,1227.5,1,1225.5,142,812
11:28:44.494,1213.5,1,1227.5,1,1225.5,142,812
11:28:44.744,1213,2,1227.5,1,1225.5,142,812
11:28:46.123,1213.5,1,1227.5,1,1225.5,142,812
11:28:46.566,1213,2,1227.5,1,1225.5,142,812
11:28:48.491,1213.5,1,1227.5,1,1225.5,142,812
11:28:49.488,1213,2,1227.5,1,1225.5,142,812
11:28:50.163,1213.5,1,1227.5,1,1225.5,142,812
11:28:59.558,1213,2,1227.5,1,1225.5,142,812
11:29:20.994,1213.5,1,1227.5,1,1225.5,142,812
11:29:21.245,1213,2,1227.5,1,1225.5,142,812
11:29:26.491,1213.5,1,1227.5,1,1225.5,142,812
11:29:55.389,1213.5,1,1228,2,1225.5,142,812
11:29:56.218,1213,2,1228,2,1225.5,142,812
13:30:00.775,1213.5,1,1228,2,1225.5,142,812
13:30:01.218,1213.5,1,1227.5,2,1225.5,142,812
13:30:01.727,1213,2,1227.5,1,1225.5,142,812
13:30:02.772,1214,1,1228,2,1225.5,142,812
13:30:03.220,1214,1,1227,5,1225.5,142,812
13:30:03.784,1214,1,1227,4,1225.5,142,812
13:30:17.866,1214,1,1227,8,1225.5,142,812
13:30:23.734,1213.5,1,1227,8,1225.5,142,812
13:30:30.220,1213,2,1227,9,1225.5,142,812
13:30:30.975,1213.5,1,1227,9,1225.5,142,812
13:30:36.749,1213,2,1227,9,1225.5,142,812
13:30:37.717,1213,2,1227,8,1225.5,142,812
13:30:41.228,1213,2,1226.5,1,1225.5,142,812
13:30:41.514,1213,2,1227,7,1225.5,142,812
13:30:41.905,1213,2,1226,2,1225.5,142,812
13:31:09.698,1213,2,1226,9,1225.5,142,812
13:31:13.242,1213,2,1226,8,1225.5,142,812
13:31:18.475,1213,2,1225.5,2,1225.5,142,812
13:31:19.251,1213,2,1226,9,1225.5,142,812
13:31:19.403,1213,2,1226,8,1225.5,142,812
13:31:19.973,1213,2,1226,9,1225.5,142,812
13:31:21.676,1213,2,1226,2,1225.5,142,812
13:31:23.718,1213,2,1226,9,1225.5,142,812
13:31:28.801,1213,2,1226,8,1225.5,142,812
13:31:36.219,1213,2,1226,9,1225.5,142,812
13:31:38.285,1213,2,1226,8,1225.5,142,812
13:32:12.281,1213,2,1226,8,1217.5,156,806
13:33:41.721,1213.5,1,1226,8,1217.5,156,806
13:33:53.794,1213,2,1226,8,1217.5,156,806
13:34:36.478,1213,2,1225.5,1,1217.5,156,806
13:34:38.473,1213,2,1225,8,1217.5,156,806
13:40:06.80,1213,2,1224.5,2,1217.5,156,806
13:40:07.910,1213,2,1224,4,1217.5,156,806
13:41:05.468,1213,2,1224,8,1217.5,156,806
13:49:59.194,1213,2,1223.5,1,1217.5,156,806
13:50:01.723,1213,2,1223,8,1217.5,156,806
13:52:31.299,1213,3,1223,8,1217.5,156,806
13:52:31.720,1213,2,1223,8,1217.5,156,806
13:52:36.297,1213,3,1223,8,1217.5,156,806
13:52:40.217,1213,2,1223,8,1217.5,156,806
13:52:42.319,1213,3,1223,8,1217.5,156,806
13:52:43.219,1213,2,1223,8,1217.5,156,806
13:53:08.462,1213,2,1220,6,1217.5,156,806
13:53:10.777,1213,2,1219.5,9,1217.5,156,806
13:53:12.307,1213,2,1219.5,8,1217.5,156,806
13:53:12.778,1213,2,1219.5,9,1217.5,156,806
13:53:35.218,1213,2,1219.5,8,1217.5,156,806
13:53:36.318,1213,2,1219.5,9,1217.5,156,806
13:53:39.258,1213,2,1218.5,6,1217.5,156,806
13:53:47.718,1213,2,1219.5,2,1218.5,168,806
13:53:51.952,1213,2,1219.5,9,1218.5,168,806
13:54:04.90,1213,2,1219.5,8,1218.5,168,806
13:54:36.710,1213,2,1219.5,9,1218.5,168,806
13:54:39.824,1213,2,1219.5,8,1218.5,168,806
13:54:42.905,1213,2,1219.5,9,1218.5,168,806
13:54:51.722,1213,2,1219.5,8,1218.5,168,806
13:54:58.881,1213,2,1219.5,9,1218.5,168,806
13:54:59.535,1213,2,1219.5,8,1218.5,168,806
13:55:21.272,1213,2,1219.5,9,1218.5,168,806
13:55:22.660,1213,2,1219.5,8,1218.5,168,806
13:55:25.59,1213,2,1219.5,9,1218.5,168,806
13:55:29.206,1213,2,1219.5,8,1218.5,168,806
13:56:12.782,1213,2,1224,1,1218.5,168,806
13:56:13.670,1213,2,1223.5,8,1218.5,168,806
13:57:16.228,1213,3,1223.5,8,1218.5,168,806
13:57:16.748,1213,2,1223.5,8,1218.5,168,806
13:57:25.503,1213,3,1223.5,8,1218.5,168,806
13:57:28.791,1213,2,1223.5,8,1218.5,168,806
13:57:29.268,1213,3,1223.5,8,1218.5,168,806
13:57:29.366,1213,2,1223.5,8,1218.5,168,806
13:57:31.179,1213,3,1223.5,8,1218.5,168,806
13:57:47.150,1213,2,1223.5,8,1218.5,168,806
13:57:47.596,1213,3,1223.5,8,1218.5,168,806
13:58:02.217,1213,2,1223.5,8,1218.5,168,806
14:00:00.721,1213,2,1223,2,1218.5,168,806
14:00:02.756,1213,2,1222.5,8,1218.5,168,806
14:00:10.701,1213,2,1222,2,1218.5,168,806
14:00:12.159,1213,2,1221.5,8,1218.5,168,806
14:10:04.464,1213,2,1221.5,1,1218.5,168,806
14:10:04.924,1213,2,1222,2,1218.5,168,806
14:10:08.758,1213,2,1221.5,8,1218.5,168,806
14:10:22.716,1213,3,1221.5,8,1218.5,168,806
14:10:27.216,1213,2,1221.5,8,1218.5,168,806
14:11:19.813,1213,3,1221.5,8,1218.5,168,806
14:11:20.280,1213,2,1221.5,8,1218.5,168,806
14:11:20.800,1213,3,1221.5,8,1218.5,168,806
14:11:23.219,1213,2,1221.5,8,1218.5,168,806
14:11:27.719,1213,3,1221.5,8,1218.5,168,806
14:11:29.716,1213,2,1221.5,8,1218.5,168,806
14:12:12.218,1213,3,1221.5,8,1218.5,168,806
14:12:12.833,1213,2,1221.5,8,1218.5,168,806
14:12:14.270,1213,3,1221.5,8,1218.5,168,806
14:12:16.716,1213,2,1221.5,8,1218.5,168,806
14:12:32.321,1213,3,1221.5,8,1218.5,168,806
14:12:33.218,1213,2,1221.5,8,1218.5,168,806
14:12:47.304,1213,3,1221.5,8,1218.5,168,806
14:12:47.339,1213,2,1221.5,8,1218.5,168,806
14:12:48.715,1213,3,1221.5,8,1218.5,168,806
14:12:52.219,1213,2,1221.5,8,1218.5,168,806
14:12:52.831,1213,3,1221.5,8,1218.5,168,806
14:12:56.218,1213,2,1221.5,8,1218.5,168,806
14:13:07.807,1213,3,1221.5,8,1218.5,168,806
14:13:11.218,1213,2,1221.5,8,1218.5,168,806
14:13:11.537,1213,3,1221.5,8,1218.5,168,806
14:13:23.221,1213,2,1221.5,8,1218.5,168,806
14:14:26.717,1213,3,1221.5,8,1218.5,168,806
14:14:32.218,1213,2,1221.5,8,1218.5,168,806
14:15:17.717,1213,3,1221.5,8,1218.5,168,806
14:15:18.286,1213,2,1221.5,8,1218.5,168,806
14:15:26.719,1213,3,1221.5,8,1218.5,168,806
14:15:41.717,1213,2,1221.5,8,1218.5,168,806
14:16:21.220,1213,2,1221.5,9,1218.5,168,806
14:16:21.790,1213,2,1221.5,8,1218.5,168,806
14:16:23.431,1213,2,1221.5,9,1218.5,168,806
14:16:24.829,1213,2,1221.5,8,1218.5,168,806
14:16:25.119,1213,2,1221.5,9,1218.5,168,806
14:16:26.775,1213,2,1221.5,8,1218.5,168,806
14:17:22.282,1213,2,1221.5,9,1218.5,168,806
14:17:22.342,1213,2,1221.5,8,1218.5,168,806
14:18:25.217,1213,2,1221.5,9,1218.5,168,806
14:18:26.289,1213,2,1221.5,8,1218.5,168,806
14:18:27.231,1213,2,1221.5,9,1218.5,168,806
14:18:39.718,1213,2,1221.5,8,1218.5,168,806
14:18:55.968,1213,2,1222,2,1218.5,168,806
14:23:01.297,1213,2,1222,3,1218.5,168,806
14:23:01.473,1213,2,1222,2,1218.5,168,806
14:23:01.940,1213,2,1221.5,8,1218.5,168,806
14:23:02.438,1213,2,1222,2,1218.5,168,806
14:28:28.175,1213,2,1222,1,1222,170,806
15:00:00.505,1213,2,1222,1,1222,170,806
15:00:25.327,1213,2,1222,1,1222,170,806
