21:26:58.837,19.5,60,20.5,22,20.5,2,4228
21:26:58.933,19.5,60,20.5,13,20.5,2,4228
21:27:26.726,19.5,60,20.5,12,20.5,4,4228
21:27:30.400,19.5,60,20.5,13,20.5,4,4228
21:28:00.422,19.5,60,20.5,23,20.5,4,4228
21:31:00.707,19.5,80,20.5,23,20.5,4,4228
21:31:04.24,19.5,80,20,2,20.5,4,4228
21:31:05.959,19.5,80,20,1,20,6,4230
21:31:08.643,19.5,80,20.5,33,20,8,4232
21:31:09.210,19.5,80,20,2,20,8,4232
21:31:14.406,19.5,60,20,2,20,8,4232
21:31:20.833,19.5,60,20,1,20,10,4234
21:31:22.374,19.5,60,20.5,53,20,12,4236
21:31:22.432,19.5,60,20.5,33,20,12,4236
21:31:23.103,19.5,60,20,2,20,12,4236
21:32:07.361,19.5,50,20,2,20,12,4236
21:33:09.399,19.5,50,20,12,20,12,4236
21:34:07.421,19.5,50,20,2,20,12,4236
21:34:17.241,19.5,40,20,2,20,12,4236
21:34:44.219,19.5,50,20,2,20,12,4236
21:35:25.769,19.5,50,20,1,20,14,4238
21:35:54.824,19.5,40,20,1,20,14,4238
21:36:05.120,19.5,50,20,1,20,14,4238
21:36:05.582,19.5,50,20,11,20,14,4238
21:36:08.892,19.5,50,20,1,20,14,4238
21:36:22.821,19.5,50,20,11,20,14,4238
21:36:23.551,19.5,50,20,1,20,14,4238
21:36:23.969,19.5,50,20,11,20,14,4238
21:36:32.564,19.5,50,20,1,20,14,4238
21:38:06.335,20,9,20.5,43,20,16,4240
21:38:06.870,20,19,20.5,33,20,16,4240
21:38:06.909,20,19,20.5,13,20,16,4240
21:38:11.605,19.5,39,20.5,13,20,16,4240
21:38:11.968,19.5,59,20.5,23,20,16,4240
21:38:13.514,19.5,59,20.5,13,20,16,4240
21:38:16.86,19.5,59,20.5,23,20,16,4240
21:38:19.562,19.5,50,20.5,23,20,16,4240
21:38:21.345,19.5,60,20.5,23,20,16,4240
21:38:23.918,19.5,60,20.5,13,20,16,4240
21:38:24.428,19.5,60,20.5,23,20,16,4240
21:38:41.445,19.5,60,20.5,13,20,16,4240
21:39:54.500,19.5,70,20.5,13,20,16,4240
21:40:01.506,19.5,60,20.5,23,20,16,4240
21:41:43.903,19.5,60,20.5,20,20,16,4240
21:44:03.465,19.5,60,20.5,23,20,16,4240
21:44:32.697,19.5,70,20.5,23,20,16,4240
21:45:51.801,19.5,80,20.5,23,20,16,4240
21:46:29.367,19.5,70,20.5,23,20,16,4240
21:46:29.429,19.5,70,20.5,33,20,16,4240
21:47:29.815,19.5,70,20.5,30,20,16,4240
21:49:59.181,19.5,80,20.5,20,20,16,4240
21:51:12.170,19.5,50,20.5,30,20,16,4240
21:51:20.908,19.5,70,20.5,30,20,16,4240
21:56:34.833,19.5,80,20.5,20,20,16,4240
21:57:03.481,19.5,70,20.5,30,20,16,4240
21:57:11.192,19.5,80,20.5,20,20,16,4240
21:58:17.596,19.5,70,20.5,20,20,16,4240
21:59:49.54,20,10,20.5,20,20,16,4240
21:59:55.787,20,20,20.5,30,20,16,4240
22:00:05.474,20,20,20.5,20,20,16,4240
22:00:06.9,20,20,20.5,30,20,16,4240
22:00:10.456,20,20,20.5,20,20,16,4240
22:00:11.919,20,20,20.5,30,20,16,4240
22:00:15.988,20,20,20.5,20,20,16,4240
22:00:27.884,20,10,20.5,20,20,16,4240
22:00:37.304,19.5,70,20.5,20,20,16,4240
22:01:52.383,19.5,80,20.5,20,20,16,4240
22:10:16.280,19.5,80,20.5,10,20,16,4240
22:10:24.430,19.5,80,20.5,20,20,16,4240
22:10:24.919,19.5,80,20.5,30,20,16,4240
22:20:24.784,19.5,80,20.5,20,20,16,4240
22:20:29.814,19.5,80,20.5,30,20,16,4240
22:23:00.806,20,20,20.5,20,20,16,4240
22:23:01.747,20,20,20.5,30,20,16,4240
22:23:27.410,20,20,20.5,20,20,16,4240
22:24:07.803,19.5,80,20.5,20,20,16,4240
22:24:07.916,19.5,90,20.5,20,20,16,4240
22:24:08.796,19.5,90,20.5,10,20,16,4240
22:27:39.105,19.5,90,20.5,12,20,16,4240
22:30:49.560,19.5,60,20.5,12,20,16,4240
22:30:50.52,19.5,60,20.5,22,20,16,4240
22:30:53.920,19.5,80,20.5,22,20,16,4240
22:31:46.399,19.5,80,20.5,32,20,16,4240
22:31:58.563,19.5,60,20.5,22,20,16,4240
22:31:59.810,19.5,50,20.5,32,20,16,4240
22:32:02.112,19.5,50,20.5,42,20,16,4240
22:32:04.915,19.5,70,20.5,42,20,16,4240
22:32:12.400,19.5,70,20.5,32,20,16,4240
22:32:16.400,19.5,70,20.5,42,20,16,4240
22:32:19.911,19.5,70,20.5,32,20,16,4240
22:32:31.405,19.5,70,20.5,42,20,16,4240
22:32:38.204,19.5,60,20.5,32,20,16,4240
22:32:41.413,19.5,40,20.5,32,20,16,4240
22:32:44.944,19.5,60,20.5,42,20,16,4240
22:32:45.483,19.5,70,20.5,42,20,16,4240
22:33:21.533,19.5,40,20.5,32,20,16,4240
22:33:23.571,19.5,50,20.5,42,20,16,4240
22:33:23.906,19.5,50,20.5,32,20,16,4240
22:33:26.409,19.5,70,20.5,32,20,16,4240
22:33:56.401,19.5,70,20.5,42,20,16,4240
22:33:58.441,19.5,70,20.5,32,20,16,4240
22:34:07.399,19.5,70,20.5,42,20,16,4240
22:34:10.930,19.5,60,20.5,32,20,16,4240
22:34:14.935,19.5,40,20.5,32,20,16,4240
22:34:19.821,19.5,70,20.5,42,20,16,4240
22:34:20.425,19.5,60,20.5,32,20,16,4240
22:34:23.425,19.5,60,20.5,42,20,16,4240
22:34:23.920,19.5,70,20.5,42,20,16,4240
22:34:40.440,19.5,40,20.5,42,20,16,4240
22:34:42.90,19.5,40,20.5,32,20,16,4240
22:34:46.436,19.5,60,20.5,32,20,16,4240
22:34:46.927,19.5,70,20.5,32,20,16,4240
22:34:55.949,19.5,40,20.5,32,20,16,4240
22:34:57.314,19.5,50,20.5,32,20,16,4240
22:34:59.423,19.5,60,20.5,32,20,16,4240
22:35:03.420,19.5,40,20.5,32,20,16,4240
22:35:07.426,19.5,60,20.5,32,20,16,4240
22:35:16.943,19.5,70,20.5,32,20,16,4240
22:35:20.423,19.5,60,20.5,32,20,16,4240
22:35:21.29,19.5,40,20.5,32,20,16,4240
22:35:27.922,19.5,60,20.5,32,20,16,4240
22:35:29.263,19.5,60,20.5,42,20,16,4240
22:36:48.403,19.5,60,20.5,32,20,16,4240
22:37:04.205,19.5,60,20.5,42,20,16,4240
22:37:04.399,19.5,60,20.5,32,20,16,4240
22:37:11.417,19.5,70,20.5,32,20,16,4240
22:37:14.833,19.5,60,20.5,32,20,16,4240
22:37:18.15,19.5,70,20.5,32,20,16,4240
22:39:10.574,19.5,80,20.5,22,20,16,4240
22:39:13.67,19.5,70,20.5,32,20,16,4240
22:39:13.490,19.5,50,20.5,32,20,16,4240
22:39:23.423,19.5,70,20.5,32,20,16,4240
22:39:35.917,19.5,80,20.5,22,20,16,4240
22:39:47.385,19.5,70,20.5,22,20,16,4240
22:40:37.635,19.5,60,20.5,42,20,16,4240
22:40:38.982,19.5,70,20.5,42,20,16,4240
22:40:39.421,19.5,70,20.5,32,20,16,4240
22:40:39.967,19.5,50,20.5,32,20,16,4240
22:40:46.419,19.5,70,20.5,32,20,16,4240
22:41:22.559,19.5,60,20.5,32,20,16,4240
22:42:36.559,19.5,70,20.5,22,20,16,4240
22:43:27.139,19.5,40,20.5,42,20,16,4240
22:43:28.659,19.5,40,20.5,32,20,16,4240
22:43:29.183,19.5,50,20.5,32,20,16,4240
22:43:36.925,19.5,70,20.5,32,20,16,4240
22:43:56.729,19.5,80,20.5,22,20,16,4240
22:43:59.274,19.5,70,20.5,32,20,16,4240
22:43:59.553,19.5,80,20.5,22,20,16,4240
22:44:14.438,19.5,50,20.5,32,20,16,4240
22:44:16.226,19.5,60,20.5,22,20,16,4240
22:44:17.849,19.5,70,20.5,32,20,16,4240
22:44:28.711,19.5,80,20.5,22,20,16,4240
22:44:38.463,19.5,70,20.5,22,20,16,4240
22:45:02.356,19.5,40,20.5,32,20,16,4240
22:45:03.307,19.5,50,20.5,32,20,16,4240
22:45:05.933,19.5,70,20.5,32,20,16,4240
22:45:21.951,19.5,80,20.5,22,20,16,4240
22:45:37.102,19.5,70,20.5,22,20,16,4240
22:45:37.102,19.5,70,20.5,22,20,16,4240
22:47:39.73,19.5,40,20.5,32,20,16,4240
22:47:40.220,19.5,50,20.5,32,20,16,4240
22:47:54.416,19.5,70,20.5,32,20,16,4240
22:48:30.705,19.5,70,20,2,20,16,4240
22:48:38.907,19.5,50,20,2,20,16,4240
22:48:56.900,19.5,50,20,12,20,16,4240
22:49:01.419,19.5,60,20,2,20,16,4240
22:49:13.411,19.5,50,20,2,20,16,4240
22:51:28.824,19.5,60,20,2,20,16,4240
22:52:02.391,19.5,50,20,2,20,16,4240
22:52:13.21,19.5,60,20,2,20,16,4240
22:52:31.189,19.5,60,20,4,20,16,4240
22:52:32.377,19.5,60,20,2,20,16,4240
22:52:32.899,19.5,60,20,12,20,16,4240
22:52:38.550,19.5,60,20,13,20,16,4240
22:53:02.148,19.5,58,20,13,19.5,20,4244
22:53:02.588,19.5,56,20,13,19.5,24,4248
22:53:03.353,19.5,54,20,13,19.5,28,4252
22:53:04.41,19.5,52,20,13,19.5,32,4256
22:53:04.463,19.5,50,20,13,19.5,36,4260
22:53:39.622,19.5,40,20,13,19.5,36,4260
22:53:44.960,19.5,40,20,23,19.5,36,4260
22:53:57.395,19.5,30,20,23,19.5,36,4260
22:53:57.396,19.5,40,20,23,19.5,36,4260
22:55:53.771,19.5,40,20,13,19.5,36,4260
22:57:13.165,19.5,50,20,13,19.5,36,4260
22:57:38.18,19.5,50,20,33,19.5,36,4260
22:57:38.656,19.5,50,20,23,19.5,36,4260
22:58:08.936,19.5,50,20,13,19.5,36,4260
22:58:15.609,19.5,50,20,11,20,40,4264
22:58:16.559,19.5,50,20,1,20,40,4264
22:58:19.53,19.5,50,20.5,30,20,42,4266
22:58:19.745,19.5,50,20,2,20,42,4266
22:58:24.513,19.5,50,20,12,20,42,4266
22:58:24.928,19.5,50,20,11,20,44,4268
22:58:36.853,19.5,50,20,10,20,46,4270
22:58:46.658,19.5,50,20,11,20,46,4270
22:59:13.861,19.5,50,20,1,20,46,4270
22:59:14.311,19.5,50,20.5,30,20,48,4272
22:59:14.807,20,11,20.5,30,20,48,4272
22:59:14.996,20,11,20.5,10,20,48,4272
22:59:15.793,20,21,20.5,10,20,48,4272
22:59:16.114,20,20,20.5,10,20,48,4272
23:01:14.857,20,20,21,43,20.5,68,4292
23:01:14.931,20,20,21,23,20.5,68,4292
23:01:19.414,20,40,21,23,20.5,68,4292
23:01:21.400,20,40,20.5,10,20.5,68,4292
23:01:31.929,20,20,20.5,10,20.5,68,4292
23:12:36.177,20,10,20.5,10,20.5,68,4292
23:12:36.782,20,20,20.5,10,20.5,68,4292
23:12:37.875,20,30,20.5,10,20.5,68,4292
23:17:15.52,20,20,20.5,10,20.5,68,4292
23:17:17.310,20,30,20.5,10,20.5,68,4292
23:17:48.171,20,30,21,43,20.5,68,4292
23:17:48.411,20,30,20.5,10,20.5,68,4292
23:20:03.924,20,20,21,43,20.5,68,4292
23:20:04.436,20,20,21,23,20.5,68,4292
23:20:09.424,20,40,21,23,20.5,68,4292
23:20:13.188,20,50,21,23,20.5,68,4292
23:20:51.335,20,40,21,23,20.5,68,4292
23:20:51.640,20,50,21,13,20.5,68,4292
23:20:52.567,20,40,21,23,20.5,68,4292
23:20:54.651,20,50,21,13,20.5,68,4292
23:21:01.729,20,50,21,3,20.5,68,4292
23:21:02.71,20.5,10,21,3,20.5,68,4292
23:21:02.970,20.5,20,21,3,20.5,68,4292
23:21:04.925,20.5,20,21,13,20.5,68,4292
23:21:11.184,20.5,30,21,13,20.5,68,4292
23:21:49.126,20.5,20,21,3,20.5,68,4292
23:21:51.769,20.5,20,21,13,20.5,68,4292
23:21:59.187,20.5,30,21,13,20.5,68,4292
23:22:06.661,20.5,20,21,13,20.5,68,4292
23:22:31.682,20.5,20,21,3,20.5,68,4292
23:22:36.401,20.5,20,21,13,20.5,68,4292
23:24:56.156,20.5,20,21,10,20.5,68,4292
23:27:10.70,20.5,10,21,10,20.5,68,4292
23:27:19.188,20.5,20,21,10,20.5,68,4292
23:27:50.485,20.5,20,21.5,40,20.5,68,4292
23:27:50.944,20.5,20,21.5,20,20.5,68,4292
23:27:51.882,20.5,20,21.5,10,20.5,68,4292
23:27:55.917,20.5,40,21.5,10,20.5,68,4292
23:28:11.574,20.5,20,21.5,10,20.5,68,4292
23:28:15.526,20.5,40,21.5,10,20.5,68,4292
23:28:20.426,20.5,20,21.5,10,20.5,68,4292
23:28:24.452,20.5,40,21.5,10,20.5,68,4292
23:28:25.328,20.5,30,21.5,10,20.5,68,4292
23:28:35.191,20.5,40,21.5,10,20.5,68,4292
23:28:38.638,20.5,20,21.5,10,20.5,68,4292
23:28:42.414,20.5,40,21.5,10,20.5,68,4292
23:28:57.779,20.5,40,22,50,20.5,68,4292
23:28:57.932,20.5,40,22,30,20.5,68,4292
23:29:00.650,20.5,40,22,20,20.5,68,4292
23:29:02.293,20.5,40,22,10,20.5,68,4292
23:29:31.370,20.5,30,22,10,20.5,68,4292
23:29:40.669,20.5,30,22.5,20,20.5,68,4292
23:29:41.71,20.5,20,23.5,30,20.5,68,4292
23:29:41.810,20.5,30,23.5,30,20.5,68,4292
23:29:45.803,20.5,30,24,40,20.5,68,4292
23:29:49.652,20.5,20,24,10,20.5,68,4292
23:29:52.221,20.5,20,24.5,20,20.5,68,4292
23:29:52.436,20,20,25.5,20,20.5,68,4292
23:29:52.932,3,3,104,2,20.5,68,4292
23:29:52.932,3,3,104,2,20.5,68,4292
09:00:07.200,19,10,23,10,20.5,68,4292
09:00:07.274,19,20,23,20,20.5,68,4292
09:00:11.313,19,40,23,40,20.5,68,4292
09:00:24.113,19,50,23,50,20.5,68,4292
09:00:25.376,19,50,22.5,10,20.5,68,4292
09:00:25.745,19,40,22,10,20.5,68,4292
09:00:31.981,19,40,22.5,40,20.5,68,4292
09:00:32.521,19,40,22.5,30,20.5,68,4292
09:00:34.707,19,50,22.5,30,20.5,68,4292
09:00:34.737,19,40,22.5,30,20.5,68,4292
09:00:35.707,19,50,22.5,30,20.5,68,4292
09:00:36.706,19,40,22.5,20,20.5,68,4292
09:00:37.981,19,40,22.5,30,20.5,68,4292
09:00:38.582,19,40,22.5,20,20.5,68,4292
09:00:49.981,19.5,10,22.5,20,20.5,68,4292
09:00:50.343,19.5,40,22.5,20,20.5,68,4292
09:00:50.763,19.5,50,22.5,20,20.5,68,4292
09:00:51.707,19.5,50,22.5,30,20.5,68,4292
09:01:00.906,19.5,50,22.5,40,20.5,68,4292
09:01:01.919,19.5,50,22,10,20.5,68,4292
09:01:02.735,19.5,50,22,20,20.5,68,4292
09:01:03.375,19.5,50,22,10,20.5,68,4292
09:01:04.740,19.5,50,22.5,50,20.5,68,4292
09:01:05.241,19.5,50,22,10,20.5,68,4292
09:01:06.376,19.5,50,22,20,20.5,68,4292
09:01:06.734,19.5,50,22,10,20.5,68,4292
09:01:07.239,19.5,50,22,20,20.5,68,4292
09:01:08.902,19.5,50,22,10,20.5,68,4292
09:01:12.879,19.5,50,22,20,20.5,68,4292
09:01:19.922,19.5,60,22,20,20.5,68,4292
09:01:25.982,20,20,21.5,10,20.5,68,4292
09:01:26.523,20,30,21.5,10,20.5,68,4292
09:01:29.236,20,50,21.5,10,20.5,68,4292
09:01:34.256,20,50,21.5,20,20.5,68,4292
09:01:35.499,20,50,21.5,10,20.5,68,4292
09:01:41.255,20,50,21.5,20,20.5,68,4292
09:01:56.794,20,50,21.5,10,20.5,68,4292
09:01:57.921,20,50,21.5,20,20.5,68,4292
09:01:58.232,20,50,21.5,10,20.5,68,4292
09:02:01.981,20,50,21.5,20,20.5,68,4292
09:02:05.935,20,50,21.5,10,20.5,68,4292
09:02:06.306,20,50,21.5,20,20.5,68,4292
09:02:08.736,20,50,21.5,10,20.5,68,4292
09:02:10.272,20,50,21.5,20,20.5,68,4292
09:02:12.404,20,50,21.5,10,20.5,68,4292
09:02:14.38,20,50,21.5,20,20.5,68,4292
09:02:14.779,20,50,21.5,10,20.5,68,4292
09:02:17.988,20,40,21.5,10,20.5,68,4292
09:02:26.449,20,50,21.5,10,20.5,68,4292
09:02:36.523,20,50,21.5,20,20.5,68,4292
09:02:40.553,20,50,21.5,10,20.5,68,4292
09:03:10.729,20,50,21.5,20,20.5,68,4292
09:03:13.7,20,40,21.5,20,20.5,68,4292
09:03:15.94,20,40,21.5,10,20.5,68,4292
09:03:22.450,20,50,21.5,10,20.5,68,4292
09:03:30.739,20,50,21.5,20,20.5,68,4292
09:03:31.731,20,50,21.5,10,20.5,68,4292
09:03:42.272,20,50,21.5,20,20.5,68,4292
09:03:44.428,20,50,21.5,10,20.5,68,4292
09:03:51.417,20,50,21.5,13,20.5,68,4292
09:04:17.506,20,50,21.5,23,20.5,68,4292
09:04:18.151,20,50,21.5,13,20.5,68,4292
09:04:26.972,20,50,21.5,15,20.5,68,4292
09:04:37.425,20,50,21.5,25,20.5,68,4292
09:04:48.555,20.5,10,21.5,15,20.5,68,4292
09:04:48.779,20.5,20,21.5,15,20.5,68,4292
09:04:49.288,20.5,30,21.5,15,20.5,68,4292
09:04:53.201,20.5,30,21,10,20.5,68,4292
09:05:01.490,20.5,20,21,10,20.5,68,4292
09:05:10.448,20.5,30,21,10,20.5,68,4292
09:05:28.799,20.5,30,21.5,45,20.5,68,4292
09:05:29.257,20.5,30,21.5,25,20.5,68,4292
09:05:35.508,20.5,30,21.5,45,20.5,68,4292
09:05:38.743,20.5,50,21.5,45,20.5,68,4292
09:05:53.807,20.5,40,21.5,55,20.5,68,4292
09:05:55.683,20.5,40,21.5,45,20.5,68,4292
09:05:58.299,20.5,20,21.5,45,20.5,68,4292
09:06:02.818,20.5,40,21.5,45,20.5,68,4292
09:06:04.758,20.5,40,21,10,20.5,68,4292
09:06:09.247,20.5,20,21,10,20.5,68,4292
09:06:24.487,20.5,10,21,10,20.5,68,4292
09:06:24.851,20.5,10,21.5,75,20.5,68,4292
09:06:25.299,20.5,10,21.5,55,20.5,68,4292
09:06:28.495,20.5,10,21.5,45,20.5,68,4292
09:06:29.236,20.5,30,21.5,45,20.5,68,4292
09:06:33.291,20.5,10,21.5,55,20.5,68,4292
09:06:34.451,20.5,20,21.5,45,20.5,68,4292
09:06:39.737,20.5,40,21.5,45,20.5,68,4292
09:06:43.291,20.5,20,21.5,45,20.5,68,4292
09:06:49.753,20.5,40,21.5,45,20.5,68,4292
09:07:12.246,20.5,40,21.5,35,20.5,68,4292
09:07:13.994,20.5,30,21.5,35,20.5,68,4292
09:07:19.760,20.5,10,21.5,35,20.5,68,4292
09:07:24.461,20.5,40,21.5,35,20.5,68,4292
09:07:29.764,20.5,30,21.5,35,20.5,68,4292
09:07:35.257,20.5,10,21.5,35,20.5,68,4292
09:07:40.465,20.5,40,21.5,35,20.5,68,4292
09:07:41.730,20.5,40,21.5,45,20.5,68,4292
09:07:44.731,20.5,40,21.5,35,20.5,68,4292
09:07:46.508,20.5,50,21.5,25,20.5,68,4292
09:07:57.262,20.5,30,21.5,25,20.5,68,4292
09:08:00.738,20.5,50,21.5,25,20.5,68,4292
09:08:01.760,20.5,50,21.5,35,20.5,68,4292
09:08:02.246,20.5,50,21.5,25,20.5,68,4292
09:08:07.737,20.5,50,21.5,35,20.5,68,4292
09:08:21.900,20.5,50,21,10,20.5,68,4292
09:08:33.235,20.5,30,21,10,20.5,68,4292
09:08:46.761,20.5,20,21,10,20.5,68,4292
09:08:48.58,20.5,20,21.5,55,20.5,68,4292
09:08:48.330,20.5,20,21.5,35,20.5,68,4292
09:08:51.830,20.5,20,21.5,25,20.5,68,4292
09:08:52.313,20.5,40,21.5,25,20.5,68,4292
09:08:54.823,20.5,40,21.5,35,20.5,68,4292
09:08:56.470,20.5,50,21.5,25,20.5,68,4292
09:10:18.769,20.5,60,21.5,25,20.5,68,4292
09:10:21.396,20.5,50,21.5,25,20.5,68,4292
09:10:30.849,20.5,60,21.5,25,20.5,68,4292
09:10:50.19,20.5,50,21.5,25,20.5,68,4292
09:11:00.472,20.5,60,21.5,25,20.5,68,4292
09:11:39.739,20.5,40,21.5,25,20.5,68,4292
09:11:43.745,20.5,60,21.5,25,20.5,68,4292
09:12:18.894,20.5,40,21.5,35,20.5,68,4292
09:12:24.237,20.5,60,21.5,35,20.5,68,4292
09:13:04.266,20.5,50,21.5,35,20.5,68,4292
09:13:14.477,20.5,60,21.5,35,20.5,68,4292
09:13:36.286,20.5,50,21.5,35,20.5,68,4292
09:13:37.249,21,10,21.5,35,20.5,68,4292
09:13:38.271,21,20,21.5,35,20.5,68,4292
09:13:45.760,21,40,21.5,35,20.5,68,4292
09:13:46.469,21,50,21.5,35,20.5,68,4292
09:13:54.352,21,20,21.5,35,20.5,68,4292
09:13:57.737,21,40,21.5,35,20.5,68,4292
09:13:58.379,21,50,21.5,35,20.5,68,4292
09:13:59.154,21,40,21.5,35,20.5,68,4292
09:13:59.895,21,50,21.5,35,20.5,68,4292
09:14:56.302,21,30,21.5,35,20.5,68,4292
09:14:57.67,21,20,21.5,35,20.5,68,4292
09:14:58.57,21,30,21.5,35,20.5,68,4292
09:14:59.529,21,20,21.5,35,20.5,68,4292
09:15:02.574,21,20,21.5,15,20.5,68,4292
09:15:04.755,21,20,21.5,25,20.5,68,4292
09:15:06.464,21,30,21.5,25,20.5,68,4292
09:15:06.758,21,50,21.5,25,20.5,68,4292
09:16:11.22,21,70,21.5,15,20.5,68,4292
09:16:11.478,21,60,21.5,15,20.5,68,4292
09:16:16.813,21,60,21.5,25,20.5,68,4292
09:16:18.170,21,30,21.5,25,20.5,68,4292
09:16:25.526,21,60,21.5,15,20.5,68,4292
09:16:35.523,21,30,21.5,25,20.5,68,4292
09:16:39.759,21,50,21.5,25,20.5,68,4292
09:16:41.520,21,60,21.5,15,20.5,68,4292
09:16:43.168,21,50,21.5,25,20.5,68,4292
09:16:48.247,21,30,21.5,25,20.5,68,4292
09:16:58.234,21,50,21.5,25,20.5,68,4292
09:17:03.165,21,50,21.5,35,20.5,68,4292
09:17:07.252,21,40,21.5,35,20.5,68,4292
09:17:08.251,21,20,21.5,35,20.5,68,4292
09:17:12.665,21,10,21.5,35,21,88,4292
09:17:12.978,20.5,60,21.5,35,21,88,4292
09:17:15.758,20.5,70,21.5,35,21,88,4292
09:17:16.982,21,20,21.5,35,21,88,4292
09:17:17.774,21,30,21.5,25,21,88,4292
09:17:18.258,21,50,21.5,25,21,88,4292
09:17:21.562,21,20,21.5,35,21,88,4292
09:17:27.845,21,30,21.5,25,21,88,4292
09:17:28.746,21,40,21.5,25,21,88,4292
09:17:30.367,21,40,21.5,35,21,88,4292
09:17:32.893,21,30,21.5,35,21,88,4292
09:17:35.31,21,20,21.5,35,21,88,4292
09:17:37.177,21,10,21.5,35,21,88,4292
09:17:38.465,21,20,21.5,35,21,88,4292
09:17:59.498,20.5,50,21.5,35,21,88,4292
09:17:59.900,20.5,60,21.5,35,21,88,4292
09:18:05.448,20.5,61,21.5,35,21,88,4292
09:18:13.263,20.5,71,21.5,35,21,88,4292
09:18:25.127,20.5,71,21.5,25,21,88,4292
09:18:43.38,20.5,51,21.5,25,21,88,4292
09:18:43.479,20.5,41,21.5,25,21,88,4292
09:18:45.975,20.5,41,21.5,15,21,88,4292
09:18:46.743,20.5,41,21.5,25,21,88,4292
09:18:49.741,20.5,61,21.5,25,21,88,4292
09:19:02.185,20.5,60,21.5,35,21,88,4292
09:19:03.191,20.5,60,21.5,25,21,88,4292
09:19:03.283,20.5,40,21.5,25,21,88,4292
09:19:03.765,20.5,40,21.5,35,21,88,4292
09:19:04.929,20.5,41,21.5,25,21,88,4292
09:19:07.896,20.5,61,21.5,25,21,88,4292
09:19:09.286,20.5,60,21.5,35,21,88,4292
09:19:14.161,20.5,61,21.5,25,21,88,4292
09:20:54.423,20.5,40,21.5,35,21,88,4292
09:20:56.246,20.5,40,21.5,25,21,88,4292
09:20:56.864,20.5,41,21.5,25,21,88,4292
09:20:57.787,20.5,61,21.5,25,21,88,4292
09:21:39.10,20.5,51,21.5,25,21,88,4292
09:21:39.303,20.5,31,21.5,25,21,88,4292
09:21:40.36,20.5,30,21.5,25,21,88,4292
09:21:40.265,20.5,30,21.5,35,21,88,4292
09:21:41.108,20.5,20,21.5,25,21,88,4292
09:21:41.809,20.5,30,21.5,25,21,88,4292
09:21:42.396,20.5,51,21.5,25,21,88,4292
09:21:42.895,20.5,50,21.5,35,21,88,4292
09:21:43.384,20.5,51,21.5,25,21,88,4292
09:21:48.465,20.5,61,21.5,25,21,88,4292
09:21:49.378,20.5,60,21.5,25,21,88,4292
09:21:50.36,20.5,61,21.5,25,21,88,4292
09:21:59.434,20.5,60,21.5,25,21,88,4292
09:22:08.440,20.5,60,21.5,35,21,88,4292
09:22:10.290,20.5,60,21.5,25,21,88,4292
09:22:10.741,20.5,40,21.5,25,21,88,4292
09:22:14.17,20.5,30,21.5,25,21,88,4292
09:22:14.298,20.5,50,21.5,25,21,88,4292
09:22:24.471,20.5,60,21.5,25,21,88,4292
09:23:09.10,20.5,50,21.5,25,21,88,4292
09:23:09.427,20.5,30,21.5,25,21,88,4292
09:23:12.142,20.5,30,21,2,21,88,4292
09:23:12.310,20.5,30,21,5,21,88,4292
09:23:13.38,20.5,50,21,5,21,88,4292
09:23:14.453,20.5,50,21,15,21,88,4292
09:23:15.13,20.5,40,21,15,21,88,4292
09:23:17.735,20.5,20,21,15,21,88,4292
09:23:18.470,20.5,30,21,25,21,88,4292
09:23:20.383,20.5,40,21,5,21,88,4292
09:23:24.32,20.5,40,21,3,21,88,4292
09:23:33.227,20.5,40,21,13,21,88,4292
09:23:43.324,20.5,30,21,33,21,88,4292
09:23:45.275,20.5,30,21,23,21,88,4292
09:23:48.854,20.5,30,21,13,21,88,4292
09:24:08.464,20.5,40,21,13,21,88,4292
09:24:43.721,20.5,30,21,13,21,88,4292
09:24:43.776,20.5,40,21,13,21,88,4292
09:24:44.522,20.5,30,21,13,21,88,4292
09:24:48.547,20.5,40,21,13,21,88,4292
09:24:52.266,20.5,30,21,13,21,88,4292
09:24:56.280,20.5,40,21,13,21,88,4292
09:24:56.917,20.5,30,21,13,21,88,4292
09:25:02.846,20.5,30,21,23,21,88,4292
09:25:05.617,20.5,30,21,13,21,88,4292
09:25:05.970,20.5,30,21,23,21,88,4292
09:25:13.304,20.5,30,21,13,21,88,4292
09:25:14.486,20.5,20,21,13,21,88,4292
09:25:15.29,20,40,21,23,21,88,4292
09:25:15.260,20,50,21,23,21,88,4292
09:25:15.745,20,50,21,33,21,88,4292
09:25:16.233,20,50,21,23,21,88,4292
09:25:21.581,20.5,10,21,23,21,88,4292
09:25:21.866,20.5,20,21,13,21,88,4292
09:25:22.285,20.5,30,21,13,21,88,4292
09:25:23.35,20.5,20,21,13,21,88,4292
09:25:30.462,20.5,30,21,13,21,88,4292
09:27:34.717,20.5,20,21,13,21,88,4292
09:29:33.36,20.5,40,21,13,21,88,4292
09:29:38.28,20.5,20,21,23,21,88,4292
09:29:44.525,20.5,40,21,13,21,88,4292
09:29:46.4,20.5,30,21,13,21,88,4292
09:29:57.693,20.5,20,21,23,21,88,4292
09:30:05.539,20.5,30,21,13,21,88,4292
09:30:05.747,20.5,40,21,13,21,88,4292
09:30:32.0,20.5,30,21,13,21,88,4292
09:30:41.801,20.5,40,21,13,21,88,4292
09:30:43.36,20.5,20,21,23,21,88,4292
09:34:12.300,20.5,18,21,23,20.5,92,4292
09:34:13.67,20.5,10,21,23,20.5,96,4292
09:34:13.477,20,50,21,23,20.5,100,4296
09:34:16.481,20,60,21,23,20.5,100,4296
09:34:20.937,20,50,21,23,20.5,100,4296
09:34:28.747,20,60,21,23,20.5,100,4296
09:36:47.497,20.5,10,21,13,20.5,100,4296
09:36:48.112,20.5,30,21,13,20.5,100,4296
09:37:17.182,20.5,20,21,13,20.5,100,4296
09:37:27.906,20.5,30,21,13,20.5,100,4296
09:37:31.927,20.5,20,21,13,20.5,100,4296
09:39:06.444,20.5,30,21,13,20.5,100,4296
09:39:26.637,20.5,40,21,13,20.5,100,4296
09:39:30.482,20.5,30,21,13,20.5,100,4296
09:39:44.878,20.5,20,21,13,20.5,100,4296
09:39:51.627,20.5,20,21,23,20.5,100,4296
09:39:51.868,20.5,20,21,13,20.5,100,4296
09:40:04.483,20.5,30,21,13,20.5,100,4296
09:40:06.269,20.5,30,21,23,20.5,100,4296
09:40:15.774,20.5,30,21,13,20.5,100,4296
09:40:28.354,20.5,30,21,23,20.5,100,4296
09:40:29.747,20.5,30,21,13,20.5,100,4296
09:43:07.3,20.5,41,21,13,20.5,100,4296
09:45:04.661,20.5,41,21,3,21,120,4310
09:45:05.728,20.5,41,21,10,21,120,4310
09:47:02.0,20.5,51,21.5,75,21,120,4310
09:47:02.263,20.5,51,21.5,55,21,120,4310
09:47:02.807,20.5,51,21.5,45,21,120,4310
09:47:07.237,20.5,71,21.5,45,21,120,4310
09:47:46.383,20.5,71,21.5,35,21,120,4310
09:48:06.999,20.5,61,21.5,35,21,120,4310
09:48:07.395,20.5,51,21.5,45,21,120,4310
09:48:09.95,20.5,51,21.5,35,21,120,4310
09:48:09.263,20.5,51,21.5,45,21,120,4310
09:48:09.735,20.5,31,21.5,45,21,120,4310
09:48:11.150,20.5,51,21.5,35,21,120,4310
09:48:14.237,20.5,71,21.5,35,21,120,4310
09:48:49.19,20.5,51,21.5,35,21,120,4310
09:48:49.487,20.5,61,21.5,45,21,120,4310
09:48:49.782,20.5,61,21.5,35,21,120,4310
09:48:50.241,20.5,41,21.5,45,21,120,4310
09:48:52.851,20.5,41,21.5,35,21,120,4310
09:48:53.247,20.5,41,21.5,45,21,120,4310
09:48:54.753,20.5,61,21.5,45,21,120,4310
09:48:55.970,20.5,61,21.5,35,21,120,4310
09:48:56.235,20.5,61,21.5,45,21,120,4310
09:48:59.90,20.5,61,21.5,35,21,120,4310
09:48:59.241,20.5,61,21.5,45,21,120,4310
09:49:02.210,20.5,61,21.5,35,21,120,4310
09:49:02.243,20.5,61,21.5,45,21,120,4310
09:49:05.331,20.5,61,21.5,35,21,120,4310
09:49:05.760,20.5,61,21.5,45,21,120,4310
09:49:06.707,20.5,61,21.5,25,21,120,4310
09:49:07.68,20.5,71,21.5,35,21,120,4310
09:49:58.502,20.5,41,21.5,35,21,120,4310
09:49:59.564,20.5,51,21.5,35,21,120,4310
09:50:03.743,20.5,71,21.5,35,21,120,4310
09:51:53.211,20.5,61,21.5,35,21,120,4310
09:54:50.360,20.5,71,21.5,35,21,120,4310
09:54:53.9,20.5,61,21.5,35,21,120,4310
09:54:53.750,20.5,41,21.5,35,21,120,4310
09:55:02.242,20.5,61,21.5,35,21,120,4310
09:55:04.11,20.5,71,21.5,35,21,120,4310
09:55:04.514,20.5,61,21.5,35,21,120,4310
09:55:05.20,20.5,71,21.5,35,21,120,4310
09:55:05.502,20.5,61,21.5,35,21,120,4310
09:55:06.19,20.5,71,21.5,35,21,120,4310
09:55:06.518,20.5,61,21.5,35,21,120,4310
09:55:07.18,20.5,71,21.5,35,21,120,4310
09:55:07.504,20.5,61,21.5,35,21,120,4310
09:55:08.7,20.5,71,21.5,35,21,120,4310
09:55:08.518,20.5,61,21.5,35,21,120,4310
09:55:09.21,20.5,71,21.5,35,21,120,4310
09:55:09.518,20.5,61,21.5,35,21,120,4310
09:55:10.21,20.5,71,21.5,35,21,120,4310
09:55:10.519,20.5,41,21.5,35,21,120,4310
09:55:11.19,20.5,51,21.5,35,21,120,4310
09:55:11.520,20.5,41,21.5,35,21,120,4310
09:55:12.2,20.5,51,21.5,35,21,120,4310
09:55:16.478,20.5,71,21.5,35,21,120,4310
09:55:26.13,20.5,41,21.5,35,21,120,4310
09:55:26.518,20.5,51,21.5,35,21,120,4310
09:55:34.748,20.5,71,21.5,35,21,120,4310
09:57:58.308,20.5,61,21.5,35,21,120,4310
09:59:05.516,20.5,81,21.5,35,21,120,4310
09:59:05.878,20.5,91,21.5,35,21,120,4310
09:59:13.505,20.5,61,21.5,35,21,120,4310
09:59:36.809,20.5,71,21.5,35,21,120,4310
10:00:02.162,20.5,71,21.5,25,21,120,4310
10:00:02.235,20.5,81,21.5,25,21,120,4310
10:00:02.740,20.5,91,21.5,25,21,120,4310
10:00:03.762,20.5,91,21.5,15,21,120,4310
10:00:04.762,20.5,91,21.5,25,21,120,4310
10:00:19.226,20.5,81,21.5,25,21,120,4310
10:00:39.248,20.5,61,21.5,25,21,120,4310
10:00:40.176,20.5,61,21.5,35,21,120,4310
10:00:44.172,20.5,71,21.5,15,21,120,4310
10:00:44.330,20.5,41,21.5,15,21,120,4310
10:00:45.267,20.5,51,21.5,15,21,120,4310
10:00:48.495,20.5,61,21.5,15,21,120,4310
10:00:48.751,20.5,81,21.5,15,21,120,4310
10:00:50.375,20.5,81,21.5,25,21,120,4310
10:01:07.36,20.5,71,21.5,25,21,120,4310
10:01:07.662,20.5,41,21.5,35,21,120,4310
10:01:15.317,20.5,61,21.5,35,21,120,4310
10:01:16.488,20.5,71,21.5,35,21,120,4310
10:02:20.980,20.5,81,21.5,35,21,120,4310
10:02:21.518,20.5,101,21.5,25,21,120,4310
10:02:27.225,20.5,91,21.5,25,21,120,4310
10:07:55.281,20.5,91,21.5,15,21,120,4310
10:07:56.945,20.5,91,21.5,25,21,120,4310
10:09:34.770,20.5,91,21.5,15,21,120,4310
10:09:35.796,20.5,91,21.5,25,21,120,4310
10:10:35.747,20.5,81,21.5,25,21,120,4310
10:10:37.328,20.5,61,21.5,25,21,120,4310
10:10:37.746,20.5,51,21.5,25,21,120,4310
10:10:38.245,20.5,61,21.5,25,21,120,4310
10:10:41.248,20.5,81,21.5,25,21,120,4310
10:10:46.504,20.5,91,21.5,25,21,120,4310
10:11:20.904,20.5,61,21.5,25,21,120,4310
10:11:22.250,20.5,71,21.5,25,21,120,4310
10:11:27.743,20.5,91,21.5,25,21,120,4310
10:11:40.742,20.5,81,21.5,25,21,120,4310
10:11:41.248,20.5,61,21.5,25,21,120,4310
10:11:44.263,20.5,81,21.5,25,21,120,4310
10:11:52.738,20.5,91,21.5,25,21,120,4310
10:11:53.533,20.5,61,21.5,35,21,120,4310
10:11:58.22,20.5,81,21.5,25,21,120,4310
10:11:58.684,20.5,91,21.5,15,21,120,4310
10:11:58.766,20.5,91,21.5,25,21,120,4310
10:12:22.482,20.5,81,21.5,25,21,120,4310
10:12:23.44,20.5,61,21.5,35,21,120,4310
10:12:23.246,20.5,51,21.5,35,21,120,4310
10:12:26.740,20.5,71,21.5,35,21,120,4310
10:12:48.161,20.5,61,21.5,35,21,120,4310
10:13:07.848,20.5,60,21.5,35,21,120,4310
10:14:01.926,20.5,70,21.5,35,21,120,4310
10:14:50.479,20.5,60,21.5,35,21,120,4310
10:14:55.667,20.5,50,21.5,25,21,120,4310
10:14:55.767,20.5,40,21.5,15,21,120,4310
10:14:56.234,20.5,40,21.5,5,21,120,4310
10:14:57.142,20.5,30,21.5,5,21,120,4310
10:14:58.697,20.5,10,21.5,5,21,120,4310
10:30:01.164,20.5,20,21.5,15,21,120,4310
10:30:01.232,20.5,20,21.5,5,21,120,4310
10:30:03.316,20.5,30,21.5,5,21,120,4310
10:30:10.850,20.5,30,21.5,3,21,120,4310
10:30:11.297,20.5,50,21.5,3,21,120,4310
10:30:16.786,20.5,60,21.5,13,21,120,4310
10:30:24.513,20.5,50,21.5,13,21,120,4310
10:30:24.757,20.5,70,21.5,13,21,120,4310
10:30:33.273,20.5,40,21.5,13,21,120,4310
10:30:34.519,20.5,50,21.5,13,21,120,4310
10:30:39.732,20.5,70,21.5,13,21,120,4310
10:30:44.460,20.5,60,21.5,3,21,120,4310
10:31:05.365,20.5,60,21.5,5,21,120,4310
10:31:19.245,20.5,70,21.5,5,21,120,4310
10:31:56.192,20.5,80,21.5,5,21,120,4310
10:33:17.223,20.5,80,21.5,15,21,120,4310
10:33:32.911,20.5,70,21.5,15,21,120,4310
10:33:33.685,20.5,50,21.5,15,21,120,4310
10:33:34.152,20.5,50,21.5,25,21,120,4310
10:33:44.235,20.5,70,21.5,25,21,120,4310
10:33:46.686,20.5,80,21.5,15,21,120,4310
10:33:59.322,20.5,50,21.5,15,21,120,4310
10:34:02.749,20.5,80,21.5,15,21,120,4310
10:35:18.873,20.5,40,21.5,15,21,120,4310
10:35:19.391,20.5,50,21.5,15,21,120,4310
10:35:25.736,20.5,70,21.5,15,21,120,4310
10:35:34.183,20.5,40,21.5,15,21,120,4310
10:35:37.501,20.5,40,21.5,25,21,120,4310
10:35:44.254,20.5,60,21.5,25,21,120,4310
10:35:45.4,20.5,70,21.5,15,21,120,4310
10:35:50.746,20.5,60,21.5,15,21,120,4310
10:35:59.9,20.5,60,21.5,25,21,120,4310
10:35:59.273,20.5,40,21.5,25,21,120,4310
10:36:04.156,20.5,60,21.5,15,21,120,4310
10:36:04.749,20.5,70,21.5,15,21,120,4310
10:36:17.977,20.5,80,21.5,15,21,120,4310
10:37:49.622,20.5,70,21.5,15,21,120,4310
10:40:21.476,21,20,21.5,15,21,120,4310
10:40:21.892,21,30,21.5,15,21,120,4310
10:40:47.658,21,20,21.5,15,21,120,4310
10:40:47.728,21,30,21.5,15,21,120,4310
10:40:52.361,21,30,21.5,12,21,120,4310
10:41:17.141,21,40,21.5,12,21,120,4310
10:41:29.3,21,30,21.5,12,21,120,4310
10:42:11.14,21,30,21.5,10,21,120,4310
10:42:30.202,21,31,21.5,10,21,120,4310
10:42:40.743,21,21,21.5,10,21,120,4310
10:42:41.287,21,21,21.5,13,21,120,4310
10:42:50.519,21,31,21.5,13,21,120,4310
10:44:41.854,21,41,21.5,13,21,120,4310
10:44:49.695,21,31,21.5,13,21,120,4310
10:45:49.440,21,21,21.5,13,21,120,4310
10:45:58.517,21,31,21.5,13,21,120,4310
10:46:19.714,21,31,21.5,23,21,120,4310
10:48:09.698,21,31,21.5,13,21,120,4310
10:51:29.385,21,31,21.5,23,21,120,4310
10:51:31.27,21,31,21.5,13,21,120,4310
10:52:52.974,21,21,21.5,13,21,120,4310
10:53:02.521,21,31,21.5,13,21,120,4310
10:54:14.457,21,21,21.5,13,21,120,4310
10:54:16.917,21,31,21.5,13,21,120,4310
10:54:46.991,21,21,21.5,13,21,120,4310
10:54:56.539,21,31,21.5,13,21,120,4310
10:55:27.458,21,21,21.5,23,21,120,4310
10:55:28.453,21,21,21.5,13,21,120,4310
10:55:36.521,21,31,21.5,13,21,120,4310
10:55:56.820,21,41,21.5,13,21,120,4310
10:56:08.206,21,31,21.5,13,21,120,4310
10:59:53.27,21,41,21.5,13,21,120,4310
11:00:01.485,21,41,22,53,21,120,4310
11:00:01.912,21,41,22,33,21,120,4310
11:00:03.78,21,41,22,23,21,120,4310
11:00:05.69,21,41,22,25,21,120,4310
11:00:05.272,21,61,22,25,21,120,4310
11:00:18.227,21,71,22,25,21,120,4310
11:00:29.70,21,71,22,23,21,120,4310
11:00:39.16,21,51,22,23,21,120,4310
11:00:42.369,21,61,22,23,21,120,4310
11:00:43.241,21,71,22,23,21,120,4310
11:00:44.77,21,81,22,23,21,120,4310
11:00:48.716,21,71,22,13,21,120,4310
11:00:48.778,21,81,22,13,21,120,4310
11:00:53.638,21,41,22,23,21,120,4310
11:00:57.267,21,61,22,23,21,120,4310
11:01:02.22,21,81,22,13,21,120,4310
11:01:35.29,21,41,22,23,21,120,4310
11:01:37.746,21,61,22,23,21,120,4310
11:01:49.39,21,61,22,13,21,120,4310
11:01:52.688,21,61,22,23,21,120,4310
11:01:55.31,21,71,22,13,21,120,4310
11:02:09.317,21,81,22,13,21,120,4310
11:02:20.259,21,71,22,13,21,120,4310
11:02:46.472,21,61,22,13,21,120,4310
11:02:55.28,21.5,10,22,13,21,120,4310
11:02:55.701,21.5,30,22,13,21,120,4310
11:03:02.570,21.5,20,22,13,21,120,4310
11:04:04.31,21.5,20,22,23,21,120,4310
11:04:13.188,21.5,20,22,13,21,120,4310
11:04:32.790,21.5,20,22,10,21,120,4310
11:06:06.683,21.5,20,22.5,43,21,120,4310
11:06:06.859,21.5,30,22.5,33,21,120,4310
11:06:07.543,21.5,20,22.5,33,21,120,4310
11:06:08.79,21.5,20,22.5,23,21,120,4310
11:06:10.685,21.5,50,22.5,23,21,120,4310
11:07:12.862,21.5,60,22.5,23,21,120,4310
11:07:20.184,21.5,50,22.5,23,21,120,4310
11:07:20.227,21.5,60,22.5,23,21,120,4310
11:07:23.171,21.5,30,22.5,23,21,120,4310
11:07:30.744,21.5,50,22.5,23,21,120,4310
11:08:04.85,21.5,60,22.5,23,21,120,4310
11:08:11.570,21.5,70,22.5,23,21,120,4310
11:08:11.779,21.5,60,22.5,23,21,120,4310
11:08:16.873,21.5,70,22.5,23,21,120,4310
11:08:20.567,21.5,60,22.5,23,21,120,4310
11:08:30.725,21.5,50,22.5,23,21,120,4310
11:08:52.979,21.5,60,22.5,13,21,120,4310
11:08:54.92,21.5,60,22.5,23,21,120,4310
11:08:54.496,21.5,70,22.5,13,21,120,4310
11:08:55.80,21.5,60,22.5,13,21,120,4310
11:08:55.485,21.5,50,22.5,23,21,120,4310
11:09:06.34,21.5,60,22.5,13,21,120,4310
11:09:11.518,21.5,50,22.5,13,21,120,4310
11:09:11.877,21.5,50,23,53,21,120,4310
11:09:12.677,21.5,60,23,33,21,120,4310
11:09:13.587,21.5,60,23,23,21,120,4310
11:09:14.80,21.5,70,23,23,21,120,4310
11:09:15.80,21.5,60,23,23,21,120,4310
11:09:15.245,21.5,50,23,23,21,120,4310
11:09:15.777,21.5,30,23,23,21,120,4310
11:09:19.406,21.5,60,23,23,21,120,4310
11:09:20.24,21.5,70,23,23,21,120,4310
11:09:20.551,21.5,80,23,23,21,120,4310
11:09:20.839,21.5,60,23,23,21,120,4310
11:09:39.686,21.5,70,23,23,21,120,4310
11:09:40.337,21.5,60,23,23,21,120,4310
11:09:44.664,21.5,80,23,23,21,120,4310
11:09:46.484,22,10,23,23,21,120,4310
11:09:47.479,22,30,23,23,21,120,4310
11:09:53.779,22,30,23,13,21,120,4310
11:09:54.284,22,50,23,13,21,120,4310
11:10:02.169,22,50,23,23,21,120,4310
11:10:11.991,22,40,23,23,21,120,4310
11:10:12.501,22,50,23,23,21,120,4310
11:10:17.108,22.5,10,23,13,21,120,4310
11:10:18.80,22.5,20,23,13,21,120,4310
11:10:26.535,22.5,30,23,13,21,120,4310
11:10:31.591,22.5,30,23,3,21,120,4310
11:10:33.12,22.5,20,23,13,21,120,4310
11:10:34.691,22.5,30,23,3,21,120,4310
11:10:36.888,22.5,30,23.5,63,21,120,4310
11:10:38.882,22.5,30,23.5,53,21,120,4310
11:10:41.830,22.5,50,23.5,23,21,120,4310
11:10:47.774,22.5,30,23.5,23,21,120,4310
11:10:50.825,22.5,50,23.5,23,21,120,4310
11:10:57.102,22.5,30,23.5,23,21,120,4310
11:11:00.755,22.5,50,23.5,23,21,120,4310
11:11:14.837,22.5,30,23.5,23,21,120,4310
11:11:18.485,22.5,20,23.5,33,21,120,4310
11:11:19.81,22.5,20,23.5,43,21,120,4310
11:11:20.81,22.5,20,23.5,33,21,120,4310
11:11:23.729,22.5,20,23.5,23,21,120,4310
11:11:24.235,22.5,40,23.5,23,21,120,4310
11:11:27.133,22.5,50,23.5,23,21,120,4310
11:11:29.300,22.5,40,23.5,23,21,120,4310
11:11:34.256,22.5,40,23.5,33,21,120,4310
11:11:37.808,22.5,40,23.5,43,21,120,4310
11:11:38.323,22.5,20,23.5,33,21,120,4310
11:11:38.979,22.5,20,23.5,23,21,120,4310
11:11:40.493,22.5,20,23.5,33,21,120,4310
11:11:41.980,22.5,20,23.5,23,21,120,4310
11:11:42.557,22.5,40,23.5,23,21,120,4310
11:12:05.698,22.5,30,23.5,23,21,120,4310
11:12:08.182,22.5,40,23.5,23,21,120,4310
11:12:19.420,22.5,20,23.5,33,21,120,4310
11:12:20.128,22.5,20,23.5,43,21,120,4310
11:12:20.385,22.5,20,23.5,23,21,120,4310
11:12:22.735,22.5,40,23.5,23,21,120,4310
11:12:29.228,22.5,40,23.5,33,21,120,4310
11:13:17.770,22.5,40,23.5,43,21,120,4310
11:13:21.858,22.5,30,23.5,43,21,120,4310
11:13:38.493,22.5,30,23.5,33,21,120,4310
11:13:40.795,22.5,30,23.5,43,21,120,4310
11:13:42.508,22.5,30,23.5,33,21,120,4310
11:13:48.509,22.5,40,23.5,33,21,120,4310
11:13:49.880,22.5,50,23.5,33,21,120,4310
11:14:00.288,22.5,50,23.5,23,21,120,4310
11:14:14.130,22.5,50,23.5,33,21,120,4310
11:14:25.408,22.5,40,23.5,33,21,120,4310
11:14:27.459,22.5,40,23.5,23,21,120,4310
11:14:44.498,22.5,40,23.5,13,21,120,4310
11:14:45.230,22.5,50,23.5,13,21,120,4310
11:15:03.769,22.5,60,23.5,13,21,120,4310
11:15:35.724,22.5,50,23.5,13,21,120,4310
11:17:25.496,22.5,50,23.5,23,21,120,4310
11:17:27.759,22.5,50,23.5,33,21,120,4310
11:17:30.549,22.5,50,23.5,23,21,120,4310
11:17:30.747,22.5,50,23.5,33,21,120,4310
11:17:33.667,22.5,50,23.5,23,21,120,4310
11:17:33.742,22.5,50,23.5,33,21,120,4310
11:17:36.791,22.5,50,23.5,23,21,120,4310
11:17:37.240,22.5,50,23.5,33,21,120,4310
11:17:40.164,22.5,50,23.5,23,21,120,4310
11:17:40.242,22.5,50,23.5,33,21,120,4310
11:17:42.83,22.5,50,23.5,43,21,120,4310
11:17:42.305,22.5,30,23.5,43,21,120,4310
11:17:43.28,22.5,30,23.5,33,21,120,4310
11:17:46.748,22.5,30,23.5,43,21,120,4310
11:17:49.268,22.5,30,23.5,23,21,120,4310
11:17:49.744,22.5,50,23.5,33,21,120,4310
11:17:52.386,22.5,50,23.5,23,21,120,4310
11:17:52.737,22.5,50,23.5,33,21,120,4310
11:17:54.45,22.5,50,23.5,43,21,120,4310
11:17:55.515,22.5,50,23.5,33,21,120,4310
11:17:55.739,22.5,50,23.5,43,21,120,4310
11:17:58.638,22.5,50,23.5,33,21,120,4310
11:17:58.748,22.5,50,23.5,43,21,120,4310
11:18:01.832,22.5,50,23.5,33,21,120,4310
11:18:02.249,22.5,50,23.5,43,21,120,4310
11:18:04.881,22.5,50,23.5,33,21,120,4310
11:18:05.246,22.5,50,23.5,43,21,120,4310
11:18:08.10,22.5,50,23.5,33,21,120,4310
11:18:08.239,22.5,50,23.5,43,21,120,4310
11:18:11.134,22.5,50,23.5,33,21,120,4310
11:18:11.253,22.5,50,23.5,43,21,120,4310
11:18:14.257,22.5,50,23.5,33,21,120,4310
11:18:14.738,22.5,50,23.5,43,21,120,4310
11:18:17.381,22.5,50,23.5,33,21,120,4310
11:18:17.736,22.5,50,23.5,43,21,120,4310
11:18:20.502,22.5,50,23.5,33,21,120,4310
11:18:20.754,22.5,50,23.5,43,21,120,4310
11:18:23.620,22.5,50,23.5,33,21,120,4310
11:18:23.752,22.5,50,23.5,43,21,120,4310
11:18:26.747,22.5,50,23.5,33,21,120,4310
11:18:27.240,22.5,50,23.5,43,21,120,4310
11:18:29.868,22.5,50,23.5,33,21,120,4310
11:18:30.240,22.5,50,23.5,43,21,120,4310
11:18:33.0,22.5,50,23.5,33,21,120,4310
11:18:33.232,22.5,50,23.5,43,21,120,4310
11:18:36.139,22.5,50,23.5,33,21,120,4310
11:18:36.246,22.5,50,23.5,43,21,120,4310
11:18:39.274,22.5,50,23.5,33,21,120,4310
11:18:39.747,22.5,50,23.5,43,21,120,4310
11:18:42.391,22.5,50,23.5,33,21,120,4310
11:18:42.793,22.5,50,23.5,43,21,120,4310
11:18:43.674,22.5,30,23.5,43,21,120,4310
11:18:44.702,22.5,30,23.5,33,21,120,4310
11:18:46.478,22,50,23.5,33,21,120,4310
11:18:46.901,22,60,23.5,33,21,120,4310
11:19:01.674,22.5,10,23.5,33,21,120,4310
11:19:02.477,22.5,30,23.5,33,21,120,4310
11:19:04.264,22.5,30,23.5,23,21,120,4310
11:19:04.753,22.5,30,23.5,33,21,120,4310
11:19:07.379,22.5,30,23.5,23,21,120,4310
11:19:07.757,22.5,30,23.5,43,21,120,4310
11:19:10.516,22.5,30,23.5,33,21,120,4310
11:19:10.748,22.5,50,23.5,43,21,120,4310
11:19:13.638,22.5,50,23.5,33,21,120,4310
11:19:13.739,22.5,50,23.5,43,21,120,4310
11:19:16.862,22.5,50,23.5,33,21,120,4310
11:19:17.248,22.5,50,23.5,43,21,120,4310
11:19:19.887,22.5,50,23.5,33,21,120,4310
11:19:20.233,22.5,50,23.5,43,21,120,4310
11:19:23.11,22.5,50,23.5,33,21,120,4310
11:19:23.234,22.5,50,23.5,43,21,120,4310
11:19:26.129,22.5,50,23.5,33,21,120,4310
11:19:26.252,22.5,50,23.5,43,21,120,4310
11:19:29.251,22.5,50,23.5,33,21,120,4310
11:19:32.369,22.5,50,23.5,23,21,120,4310
11:19:32.748,22.5,50,23.5,33,21,120,4310
11:19:35.487,22.5,50,23.5,23,21,120,4310
11:19:35.734,22.5,50,23.5,33,21,120,4310
11:19:38.607,22.5,50,23.5,23,21,120,4310
11:19:39.203,22.5,10,23.5,33,21,120,4310
11:19:40.184,22,60,23.5,33,21,120,4310
11:19:41.3,22.5,10,23.5,33,21,120,4310
11:19:41.397,22.5,20,23.5,33,21,120,4310
11:19:41.860,22.5,30,23.5,23,21,120,4310
11:19:42.268,22.5,30,23.5,33,21,120,4310
11:19:42.838,22.5,30,23.5,43,21,120,4310
11:19:43.726,22.5,30,23.5,33,21,120,4310
11:19:44.867,22.5,30,23.5,23,21,120,4310
11:19:45.243,22.5,30,23.5,33,21,120,4310
11:19:47.990,22.5,30,23.5,23,21,120,4310
11:19:48.238,22.5,30,23.5,33,21,120,4310
11:19:51.118,22.5,30,23.5,23,21,120,4310
11:19:51.276,22.5,50,23.5,43,21,120,4310
11:19:54.250,22.5,50,23.5,33,21,120,4310
11:19:54.748,22.5,50,23.5,43,21,120,4310
11:19:57.362,22.5,50,23.5,33,21,120,4310
11:20:00.479,22.5,50,23.5,23,21,120,4310
11:20:01.496,22.5,30,23.5,33,21,120,4310
11:20:01.999,22.5,20,23.5,33,21,120,4310
11:20:03.646,22.5,20,23.5,23,21,120,4310
11:20:04.114,22.5,20,23.5,43,21,120,4310
11:20:04.689,22.5,40,23.5,33,21,120,4310
11:20:06.837,22.5,40,23.5,23,21,120,4310
11:20:07.706,22.5,40,23.5,33,21,120,4310
11:20:09.874,22.5,40,23.5,23,21,120,4310
11:20:10.233,22.5,40,23.5,33,21,120,4310
11:20:12.998,22.5,40,23.5,23,21,120,4310
11:20:13.234,22.5,40,23.5,33,21,120,4310
11:20:15.707,22.5,20,23.5,33,21,120,4310
11:20:16.119,22.5,20,23.5,23,21,120,4310
11:20:16.249,22.5,20,23.5,33,21,120,4310
11:20:19.244,22.5,20,23.5,23,21,120,4310
11:20:19.743,22.5,40,23.5,33,21,120,4310
11:20:20.499,22.5,50,23.5,23,21,120,4310
11:20:22.361,22.5,50,23.5,13,21,120,4310
11:20:22.746,22.5,50,23.5,23,21,120,4310
11:20:25.482,22.5,50,23.5,13,21,120,4310
11:20:25.734,22.5,50,23.5,23,21,120,4310
11:20:28.600,22.5,50,23.5,13,21,120,4310
11:20:28.748,22.5,50,23.5,23,21,120,4310
11:20:29.395,22.5,30,23.5,23,21,120,4310
11:20:31.743,22.5,30,23.5,13,21,120,4310
11:20:32.233,22.5,30,23.5,23,21,120,4310
11:20:32.728,22.5,50,23.5,23,21,120,4310
11:20:34.857,22.5,50,23.5,13,21,120,4310
11:20:35.289,22.5,50,23.5,23,21,120,4310
11:20:37.988,22.5,50,23.5,13,21,120,4310
11:20:38.239,22.5,50,23.5,23,21,120,4310
11:20:41.113,22.5,50,23.5,13,21,120,4310
11:20:41.247,22.5,50,23.5,23,21,120,4310
11:20:44.242,22.5,50,23.5,13,21,120,4310
11:20:44.737,22.5,50,23.5,23,21,120,4310
11:20:47.362,22.5,50,23.5,13,21,120,4310
11:20:47.744,22.5,50,23.5,23,21,120,4310
11:20:50.491,22.5,50,23.5,13,21,120,4310
11:20:50.733,22.5,50,23.5,23,21,120,4310
11:20:53.615,22.5,50,23.5,13,21,120,4310
11:20:53.733,22.5,50,23.5,23,21,120,4310
11:20:56.749,22.5,50,23.5,13,21,120,4310
11:20:57.232,22.5,50,23.5,23,21,120,4310
11:20:58.259,22.5,10,23.5,23,21,120,4310
11:20:58.863,22.5,20,23.5,33,21,120,4310
11:20:59.866,22.5,20,23.5,23,21,120,4310
11:21:00.251,22.5,20,23.5,33,21,120,4310
11:21:02.995,22.5,20,23.5,23,21,120,4310
11:21:03.356,22.5,40,23.5,33,21,120,4310
11:21:06.123,22.5,40,23.5,23,21,120,4310
11:21:06.353,22.5,40,23.5,33,21,120,4310
11:21:08.540,22.5,50,23.5,33,21,120,4310
11:21:09.267,22.5,50,23.5,23,21,120,4310
11:21:09.741,22.5,50,23.5,33,21,120,4310
11:21:12.392,22.5,50,23.5,23,21,120,4310
11:21:12.745,22.5,50,23.5,33,21,120,4310
11:21:14.691,22.5,20,23.5,43,21,120,4310
11:21:16.84,22.5,20,23.5,33,21,120,4310
11:21:18.652,22.5,50,23.5,23,21,120,4310
11:21:18.760,22.5,40,23.5,23,21,120,4310
11:21:19.637,22.5,30,23.5,23,21,120,4310
11:21:20.42,22.5,40,23.5,33,21,120,4310
11:21:38.766,22.5,30,23.5,33,21,120,4310
11:21:39.432,22.5,30,23.5,43,21,120,4310
11:21:43.707,22.5,30,23.5,33,21,120,4310
11:21:48.538,22.5,40,23.5,33,21,120,4310
11:21:48.902,22.5,40,23.5,43,21,120,4310
11:21:49.366,22.5,40,23.5,53,21,120,4310
11:22:21.218,22.5,10,23.5,43,21,120,4310
11:22:21.234,22.5,10,23.5,53,21,120,4310
11:22:21.754,22,30,23.5,53,21,120,4310
11:22:24.85,22,30,23.5,43,21,120,4310
11:22:30.595,22,40,23.5,43,21,120,4310
11:22:32.144,22.5,10,23.5,43,21,120,4310
11:22:32.226,22.5,20,23.5,43,21,120,4310
11:22:33.211,22.5,20,23.5,53,21,120,4310
11:22:35.231,22.5,40,23.5,53,21,120,4310
11:22:40.98,22,29,22.5,1,22.5,122,4310
11:22:40.300,22,39,22.5,1,22.5,122,4310
11:22:41.980,22,40,22.5,11,22.5,122,4310
11:22:42.224,22,40,22.5,21,22.5,122,4310
11:22:43.161,22,40,22.5,11,22.5,122,4310
11:22:43.282,22,40,22.5,21,22.5,122,4310
11:22:47.253,22,40,22.5,31,22.5,122,4310
11:22:47.725,22,20,22.5,31,22.5,122,4310
11:22:49.427,22,20,22.5,21,22.5,122,4310
11:22:49.747,22,20,22.5,31,22.5,122,4310
11:22:52.561,22,20,22.5,21,22.5,122,4310
11:22:53.86,22,20,22.5,30,22.5,122,4310
11:22:54.495,22,20,22.5,33,22.5,122,4310
11:22:55.690,22,20,22.5,23,22.5,122,4310
11:22:55.759,22,20,22.5,33,22.5,122,4310
11:22:58.498,21.5,50,22.5,33,22.5,122,4310
11:22:58.825,21.5,60,22.5,23,22.5,122,4310
11:22:59.267,21.5,60,22.5,33,22.5,122,4310
11:23:01.956,21.5,60,22.5,23,22.5,122,4310
11:23:02.260,21.5,60,22.5,33,22.5,122,4310
11:23:05.86,21.5,60,22.5,23,22.5,122,4310
11:23:05.242,21.5,60,22.5,33,22.5,122,4310
11:23:11.352,21.5,60,22.5,13,22.5,122,4310
11:23:11.746,21.5,60,22.5,23,22.5,122,4310
11:23:14.482,21.5,60,22.5,13,22.5,122,4310
11:23:14.740,21.5,60,22.5,23,22.5,122,4310
11:23:17.616,21.5,60,22.5,13,22.5,122,4310
11:23:17.737,21.5,60,22.5,23,22.5,122,4310
11:23:18.726,21.5,60,22.5,33,22.5,122,4310
11:23:20.753,21.5,60,22.5,23,22.5,122,4310
11:23:21.253,21.5,60,22.5,33,22.5,122,4310
11:23:23.886,21.5,60,22.5,23,22.5,122,4310
11:23:24.239,21.5,60,22.5,33,22.5,122,4310
11:23:27.12,21.5,60,22.5,23,22.5,122,4310
11:23:27.250,21.5,60,22.5,33,22.5,122,4310
11:23:30.140,21.5,60,22.5,23,22.5,122,4310
11:23:30.241,21.5,60,22.5,33,22.5,122,4310
11:23:33.270,21.5,60,22.5,23,22.5,122,4310
11:23:33.748,21.5,60,22.5,33,22.5,122,4310
11:23:36.488,21.5,60,22.5,23,22.5,122,4310
11:23:36.754,21.5,60,22.5,33,22.5,122,4310
11:23:39.540,21.5,60,22.5,23,22.5,122,4310
11:23:42.672,21.5,60,22.5,13,22.5,122,4310
11:23:42.742,21.5,60,22.5,23,22.5,122,4310
11:23:45.802,21.5,50,22.5,13,22.5,122,4310
11:23:46.281,21.5,50,22.5,23,22.5,122,4310
11:23:46.896,21.5,50,22.5,33,22.5,122,4310
11:23:48.926,21.5,50,22.5,23,22.5,122,4310
11:23:49.235,21.5,50,22.5,33,22.5,122,4310
11:23:52.53,21.5,50,22.5,23,22.5,122,4310
11:23:52.269,21.5,50,22.5,33,22.5,122,4310
11:23:55.182,21.5,50,22.5,23,22.5,122,4310
11:23:55.238,21.5,50,22.5,33,22.5,122,4310
11:23:58.319,21.5,50,22.5,23,22.5,122,4310
11:23:58.738,21.5,50,22.5,33,22.5,122,4310
11:24:01.443,21.5,50,22.5,23,22.5,122,4310
11:24:01.748,21.5,50,22.5,33,22.5,122,4310
11:24:04.567,21.5,50,22.5,23,22.5,122,4310
11:24:04.769,21.5,50,22.5,33,22.5,122,4310
11:24:07.715,21.5,50,22.5,23,22.5,122,4310
11:24:07.741,21.5,50,22.5,33,22.5,122,4310
11:24:10.861,21.5,50,22.5,23,22.5,122,4310
11:24:11.256,21.5,50,22.5,33,22.5,122,4310
11:24:13.993,21.5,50,22.5,23,22.5,122,4310
11:24:14.280,21.5,50,22.5,33,22.5,122,4310
11:24:17.123,21.5,50,22.5,23,22.5,122,4310
11:24:17.273,21.5,50,22.5,33,22.5,122,4310
11:24:20.362,21.5,50,22.5,23,22.5,122,4310
11:24:20.742,21.5,50,22.5,33,22.5,122,4310
11:24:23.145,22,10,22.5,13,22.5,122,4310
11:24:23.673,22,20,22.5,13,22.5,122,4310
11:24:24.318,22,20,22.5,23,22.5,122,4310
11:25:32.691,22,10,22.5,23,22.5,122,4310
11:25:34.123,21.5,60,22.5,23,22.5,122,4310
11:25:34.224,21.5,70,22.5,23,22.5,122,4310
11:25:49.723,21.5,60,22.5,23,22.5,122,4310
11:26:21.351,21.5,60,22.5,33,22.5,122,4310
11:26:22.875,21.5,60,22.5,23,22.5,122,4310
11:26:26.402,21.5,70,22.5,13,22.5,122,4310
11:26:31.1,21.5,40,22.5,23,22.5,122,4310
11:26:36.242,21.5,60,22.5,23,22.5,122,4310
11:26:37.191,21.5,70,22.5,23,22.5,122,4310
11:26:38.730,21.5,60,22.5,23,22.5,122,4310
11:26:39.362,21.5,40,22.5,23,22.5,122,4310
11:26:47.235,21.5,60,22.5,23,22.5,122,4310
11:26:58.0,21.5,60,22.5,13,22.5,122,4310
11:26:59.6,21.5,60,22.5,23,22.5,122,4310
11:26:59.508,21.5,70,22.5,13,22.5,122,4310
11:27:01.726,21.5,60,22.5,13,22.5,122,4310
11:27:04.3,21.5,60,22.5,23,22.5,122,4310
11:27:04.494,21.5,60,22.5,13,22.5,122,4310
11:27:08.202,21.5,60,22.5,23,22.5,122,4310
11:27:11.236,21.5,40,22.5,23,22.5,122,4310
11:27:19.264,21.5,60,22.5,23,22.5,122,4310
11:27:42.151,21.5,40,22.5,23,22.5,122,4310
11:27:42.349,21.5,40,22.5,43,22.5,122,4310
11:27:43.614,21.5,40,22.5,23,22.5,122,4310
11:27:43.797,21.5,20,22.5,33,22.5,122,4310
11:27:46.768,21.5,20,22.5,23,22.5,122,4310
11:27:47.250,21.5,20,22.5,33,22.5,122,4310
11:27:47.731,21.5,40,22.5,33,22.5,122,4310
11:27:49.870,21.5,40,22.5,23,22.5,122,4310
11:27:50.252,21.5,40,22.5,33,22.5,122,4310
11:27:51.555,21.5,50,22.5,23,22.5,122,4310
11:27:52.78,21.5,50,22.5,33,22.5,122,4310
11:27:52.587,21.5,60,22.5,13,22.5,122,4310
11:27:58.813,21.5,60,22.5,23,22.5,122,4310
11:27:59.319,21.5,50,22.5,23,22.5,122,4310
11:27:59.773,21.5,50,22.5,33,22.5,122,4310
11:28:02.372,21.5,30,22.5,23,22.5,122,4310
11:28:02.835,21.5,40,22.5,13,22.5,122,4310
11:28:03.856,21.5,30,22.5,33,22.5,122,4310
11:28:05.501,21.5,30,22.5,23,22.5,122,4310
11:28:06.186,21.5,30,22.5,33,22.5,122,4310
11:28:08.632,21.5,50,22.5,23,22.5,122,4310
11:28:08.750,21.5,50,22.5,33,22.5,122,4310
11:28:11.758,21.5,50,22.5,23,22.5,122,4310
11:28:12.248,21.5,50,22.5,33,22.5,122,4310
11:28:14.880,21.5,50,22.5,23,22.5,122,4310
11:28:16.241,21.5,50,22.5,33,22.5,122,4310
11:28:18.17,21.5,50,22.5,23,22.5,122,4310
11:28:19.244,21.5,50,22.5,33,22.5,122,4310
11:28:21.170,21.5,50,22.5,13,22.5,122,4310
11:28:21.253,21.5,50,22.5,33,22.5,122,4310
11:28:21.733,21.5,50,22.5,23,22.5,122,4310
11:28:24.297,21.5,50,22.5,13,22.5,122,4310
11:28:24.763,21.5,50,22.5,23,22.5,122,4310
11:28:25.363,21.5,60,22.5,13,22.5,122,4310
11:28:25.790,21.5,50,22.5,23,22.5,122,4310
11:28:27.432,21.5,50,22.5,13,22.5,122,4310
11:28:27.736,21.5,50,22.5,23,22.5,122,4310
11:28:30.573,21.5,50,22.5,13,22.5,122,4310
11:28:30.819,21.5,50,22.5,33,22.5,122,4310
11:28:33.704,21.5,50,22.5,23,22.5,122,4310
11:28:33.765,21.5,50,22.5,33,22.5,122,4310
11:28:36.224,21.5,50,22.5,23,22.5,122,4310
11:28:36.869,21.5,50,22.5,13,22.5,122,4310
11:28:37.599,21.5,60,22.5,13,22.5,122,4310
11:28:49.510,22,10,22.5,23,22.5,122,4310
11:28:50.86,21.5,20,22.5,13,22.5,122,4310
11:28:50.281,21.5,30,22.5,23,22.5,122,4310
11:28:52.698,21.5,30,22.5,13,22.5,122,4310
11:28:52.741,21.5,30,22.5,23,22.5,122,4310
11:28:55.640,21.5,30,22.5,13,22.5,122,4310
11:28:55.740,21.5,30,22.5,33,22.5,122,4310
11:28:58.860,21.5,50,22.5,23,22.5,122,4310
11:28:59.264,21.5,50,22.5,33,22.5,122,4310
11:29:01.160,22,10,22.5,13,22.5,122,4310
11:29:02.307,22,20,22.5,23,22.5,122,4310
11:29:24.741,22,20,22.5,13,22.5,122,4310
11:29:25.232,22,20,22.5,23,22.5,122,4310
11:29:30.54,22,20,22.5,20,22.5,122,4310
11:29:37.204,22,10,22.5,20,22.5,122,4310
11:29:37.475,21.5,60,22.5,20,22.5,122,4310
11:29:39.762,21.5,70,22.5,10,22.5,122,4310
11:29:43.255,21.5,60,22.5,20,22.5,122,4310
11:29:44.270,21.5,70,22.5,10,22.5,122,4310
11:29:45.699,22,10,22.5,10,22.5,122,4310
11:29:46.86,22,20,22.5,10,22.5,122,4310
11:29:46.364,22,30,22.5,20,22.5,122,4310
11:29:47.208,22,30,22.5,10,22.5,122,4310
11:29:47.599,22,20,22.5,10,22.5,122,4310
11:29:50.201,22,10,22.5,10,22.5,122,4310
11:29:50.480,21.5,50,22.5,10,22.5,122,4310
11:29:54.674,21.5,40,22.5,10,22.5,122,4310
11:29:56.672,21.5,10,24.5,10,22.5,122,4310
11:29:57.209,21,11,104,2,22.5,122,4310
11:29:57.284,21,11,103.5,1,22.5,122,4310
13:30:03.237,21,11,103,10,22.5,122,4310
13:30:03.778,21,11,102.5,1,22.5,122,4310
13:30:04.717,21,11,102,10,22.5,122,4310
13:30:06.260,21.5,10,101.5,1,22.5,122,4310
13:30:07.217,21.5,10,101,10,22.5,122,4310
13:30:08.256,21.5,10,100.5,1,22.5,122,4310
13:30:09.900,21.5,10,100,10,22.5,122,4310
13:30:10.271,21.5,10,99.5,1,22.5,122,4310
13:30:10.919,21.5,10,99,10,22.5,122,4310
13:30:11.280,22,10,24,10,22.5,122,4310
13:30:12.129,22,30,23.5,10,22.5,122,4310
13:30:13.225,22,30,24,20,23.5,142,4290
13:30:13.780,23.5,10,24,20,23.5,142,4290
13:30:23.223,23.5,10,24,10,23.5,142,4290
13:30:23.731,23.5,10,24,20,23.5,142,4290
13:30:24.722,23.5,30,24,20,23.5,142,4290
13:30:30.990,23.5,20,24,10,23.5,162,4270
13:30:31.478,23,20,24,10,23.5,162,4270
13:30:32.974,23,20,24.5,10,23.5,182,4270
13:30:33.217,23.5,10,24,10,23.5,182,4270
13:30:34.727,23.5,10,24,20,23.5,182,4270
13:30:36.624,23.5,10,24,10,23.5,182,4270
13:30:45.530,23,30,23.5,10,23.5,202,4290
13:30:46.188,23,20,23.5,10,23.5,202,4290
13:30:49.657,23,30,23.5,10,23.5,222,4310
13:30:51.715,23,30,24,30,23.5,242,4310
13:30:52.715,23.5,10,24,30,23.5,242,4310
13:30:53.591,23.5,10,24,20,23.5,242,4310
13:30:55.225,23.5,30,24,20,23.5,242,4310
13:30:56.295,23.5,30,24,30,23.5,242,4310
13:30:56.790,23.5,20,24,30,23.5,242,4310
13:30:59.222,23,30,24,30,23.5,242,4310
13:31:00.889,23,30,24,40,23.5,242,4310
13:31:02.885,23,30,24,30,23.5,242,4310
13:31:04.935,23,30,23.5,10,23.5,242,4310
13:31:05.816,23,30,23.5,20,23.5,242,4310
13:31:06.481,23,30,23.5,30,23.5,242,4310
13:31:08.467,23,20,23.5,30,23.5,242,4310
13:31:08.976,22.5,30,23.5,30,23.5,242,4310
13:31:10.224,22.5,30,23.5,40,23.5,242,4310
13:31:11.855,22.5,40,23.5,40,23.5,242,4310
13:31:16.634,22.5,40,23.5,30,23.5,242,4310
13:31:22.870,22.5,20,23.5,30,23.5,242,4310
13:31:29.227,22.5,40,23.5,30,23.5,242,4310
13:31:34.133,22.5,40,23,3,23.5,242,4310
13:31:34.532,22.5,40,23,13,23.5,242,4310
13:31:37.376,22.5,40,23,3,23.5,242,4310
13:31:37.731,22.5,20,23,13,23.5,242,4310
13:31:40.498,22.5,20,23,3,23.5,242,4310
13:31:40.752,22.5,20,23,13,23.5,242,4310
13:31:43.622,22.5,20,23,3,23.5,242,4310
13:31:43.744,22.5,20,23,13,23.5,242,4310
13:31:46.844,22.5,20,23,3,23.5,242,4310
13:31:47.231,22.5,20,23,13,23.5,242,4310
13:31:49.870,22.5,20,23,3,23.5,242,4310
13:31:50.251,22.5,20,23,13,23.5,242,4310
13:31:52.993,22.5,20,23,3,23.5,242,4310
13:31:53.252,22.5,20,23,13,23.5,242,4310
13:31:56.114,22.5,20,23,3,23.5,242,4310
13:31:56.247,22.5,20,23,13,23.5,242,4310
13:31:59.263,22.5,20,23,3,23.5,242,4310
13:31:59.744,22.5,20,23,13,23.5,242,4310
13:32:02.359,22.5,20,23,3,23.5,242,4310
13:32:02.725,22.5,20,23,13,23.5,242,4310
13:32:05.492,22.5,20,23,3,23.5,242,4310
13:32:05.767,22.5,20,23,13,23.5,242,4310
13:32:08.606,22.5,20,23,3,23.5,242,4310
13:32:08.742,22.5,20,23,13,23.5,242,4310
13:32:11.733,22.5,20,23,3,23.5,242,4310
13:32:12.243,22.5,20,23,13,23.5,242,4310
13:32:14.844,22.5,20,23,3,23.5,242,4310
13:32:15.257,22.5,20,23,13,23.5,242,4310
13:32:17.965,22.5,20,23,3,23.5,242,4310
13:32:18.225,22.5,20,23,13,23.5,242,4310
13:32:21.83,22.5,20,23,3,23.5,242,4310
13:32:21.245,22.5,20,23,13,23.5,242,4310
13:32:24.204,22.5,20,23,3,23.5,242,4310
13:32:24.234,22.5,20,23,13,23.5,242,4310
13:32:27.323,22.5,20,23,3,23.5,242,4310
13:32:27.765,22.5,20,23,13,23.5,242,4310
13:32:30.444,22.5,20,23,3,23.5,242,4310
13:32:30.742,22.5,20,23,13,23.5,242,4310
13:32:33.581,22.5,20,23,3,23.5,242,4310
13:32:33.730,22.5,20,23,13,23.5,242,4310
13:32:36.705,22.5,20,23,3,23.5,242,4310
13:32:37.172,22.5,20,23,15,23.5,242,4310
13:32:39.823,22.5,20,23,5,23.5,242,4310
13:32:40.236,22.5,20,23,15,23.5,242,4310
13:32:42.959,22.5,20,23,5,23.5,242,4310
13:32:43.230,22.5,20,23,15,23.5,242,4310
13:32:46.93,22.5,20,23,5,23.5,242,4310
13:32:46.281,22.5,20,23,15,23.5,242,4310
13:32:52.333,22.5,20,23,5,23.5,242,4310
13:32:52.745,22.5,20,23,15,23.5,242,4310
13:32:55.454,22.5,20,23,5,23.5,242,4310
13:32:55.761,22.5,20,23,15,23.5,242,4310
13:32:58.575,22.5,20,23,5,23.5,242,4310
13:32:58.750,22.5,20,23,15,23.5,242,4310
13:33:02.22,22.5,20,23,5,23.5,242,4310
13:33:02.231,22.5,20,23,15,23.5,242,4310
13:33:03.447,22.5,10,23,15,23.5,242,4310
13:33:04.837,22.5,10,23,5,23.5,242,4310
13:33:05.234,22.5,10,23,15,23.5,242,4310
13:33:07.959,22.5,10,23,5,23.5,242,4310
13:33:08.233,22.5,10,23,15,23.5,242,4310
13:33:11.77,22.5,10,23,5,23.5,242,4310
13:33:11.238,22.5,10,23,15,23.5,242,4310
13:33:11.715,22.5,10,23,25,23.5,242,4310
13:33:14.194,22.5,10,23,15,23.5,242,4310
13:33:14.237,22.5,10,23,25,23.5,242,4310
13:33:17.313,22.5,10,23,15,23.5,242,4310
13:33:17.730,22.5,10,23,25,23.5,242,4310
13:33:20.436,22.5,10,23,15,23.5,242,4310
13:33:20.767,22.5,10,23,25,23.5,242,4310
13:33:23.558,22.5,10,23,15,23.5,242,4310
13:33:23.750,22.5,10,23,25,23.5,242,4310
13:33:26.676,22.5,10,23,15,23.5,242,4310
13:33:26.739,22.5,10,23,25,23.5,242,4310
13:33:29.794,22.5,10,23,15,23.5,242,4310
13:33:30.237,22.5,10,23,25,23.5,242,4310
13:33:32.917,22.5,10,23,15,23.5,242,4310
13:33:33.245,22.5,10,23,25,23.5,242,4310
13:33:36.34,22.5,10,23,15,23.5,242,4310
13:33:36.233,22.5,10,23,25,23.5,242,4310
13:33:39.154,22.5,10,23,15,23.5,242,4310
13:33:39.243,22.5,10,23,25,23.5,242,4310
13:33:42.274,22.5,10,23,15,23.5,242,4310
13:33:42.739,22.5,10,23,25,23.5,242,4310
13:33:45.394,22.5,10,23,15,23.5,242,4310
13:33:45.725,22.5,10,23,25,23.5,242,4310
13:33:48.514,22.5,10,23,15,23.5,242,4310
13:33:48.745,22.5,10,23,25,23.5,242,4310
13:33:51.635,22.5,10,23,15,23.5,242,4310
13:33:51.724,22.5,10,23,25,23.5,242,4310
13:33:54.761,22.5,10,23,15,23.5,242,4310
13:33:55.235,22.5,10,23,25,23.5,242,4310
13:33:57.877,22.5,10,23,15,23.5,242,4310
13:33:58.248,22.5,10,23,25,23.5,242,4310
13:34:01.642,22.5,20,23,15,23.5,242,4310
13:34:04.498,22.5,19,23,15,22.5,244,4310
13:34:06.709,22.5,10,23,15,22.5,244,4310
13:34:07.188,22.5,20,23,15,22.5,244,4310
13:34:12.184,22.5,20,23,35,22.5,244,4310
13:34:12.779,22.5,19,23,35,22.5,246,4310
13:34:14.961,22.5,20,23,35,22.5,246,4310
13:34:16.619,22.5,10,23,35,22.5,246,4310
13:34:16.983,22,50,23,35,22.5,246,4310
13:34:22.219,22,50,23,55,22.5,246,4310
13:34:28.175,22,50,23,65,22.5,246,4310
13:34:34.277,22,50,23,75,22.5,246,4310
13:34:35.454,22,40,23,75,22.5,246,4310
13:34:36.751,22,50,23,75,22.5,246,4310
13:34:37.646,22,50,23,65,22.5,246,4310
13:34:38.798,22,50,23,75,22.5,246,4310
13:34:40.505,22,40,23,75,22.5,246,4310
13:34:40.882,22,10,23,65,22.5,246,4310
13:34:41.827,22,20,23,75,22.5,246,4310
13:34:42.253,22,20,23,65,22.5,246,4310
13:34:43.405,22,20,23,75,22.5,246,4310
13:34:44.226,22,40,23,75,22.5,246,4310
13:34:52.643,22,50,23,65,22.5,246,4310
13:34:54.116,22,50,23,55,22.5,246,4310
13:34:54.282,22,50,23,65,22.5,246,4310
13:34:57.254,22,50,23,55,22.5,246,4310
13:34:57.740,22,50,23,65,22.5,246,4310
13:35:00.367,22,50,23,55,22.5,246,4310
13:35:00.799,22,30,23,75,22.5,246,4310
13:35:08.723,22,50,23,75,22.5,246,4310
13:35:33.375,22,50,23,72,22.5,246,4310
13:36:10.765,22,50,22.5,2,22.5,246,4310
13:36:21.723,22,30,22.5,2,22.5,246,4310
13:37:18.405,22,30,22.5,5,22.5,246,4310
13:37:18.909,22,30,22.5,15,22.5,246,4310
13:37:33.493,22,30,22.5,12,22.5,246,4310
13:37:33.784,22,30,22.5,15,22.5,246,4310
13:37:34.784,22,30,22.5,12,22.5,246,4310
13:37:38.44,22,30,22.5,15,22.5,246,4310
13:37:38.261,22,20,22.5,15,22.5,246,4310
13:37:38.798,22,20,22.5,2,22.5,246,4310
13:37:48.631,22,30,22.5,2,22.5,246,4310
13:37:51.870,22,30,22.5,5,22.5,246,4310
13:38:03.266,22,30,22.5,2,22.5,246,4310
13:38:32.302,22,30,22.5,5,22.5,246,4310
13:38:32.847,22,30,22.5,15,22.5,246,4310
13:38:33.591,22,30,22.5,5,22.5,246,4310
13:38:34.743,22,30,22.5,15,22.5,246,4310
13:38:36.510,22,30,22.5,5,22.5,246,4310
13:38:46.912,22,30,22.5,7,22.5,246,4310
13:39:26.527,22,20,22.5,5,22.5,246,4310
13:39:26.973,22.5,15,23,85,22.5,256,4310
13:39:27.695,22.5,15,23,55,22.5,256,4310
13:39:29.159,22.5,20,23,55,22.5,256,4310
13:39:29.787,22.5,18,23,55,22.5,260,4314
13:39:30.473,22,16,23,55,22.5,264,4318
13:39:30.716,22,26,23,55,22.5,264,4318
13:39:31.965,22,30,23,55,22.5,264,4318
13:39:32.226,22,50,23,55,22.5,264,4318
13:39:46.475,22,30,23,55,22.5,264,4318
13:39:47.84,22,30,23,65,22.5,264,4318
13:39:48.363,22,30,23,75,22.5,264,4318
13:39:51.50,22,30,23,65,22.5,264,4318
13:39:51.252,22,30,23,75,22.5,264,4318
13:39:52.726,22,50,23,65,22.5,264,4318
13:39:54.170,22,50,23,55,22.5,264,4318
13:40:18.883,22,30,23,55,22.5,264,4318
13:40:22.723,22,50,23,55,22.5,264,4318
13:40:24.848,22,50,23,65,22.5,264,4318
13:40:25.848,22,50,23,55,22.5,264,4318
13:40:26.266,22,30,23,65,22.5,264,4318
13:40:28.553,22,30,23,55,22.5,264,4318
13:40:28.735,22,30,23,65,22.5,264,4318
13:40:30.253,22,50,23,55,22.5,264,4318
13:40:36.375,22,30,23,55,22.5,264,4318
13:40:36.983,22,30,23,65,22.5,264,4318
13:40:37.927,22,30,23,55,22.5,264,4318
13:40:38.433,22,30,23,65,22.5,264,4318
13:40:41.59,22,30,23,55,22.5,264,4318
13:40:41.234,22,30,23,65,22.5,264,4318
13:40:43.226,22,50,23,65,22.5,264,4318
13:40:44.182,22,50,23,55,22.5,264,4318
13:40:44.245,22,50,23,65,22.5,264,4318
13:40:47.306,22,50,23,55,22.5,264,4318
13:40:47.744,22,50,23,65,22.5,264,4318
13:40:50.430,22,50,23,55,22.5,264,4318
13:40:50.727,22,50,23,65,22.5,264,4318
13:40:53.552,22,50,23,55,22.5,264,4318
13:40:53.724,22,50,23,65,22.5,264,4318
13:40:56.674,22,50,23,55,22.5,264,4318
13:40:56.735,22,50,23,65,22.5,264,4318
13:40:59.813,22,50,23,55,22.5,264,4318
13:41:00.225,22,50,23,65,22.5,264,4318
13:41:02.931,22,50,23,55,22.5,264,4318
13:41:03.232,22,50,23,65,22.5,264,4318
13:41:06.51,22,50,23,55,22.5,264,4318
13:41:06.234,22,50,23,65,22.5,264,4318
13:41:09.172,22,50,23,55,22.5,264,4318
13:41:09.231,22,50,23,65,22.5,264,4318
13:41:12.300,22,50,23,55,22.5,264,4318
13:41:12.751,22,50,23,65,22.5,264,4318
13:41:15.429,22,50,23,55,22.5,264,4318
13:41:15.749,22,50,23,65,22.5,264,4318
13:41:18.551,22,50,23,55,22.5,264,4318
13:41:18.736,22,50,23,65,22.5,264,4318
13:41:21.673,22,50,23,55,22.5,264,4318
13:41:21.734,22,50,23,65,22.5,264,4318
13:41:24.302,22,60,23,55,22.5,264,4318
13:41:25.636,22,60,23,65,22.5,264,4318
13:41:45.874,22,60,23,66,22.5,264,4318
13:42:07.675,22,60,23,65,22.5,264,4318
13:42:21.766,22,50,23,65,22.5,264,4318
13:42:55.216,22,50,23,55,22.5,264,4318
13:43:21.228,22,50,23,65,22.5,264,4318
13:43:23.646,22,40,23,55,22.5,264,4318
13:43:24.152,22,50,23,55,22.5,264,4318
13:43:24.248,22,40,23,55,22.5,264,4318
13:43:25.990,22.5,10,23,55,22.5,264,4318
13:43:26.600,22.5,20,23,55,22.5,264,4318
13:43:26.932,22.5,20,23,65,22.5,264,4318
13:43:28.487,22,30,23,55,22.5,264,4318
13:43:28.849,22,40,23,55,22.5,264,4318
13:43:29.496,22.5,10,23,65,22.5,264,4318
13:43:29.904,22.5,20,23,55,22.5,264,4318
13:43:30.962,22.5,20,23,65,22.5,264,4318
13:43:32.643,22.5,30,23,65,22.5,264,4318
13:43:34.635,22.5,10,23,55,22.5,264,4318
13:43:35.93,22,40,23,55,22.5,264,4318
13:43:35.478,22,50,23,65,22.5,264,4318
13:43:38.999,22.5,10,23,55,22.5,264,4318
13:43:39.429,22,30,23,55,22.5,264,4318
13:43:39.914,22,40,23,55,22.5,264,4318
13:43:42.537,22,30,23,55,22.5,264,4318
13:43:43.145,22.5,10,23,55,22.5,264,4318
13:43:43.614,22.5,10,23,65,22.5,264,4318
13:43:43.860,22.5,20,23,65,22.5,264,4318
13:43:48.650,22.5,30,23,65,22.5,264,4318
13:43:54.493,22,30,23,65,22.5,264,4318
13:43:54.717,22,50,23,65,22.5,264,4318
13:43:55.705,22,50,23,55,22.5,264,4318
13:43:58.990,22.5,10,23,55,22.5,264,4318
13:44:00.183,22.5,20,23,65,22.5,264,4318
13:44:03.179,22.5,10,23,65,22.5,264,4318
13:44:03.727,22.5,10,23,55,22.5,264,4318
13:44:08.633,22.5,20,23,65,22.5,264,4318
13:44:14.977,22.5,20,23,66,22.5,264,4318
13:44:16.733,22.5,20,23,56,22.5,264,4318
13:44:22.991,22.5,10,23,56,22.5,264,4318
13:44:23.440,22,30,23,76,22.5,264,4318
13:44:27.988,22,40,23,66,22.5,264,4318
13:44:32.632,22,50,23,66,22.5,264,4318
13:44:39.980,22,40,23,66,22.5,264,4318
13:44:40.229,22,40,23,56,22.5,264,4318
13:44:42.978,22,40,23,54,22.5,264,4318
13:44:43.221,22,40,23,64,22.5,264,4318
13:44:50.624,22,50,23,64,22.5,264,4318
13:45:09.277,22,50,23,61,22.5,264,4318
13:45:10.373,22,30,23,51,22.5,264,4318
13:45:11.21,22,30,23,61,22.5,264,4318
13:45:14.390,22,30,23,51,22.5,264,4318
13:45:14.843,22,50,23,61,22.5,264,4318
13:45:15.730,22,50,23,51,22.5,264,4318
13:45:16.877,22,50,23,61,22.5,264,4318
13:45:34.925,22,30,23,61,22.5,264,4318
13:45:39.226,22,50,23,61,22.5,264,4318
13:45:41.380,22,50,23,51,22.5,264,4318
13:45:42.369,22,50,23,64,22.5,264,4318
13:45:55.626,22,30,23,64,22.5,264,4318
13:45:58.924,22,50,23,64,22.5,264,4318
13:46:44.423,22,30,23,64,22.5,264,4318
13:46:46.134,22,30,23,54,22.5,264,4318
13:46:47.134,22,30,23,64,22.5,264,4318
13:46:48.379,22,50,23,54,22.5,264,4318
13:46:50.129,22,50,23,64,22.5,264,4318
13:47:01.734,22,50,23,54,22.5,264,4318
13:47:03.946,22,50,23,64,22.5,264,4318
13:47:17.482,22.5,10,23,64,22.5,264,4318
13:47:17.784,22.5,20,23,64,22.5,264,4318
13:47:18.219,22.5,30,23,64,22.5,264,4318
13:47:19.493,22,30,23,64,22.5,264,4318
13:47:20.151,22,50,23,64,22.5,264,4318
13:47:20.995,22.5,10,23,54,22.5,264,4318
13:47:21.284,22.5,20,23,54,22.5,264,4318
13:47:21.747,22.5,30,23,54,22.5,264,4318
13:47:34.713,22.5,30,23,64,22.5,264,4318
13:47:36.716,22.5,30,23,54,22.5,264,4318
13:47:40.214,22.5,30,23,64,22.5,264,4318
13:47:43.221,22.5,30,23,54,22.5,264,4318
13:47:47.122,22.5,30,23,64,22.5,264,4318
13:47:49.13,22.5,20,23,54,22.5,264,4318
13:47:49.228,22.5,20,23,64,22.5,264,4318
13:47:52.156,22.5,20,23,54,22.5,264,4318
13:47:52.248,22.5,20,23,64,22.5,264,4318
13:47:55.275,22.5,20,23,54,22.5,264,4318
13:47:55.731,22.5,20,23,64,22.5,264,4318
13:47:58.405,22.5,20,23,54,22.5,264,4318
13:47:58.723,22.5,20,23,64,22.5,264,4318
13:48:01.534,22.5,20,23,54,22.5,264,4318
13:48:01.739,22.5,20,23,64,22.5,264,4318
13:48:04.657,22.5,20,23,54,22.5,264,4318
13:48:04.758,22.5,20,23,64,22.5,264,4318
13:48:07.779,22.5,20,23,54,22.5,264,4318
13:48:08.253,22.5,20,23,64,22.5,264,4318
13:48:10.894,22.5,20,23,54,22.5,264,4318
13:48:11.237,22.5,20,23,64,22.5,264,4318
13:48:14.13,22.5,20,23,54,22.5,264,4318
13:48:14.233,22.5,20,23,64,22.5,264,4318
13:48:16.471,22,40,23,64,22.5,264,4318
13:48:17.135,22,50,23,54,22.5,264,4318
13:48:17.260,22,50,23,64,22.5,264,4318
13:48:18.214,22,50,23,74,22.5,264,4318
13:48:20.255,22,50,23,64,22.5,264,4318
13:48:20.733,22,50,23,74,22.5,264,4318
13:48:23.376,22,50,23,64,22.5,264,4318
13:48:23.747,22,50,23,74,22.5,264,4318
13:48:26.496,22,50,23,64,22.5,264,4318
13:48:26.744,22,50,23,74,22.5,264,4318
13:48:29.615,22,50,23,64,22.5,264,4318
13:48:29.727,22,50,23,74,22.5,264,4318
13:48:32.808,22,50,23,64,22.5,264,4318
13:48:33.232,22,50,23,74,22.5,264,4318
13:48:35.892,22,50,23,64,22.5,264,4318
13:48:36.239,22,50,23,74,22.5,264,4318
13:48:39.15,22,50,23,64,22.5,264,4318
13:48:39.243,22,50,23,74,22.5,264,4318
13:48:42.135,22,50,23,64,22.5,264,4318
13:48:42.234,22,50,23,74,22.5,264,4318
13:48:45.603,22,50,23,64,22.5,264,4318
13:48:45.732,22,50,23,74,22.5,264,4318
13:48:48.386,22,50,23,64,22.5,264,4318
13:48:48.743,22,50,23,74,22.5,264,4318
13:48:51.506,22,50,23,64,22.5,264,4318
13:48:51.742,22,50,23,74,22.5,264,4318
13:48:54.616,22,50,23,64,22.5,264,4318
13:48:54.738,22,50,23,74,22.5,264,4318
13:48:57.757,22,50,23,64,22.5,264,4318
13:48:58.240,22,50,23,74,22.5,264,4318
13:49:00.855,22,50,23,64,22.5,264,4318
13:49:01.248,22,50,23,74,22.5,264,4318
13:49:03.976,22,50,23,64,22.5,264,4318
13:49:04.245,22,50,23,74,22.5,264,4318
13:49:07.96,22,50,23,64,22.5,264,4318
13:49:07.237,22,50,23,74,22.5,264,4318
13:49:10.216,22,50,23,64,22.5,264,4318
13:49:10.739,22,50,23,74,22.5,264,4318
13:49:13.335,22,50,23,64,22.5,264,4318
13:49:13.735,22,50,23,74,22.5,264,4318
13:49:16.463,22,50,23,64,22.5,264,4318
13:49:16.749,22,50,23,74,22.5,264,4318
13:49:19.578,22,50,23,64,22.5,264,4318
13:49:19.748,22,50,23,74,22.5,264,4318
13:49:22.708,22,50,23,64,22.5,264,4318
13:49:22.740,22,50,23,74,22.5,264,4318
13:49:25.830,22,50,23,64,22.5,264,4318
13:49:26.244,22,50,23,74,22.5,264,4318
13:49:28.961,22,50,23,64,22.5,264,4318
13:49:29.249,22,50,23,74,22.5,264,4318
13:49:32.77,22,50,23,64,22.5,264,4318
13:49:32.233,22,50,23,74,22.5,264,4318
13:49:35.208,22,50,23,64,22.5,264,4318
13:49:35.242,22,50,23,74,22.5,264,4318
13:49:38.335,22,50,23,64,22.5,264,4318
13:49:38.735,22,50,23,74,22.5,264,4318
13:49:41.456,22,50,23,64,22.5,264,4318
13:49:41.759,22,50,23,74,22.5,264,4318
13:49:44.575,22,50,23,64,22.5,264,4318
13:49:44.757,22,50,23,74,22.5,264,4318
13:49:47.694,22,50,23,64,22.5,264,4318
13:49:47.750,22,50,23,74,22.5,264,4318
13:49:49.719,22,50,23,64,22.5,264,4318
13:49:50.827,22,50,23,54,22.5,264,4318
13:49:51.251,22,50,23,64,22.5,264,4318
13:49:53.948,22,50,23,54,22.5,264,4318
13:49:54.245,22,50,23,64,22.5,264,4318
13:49:57.65,22,50,23,54,22.5,264,4318
13:49:57.247,22,50,23,64,22.5,264,4318
13:50:00.199,22,50,23,54,22.5,264,4318
13:50:00.245,22,50,23,64,22.5,264,4318
13:50:03.314,22,50,23,54,22.5,264,4318
13:50:03.739,22,50,23,64,22.5,264,4318
13:50:06.436,22,50,23,54,22.5,264,4318
13:50:06.767,22,50,23,64,22.5,264,4318
13:50:09.555,22,50,23,54,22.5,264,4318
13:50:09.752,22,50,23,64,22.5,264,4318
13:50:10.582,22,50,23,74,22.5,264,4318
13:50:11.21,22,50,23,64,22.5,264,4318
13:50:12.172,22,50,23,74,22.5,264,4318
13:50:12.676,22,50,23,64,22.5,264,4318
13:50:12.743,22,50,23,74,22.5,264,4318
13:50:15.797,22,50,23,64,22.5,264,4318
13:50:16.236,22,50,23,74,22.5,264,4318
13:50:18.916,22,50,23,64,22.5,264,4318
13:50:19.263,22,50,23,74,22.5,264,4318
13:50:22.43,22,50,23,64,22.5,264,4318
13:50:22.245,22,50,23,74,22.5,264,4318
13:50:25.168,22,50,23,64,22.5,264,4318
13:50:25.239,22,50,23,74,22.5,264,4318
13:50:28.287,22,50,23,64,22.5,264,4318
13:50:28.736,22,50,23,74,22.5,264,4318
13:50:31.408,22,50,23,64,22.5,264,4318
13:50:31.736,22,50,23,74,22.5,264,4318
13:50:34.528,22,50,23,64,22.5,264,4318
13:50:34.739,22,50,23,74,22.5,264,4318
13:50:37.647,22,50,23,64,22.5,264,4318
13:50:37.755,22,50,23,74,22.5,264,4318
13:50:40.810,22,50,23,64,22.5,264,4318
13:50:41.244,22,50,23,74,22.5,264,4318
13:50:43.887,22,50,23,64,22.5,264,4318
13:50:44.249,22,50,23,74,22.5,264,4318
13:50:47.13,22,50,23,64,22.5,264,4318
13:50:47.228,22,50,23,74,22.5,264,4318
13:50:50.137,22,50,23,64,22.5,264,4318
13:50:50.258,22,50,23,74,22.5,264,4318
13:50:53.268,22,50,23,64,22.5,264,4318
13:50:53.748,22,50,23,74,22.5,264,4318
13:50:56.399,22,50,23,64,22.5,264,4318
13:50:56.739,22,50,23,74,22.5,264,4318
13:50:59.521,22,50,23,64,22.5,264,4318
13:50:59.729,22,50,23,74,22.5,264,4318
13:51:02.642,22,50,23,64,22.5,264,4318
13:51:02.760,22,50,23,74,22.5,264,4318
13:51:05.765,22,50,23,64,22.5,264,4318
13:51:06.234,22,50,23,74,22.5,264,4318
13:51:06.832,22,50,23,64,22.5,264,4318
13:51:08.897,22,50,23,54,22.5,264,4318
13:51:09.237,22,50,23,64,22.5,264,4318
13:51:12.23,22,50,23,54,22.5,264,4318
13:51:12.238,22,50,23,64,22.5,264,4318
13:51:15.155,22,50,23,54,22.5,264,4318
13:51:15.252,22,50,23,64,22.5,264,4318
13:51:18.287,22,50,23,54,22.5,264,4318
13:51:18.753,22,50,23,64,22.5,264,4318
13:51:21.419,22,50,23,54,22.5,264,4318
13:51:21.741,22,50,23,64,22.5,264,4318
13:51:24.549,22,50,23,54,22.5,264,4318
13:51:24.746,22,50,23,64,22.5,264,4318
13:51:27.679,22,50,23,54,22.5,264,4318
13:51:27.727,22,50,23,64,22.5,264,4318
13:51:30.807,22,50,23,54,22.5,264,4318
13:51:31.234,22,50,23,64,22.5,264,4318
13:51:33.934,22,50,23,54,22.5,264,4318
13:51:34.257,22,50,23,64,22.5,264,4318
13:51:37.60,22,50,23,54,22.5,264,4318
13:51:37.227,22,50,23,64,22.5,264,4318
13:51:40.244,22,50,23,54,22.5,264,4318
13:51:40.733,22,50,23,64,22.5,264,4318
13:51:43.357,22,50,23,54,22.5,264,4318
13:51:43.755,22,50,23,64,22.5,264,4318
13:51:46.476,22,50,23,54,22.5,264,4318
13:51:46.729,22,50,23,64,22.5,264,4318
13:51:49.596,22,50,23,54,22.5,264,4318
13:51:49.730,22,50,23,64,22.5,264,4318
13:51:52.721,22,50,23,54,22.5,264,4318
13:51:53.267,22,50,23,64,22.5,264,4318
13:51:54.983,22,40,23,64,22.5,264,4318
13:51:55.283,22,10,23,64,22.5,264,4318
13:51:56.10,22,20,23,54,22.5,264,4318
13:51:56.342,22,20,23,64,22.5,264,4318
13:51:58.950,22,40,23,54,22.5,264,4318
13:51:59.357,22,40,23,64,22.5,264,4318
13:52:02.68,22,40,23,54,22.5,264,4318
13:52:02.252,22,40,23,64,22.5,264,4318
13:52:04.636,22,50,23,64,22.5,264,4318
13:52:05.195,22,50,23,54,22.5,264,4318
13:52:05.237,22,50,23,64,22.5,264,4318
13:52:08.324,22,50,23,54,22.5,264,4318
13:52:08.748,22,50,23,64,22.5,264,4318
13:52:11.440,22,50,23,54,22.5,264,4318
13:52:11.754,22,50,23,64,22.5,264,4318
13:52:14.572,22,50,23,54,22.5,264,4318
13:52:14.737,22,50,23,64,22.5,264,4318
13:52:17.701,22,50,23,54,22.5,264,4318
13:52:17.743,22,50,23,64,22.5,264,4318
13:52:20.831,22,50,23,54,22.5,264,4318
13:52:21.234,22,50,23,64,22.5,264,4318
13:52:23.971,22,50,23,54,22.5,264,4318
13:52:24.233,22,50,23,64,22.5,264,4318
13:52:27.99,22,50,23,54,22.5,264,4318
13:52:27.241,22,50,23,64,22.5,264,4318
13:52:30.244,22,50,23,54,22.5,264,4318
13:52:30.732,22,50,23,64,22.5,264,4318
13:52:33.362,22,50,23,54,22.5,264,4318
13:52:33.733,22,50,23,64,22.5,264,4318
13:52:36.490,22,50,23,54,22.5,264,4318
13:52:36.723,22,50,23,64,22.5,264,4318
13:52:39.622,22,50,23,54,22.5,264,4318
13:52:39.732,22,50,23,64,22.5,264,4318
13:52:42.747,22,50,23,54,22.5,264,4318
13:52:43.239,22,50,23,64,22.5,264,4318
13:52:45.868,22,50,23,54,22.5,264,4318
13:52:46.293,22,50,23,64,22.5,264,4318
13:52:49.26,22,50,23,54,22.5,264,4318
13:52:49.229,22,50,23,64,22.5,264,4318
13:52:52.160,22,50,23,54,22.5,264,4318
13:52:52.230,22,50,23,64,22.5,264,4318
13:52:55.286,22,50,23,54,22.5,264,4318
13:52:55.737,22,50,23,64,22.5,264,4318
13:52:58.413,22,50,23,54,22.5,264,4318
13:52:58.733,22,50,23,64,22.5,264,4318
13:53:00.492,22,40,23,64,22.5,264,4318
13:53:01.8,22,10,23,84,22.5,264,4318
13:53:03.751,22,30,23,84,22.5,264,4318
13:53:10.633,22,40,23,84,22.5,264,4318
13:53:29.895,22,20,23,84,22.5,264,4318
13:53:31.303,22,20,23,74,22.5,264,4318
13:53:34.223,22,40,23,74,22.5,264,4318
13:53:37.136,22,40,23,84,22.5,264,4318
13:53:37.268,22,20,23,94,22.5,264,4318
13:53:38.293,22,20,23,84,22.5,264,4318
13:53:44.224,22,40,23,84,22.5,264,4318
13:54:01.738,22,40,23,74,22.5,264,4318
13:54:14.638,22,20,23,84,22.5,264,4318
13:54:18.721,22,40,23,84,22.5,264,4318
13:54:33.139,22,30,23,84,22.5,264,4318
13:54:33.352,22.5,10,23,84,22.5,264,4318
13:54:34.30,22.5,10,23,74,22.5,264,4318
13:54:34.213,22.5,20,23,74,22.5,264,4318
13:55:03.961,22.5,20,23,84,22.5,264,4318
13:55:10.971,22,30,23,84,22.5,264,4318
13:55:11.225,22,40,23,84,22.5,264,4318
13:55:12.20,22,40,23,74,22.5,264,4318
13:56:01.714,22,40,23,84,22.5,264,4318
13:56:20.727,22,40,23,74,22.5,264,4318
13:56:22.206,22,40,23,84,22.5,264,4318
13:56:59.433,22,40,23,83,22.5,264,4318
13:57:11.113,22,40,23,73,22.5,264,4318
13:57:38.702,22.5,10,23,63,22.5,264,4318
13:57:38.789,22.5,20,23,63,22.5,264,4318
13:57:39.321,22.5,20,23,73,22.5,264,4318
13:57:53.968,22.5,18,23,73,22.5,268,4322
13:57:56.185,22.5,10,23,73,22.5,268,4322
13:57:57.123,22.5,20,23,73,22.5,268,4322
13:58:09.708,22.5,10,23,73,22.5,268,4322
13:58:10.472,22,30,23,63,22.5,268,4322
13:58:11.16,22,40,23,63,22.5,268,4322
13:58:11.558,22,40,23,73,22.5,268,4322
13:58:17.315,22,40,23,63,22.5,268,4322
13:58:18.466,22,40,23,73,22.5,268,4322
13:58:22.497,22,40,23,63,22.5,268,4322
13:58:32.14,22,40,23,73,22.5,268,4322
13:58:41.495,22,40,23,83,22.5,268,4322
13:59:30.179,22,40,23,85,22.5,268,4322
13:59:41.692,22,30,23,85,22.5,268,4322
13:59:45.508,22,30,23,65,22.5,268,4322
13:59:45.734,22,40,23,65,22.5,268,4322
13:59:46.553,22,40,23,75,22.5,268,4322
13:59:47.933,22,50,23,75,22.5,268,4322
14:00:16.43,22,30,23,85,22.5,268,4322
14:00:16.304,22,20,23,85,22.5,268,4322
14:00:17.637,22,20,23,75,22.5,268,4322
14:00:19.741,22,40,23,75,22.5,268,4322
14:00:20.516,22,40,23,85,22.5,268,4322
14:00:23.233,22,40,23,75,22.5,268,4322
14:00:26.66,22,50,23,65,22.5,268,4322
14:00:27.404,22,50,23,75,22.5,268,4322
14:01:06.635,22,10,23,85,22.5,268,4322
14:01:07.11,22,10,23,75,22.5,268,4322
14:01:07.514,22,20,23,85,22.5,268,4322
14:01:08.610,22,20,23,75,22.5,268,4322
14:01:09.411,22,20,23,85,22.5,268,4322
14:01:10.233,22,40,23,85,22.5,268,4322
14:01:20.233,22,30,23,85,22.5,268,4322
14:02:17.191,22,40,23,85,22.5,268,4322
14:02:25.960,22,30,23,85,22.5,268,4322
14:02:41.726,22,40,23,75,22.5,268,4322
14:02:51.728,22,30,23,75,22.5,268,4322
14:02:54.225,22,30,23,85,22.5,268,4322
14:02:55.974,21.5,50,23,85,22.5,268,4322
14:02:56.213,21.5,60,23,85,22.5,268,4322
14:02:58.206,22,20,23,85,22.5,268,4322
14:03:01.862,22,40,23,85,22.5,268,4322
14:04:11.185,22,40,23,75,22.5,268,4322
14:04:14.979,21.5,50,23,75,22.5,268,4322
14:04:15.223,21.5,60,23,75,22.5,268,4322
14:04:16.447,21.5,60,23,85,22.5,268,4322
14:04:34.475,22,20,23,85,22.5,268,4322
14:04:43.230,22,40,23,85,22.5,268,4322
14:04:49.790,22,20,23,75,22.5,268,4322
14:04:51.977,21.5,50,23,75,22.5,268,4322
14:04:52.221,21.5,60,23,75,22.5,268,4322
14:04:53.980,22,20,23,85,22.5,268,4322
14:05:03.730,22,40,23,85,22.5,268,4322
14:05:05.964,22,50,23,85,22.5,268,4322
14:05:35.982,22,40,23,85,22.5,268,4322
14:05:36.514,21.5,50,23,85,22.5,268,4322
14:05:38.234,22,10,23,75,22.5,268,4322
14:05:39.499,22,20,23,75,22.5,268,4322
14:05:39.817,22,40,23,75,22.5,268,4322
14:05:40.458,22,40,23,85,22.5,268,4322
14:05:46.648,22,50,23,85,22.5,268,4322
14:09:56.311,22,50,23,75,23,288,4342
14:11:35.517,22,30,23,75,23,288,4342
14:11:36.529,22,50,23,75,23,288,4342
14:11:36.969,22,40,23,65,23,288,4342
14:11:45.229,22,30,23,75,23,288,4342
14:11:46.879,22,30,23,65,23,288,4342
14:11:50.818,22,40,23,65,23,288,4342
14:11:51.920,22,40,23,75,23,288,4342
14:12:09.743,22,40,23,65,23,288,4342
14:12:14.990,22,40,23,75,23,288,4342
14:12:19.686,22,50,23,75,23,288,4342
14:12:19.902,22,20,23,75,23,288,4342
14:12:33.737,22,40,23,75,23,288,4342
14:12:40.618,22,40,23,55,23,328,4382
14:14:08.125,22,30,23,55,23,328,4382
14:16:15.890,22,40,23,55,23,328,4382
14:16:17.872,22,50,23,55,23,328,4382
14:16:45.26,22,50,23,35,23,328,4382
14:16:46.524,22,50,23,55,23,328,4382
14:16:49.274,22,50,23,45,23,328,4382
14:16:49.985,22,50,23,55,23,328,4382
14:16:51.195,22,50,23,45,23,328,4382
14:16:52.15,22,50,23,35,23,328,4382
14:16:52.229,22,60,23,35,23,328,4382
14:16:54.232,22,60,23,45,23,328,4382
14:16:56.245,22,60,23,35,23,328,4382
14:16:56.969,22,60,23,55,23,328,4382
14:16:59.367,22,60,23,45,23,328,4382
14:16:59.726,22,60,23,55,23,328,4382
14:17:02.486,22,60,23,45,23,328,4382
14:17:02.737,22,60,23,55,23,328,4382
14:17:05.610,22,60,23,45,23,328,4382
14:17:05.728,22,60,23,55,23,328,4382
14:17:08.749,22,60,23,45,23,328,4382
14:17:09.228,22,60,23,55,23,328,4382
14:17:11.900,22,60,23,35,23,328,4382
14:17:12.258,22,60,23,45,23,328,4382
14:17:13.718,22,60,23,55,23,328,4382
14:17:15.6,22,60,23,45,23,328,4382
14:17:18.126,22,60,23,35,23,328,4382
14:17:18.247,22,60,23,45,23,328,4382
14:17:19.161,22,50,23,35,23,328,4382
14:17:19.221,22,60,23,35,23,328,4382
14:17:21.245,22,60,23,25,23,328,4382
14:17:21.736,22,60,23,35,23,328,4382
14:17:24.367,22,60,23,25,23,328,4382
14:17:24.734,22,60,23,35,23,328,4382
14:17:26.443,22,60,23,25,23,348,4402
14:17:27.486,22,60,23,15,23,348,4402
14:17:27.735,22,60,23,25,23,348,4402
14:17:30.606,22,60,23,15,23,348,4402
14:17:30.736,22,60,23,25,23,348,4402
14:17:33.737,22,60,23,15,23,348,4402
14:17:34.634,22,50,23,15,23,348,4402
14:17:46.957,22,60,23,25,23,348,4402
14:17:49.364,22,60,23,15,23,348,4402
14:17:49.791,22,60,23,25,23,348,4402
14:17:53.752,22,60,23,15,23,348,4402
14:17:54.239,22,60,23,25,23,348,4402
14:17:55.605,22,60,23,15,23,348,4402
14:18:00.466,22,40,23,25,23,348,4402
14:18:04.236,22,60,23,15,23,348,4402
14:18:12.672,22.5,30,23,15,23,348,4402
14:18:13.144,22.5,30,23,13,23,348,4402
14:18:13.353,22.5,40,23,13,23,348,4402
14:18:22.192,22.5,40,23,23,23,348,4402
14:18:22.552,22.5,30,23,23,23,348,4402
14:18:23.229,22.5,30,23,13,23,348,4402
14:18:28.28,22.5,40,23,13,23,348,4402
14:18:28.234,22.5,30,23,13,23,348,4402
14:18:30.744,22.5,40,23,13,23,348,4402
14:18:31.865,22.5,40,23,23,23,348,4402
14:18:34.480,22.5,40,23,20,23,348,4402
14:18:39.938,22.5,40,23,10,23,348,4402
14:18:40.238,22.5,30,23,10,23,348,4402
14:18:45.266,22.5,30,23.5,43,23,368,4422
14:18:45.733,22.5,30,23.5,23,23,368,4422
14:18:47.228,22.5,30,23.5,13,23,368,4422
14:18:49.79,22.5,30,23.5,3,23,368,4422
14:18:51.898,22.5,40,23.5,13,23,368,4422
14:18:56.400,22.5,60,23.5,13,23,368,4422
14:18:57.22,22.5,50,23.5,33,23,368,4422
14:18:57.371,22.5,60,23.5,23,23,368,4422
14:18:58.131,22.5,60,23.5,13,23,368,4422
14:19:21.229,22.5,60,23.5,3,23,368,4422
14:19:27.833,22.5,50,23.5,3,23,368,4422
14:19:39.750,22.5,50,23.5,13,23,368,4422
14:19:42.216,22.5,50,23.5,3,23,368,4422
14:19:48.954,22.5,50,23.5,13,23,368,4422
14:20:15.716,22.5,50,23.5,3,23,368,4422
14:20:23.214,22.5,50,23.5,13,23,368,4422
14:20:26.214,22.5,50,23.5,3,23,368,4422
14:20:30.214,22.5,50,23.5,13,23,368,4422
14:20:34.773,22.5,50,23.5,23,23,368,4422
14:20:36.163,22.5,50,23.5,13,23,368,4422
14:20:37.315,22.5,50,23.5,23,23,368,4422
14:20:54.265,22.5,30,23.5,23,23,368,4422
14:20:58.751,22.5,50,23.5,23,23,368,4422
14:21:09.175,22.5,40,23.5,3,23,368,4422
14:21:09.499,22.5,50,23.5,3,23,368,4422
14:21:10.61,22.5,50,23.5,13,23,368,4422
14:21:16.171,22.5,40,23.5,13,23,368,4422
14:21:16.236,22.5,50,23.5,23,23,368,4422
14:21:41.979,22.5,50,23.5,13,23,368,4422
14:21:52.6,22.5,30,23.5,13,23,368,4422
14:21:53.475,22.5,30,23.5,23,23,368,4422
14:21:57.736,22.5,50,23.5,23,23,368,4422
14:22:33.213,22.5,40,23.5,23,22.5,388,4402
14:22:33.875,22.5,40,23,10,22.5,388,4402
14:22:35.173,22.5,40,23,20,22.5,388,4402
14:22:38.238,22.5,20,23,20,22.5,388,4402
14:23:13.292,22.5,40,23,20,22.5,388,4402
14:23:20.483,22.5,40,23,10,22.5,388,4402
14:23:23.478,22.5,40,23,20,22.5,388,4402
14:23:26.999,22.5,40,23,10,22.5,388,4402
14:23:27.977,22.5,40,23,20,22.5,388,4402
14:23:28.977,22.5,40,23,10,22.5,388,4402
14:23:30.987,22.5,40,23,20,22.5,388,4402
14:23:35.233,22.5,50,23,20,22.5,388,4402
14:24:50.484,22.5,50,23,13,22.5,388,4402
14:24:51.379,22.5,50,23,23,22.5,388,4402
14:25:01.980,22.5,50,23,13,22.5,388,4402
14:25:06.158,22.5,50,23,23,22.5,388,4402
14:25:12.594,22.5,50,23,13,22.5,388,4402
14:25:17.480,22.5,50,23,23,22.5,388,4402
14:26:43.846,22.5,50,23,13,23,408,4402
14:26:47.214,22.5,50,23,23,23,408,4402
14:27:46.307,22.5,50,23,20,23,408,4402
14:28:32.556,22.5,50,23,10,23,408,4402
14:28:41.193,22.5,50,23,20,23,408,4402
14:28:43.865,22.5,50,23,10,23,408,4402
14:28:49.255,22.5,50,23,20,23,408,4402
14:29:09.405,22.5,50,23,10,23,408,4402
14:29:25.215,22.5,50,23,20,23,408,4402
14:29:34.154,22.5,50,23,10,23,428,4402
14:29:37.715,22.5,50,23,20,23,428,4402
14:30:42.595,22.5,50,23,10,23,448,4402
14:30:44.595,22.5,40,23,20,23,448,4402
14:30:45.527,22.5,40,23,10,23,448,4402
14:30:46.678,22.5,40,23,20,23,448,4402
14:30:55.70,22.5,40,23,23,23,448,4402
14:32:04.694,22.5,40,23,13,23,468,4402
14:32:17.705,22.5,50,23,3,23,468,4402
14:35:04.271,22.5,50,23.5,53,23,468,4402
14:35:04.739,22.5,50,23.5,33,23,468,4402
14:35:08.733,22.5,70,23.5,33,23,468,4402
14:35:21.445,22.5,70,23.5,23,23,468,4402
14:35:24.946,22.5,70,23.5,13,23,468,4402
14:35:26.411,22.5,70,23.5,23,23,468,4402
14:35:26.720,22.5,70,23.5,13,23,468,4402
14:35:31.874,22.5,70,23.5,23,23,468,4402
14:35:33.222,22.5,70,23.5,13,23,468,4402
14:35:42.361,22.5,50,23.5,23,23,468,4402
14:35:43.682,22.5,50,23.5,13,23,468,4402
14:35:44.818,22.5,50,23.5,3,23,468,4402
14:35:45.709,22.5,50,23.5,13,23,468,4402
14:35:48.167,22.5,50,23.5,23,23,468,4402
14:35:49.220,22.5,70,23.5,23,23,468,4402
14:36:03.583,22.5,70,23.5,13,23,468,4402
14:36:04.408,22.5,70,23.5,23,23,468,4402
14:36:09.871,22.5,70,23.5,13,23,468,4402
14:36:32.410,22.5,30,23.5,33,23,468,4402
14:36:34.180,22.5,30,23.5,23,23,468,4402
14:36:35.901,22.5,50,23.5,33,23,468,4402
14:36:36.216,22.5,50,23.5,23,23,468,4402
14:36:37.221,22.5,50,23.5,33,23,468,4402
14:37:02.858,22.5,50,23.5,13,23,468,4402
14:37:03.705,22.5,50,23.5,23,23,468,4402
14:37:26.726,22.5,50,23.5,33,23,468,4402
14:37:27.886,22.5,50,23.5,23,23,468,4402
14:37:28.236,22.5,30,23.5,23,23,468,4402
14:37:29.215,22.5,30,23.5,33,23,468,4402
14:37:34.721,22.5,50,23.5,33,23,468,4402
14:37:38.616,22.5,50,23.5,23,23,468,4402
14:37:42.225,22.5,50,23.5,13,23,468,4402
14:38:24.322,22.5,30,23.5,33,23,468,4402
14:38:37.732,22.5,50,23.5,33,23,468,4402
14:39:49.216,22.5,50,23.5,23,23,468,4402
14:39:51.250,22.5,30,23.5,33,23,468,4402
14:39:52.931,22.5,30,23.5,43,23,468,4402
14:39:56.254,22.5,50,23.5,23,23,468,4402
14:39:56.725,22.5,50,23.5,33,23,468,4402
14:39:57.627,22.5,50,23.5,43,23,468,4402
14:40:00.256,22.5,50,23.5,13,23,468,4402
14:40:01.188,22.5,50,23.5,23,23,468,4402
14:40:01.566,22.5,50,23.5,33,23,468,4402
14:40:01.984,22.5,50,23.5,23,23,468,4402
14:43:16.783,22.5,50,23.5,13,23,468,4402
14:43:28.739,22.5,30,23.5,13,23,468,4402
14:43:31.756,22.5,50,23.5,13,23,468,4402
14:44:01.785,22.5,30,23.5,13,23,468,4402
14:44:02.224,22.5,30,23.5,23,23,468,4402
14:44:03.855,22.5,30,23.5,13,23,468,4402
14:44:05.627,22.5,50,23.5,13,23,468,4402
14:45:00.118,22.5,50,23.5,3,23,468,4402
14:45:25.826,22.5,50,23.5,13,23,468,4402
14:45:26.729,22.5,50,23.5,23,23,468,4402
14:45:33.724,22.5,50,23.5,13,23,468,4402
14:45:34.726,22.5,50,23.5,23,23,468,4402
14:46:00.119,22.5,50,23.5,13,23,468,4402
14:46:01.847,22.5,50,23.5,23,23,468,4402
14:46:35.714,22.5,50,23.5,13,23,468,4402
14:47:12.49,22.5,50,23.5,3,23,468,4402
14:48:45.815,22.5,50,23.5,13,23,468,4402
14:48:46.967,22.5,50,23.5,3,23,468,4402
14:48:48.117,22.5,50,23.5,13,23,468,4402
14:48:49.269,22.5,50,23.5,3,23,468,4402
14:48:49.845,22.5,50,23.5,13,23,468,4402
14:48:50.996,22.5,50,23.5,3,23,468,4402
14:48:51.834,22.5,30,23.5,13,23,468,4402
14:48:52.241,22.5,30,23.5,23,23,468,4402
14:48:53.299,22.5,30,23.5,3,23,468,4402
14:48:58.227,22.5,50,23.5,3,23,468,4402
14:49:02.801,22.5,30,23.5,23,23,468,4402
14:49:04.236,22.5,30,23.5,13,23,468,4402
14:49:05.715,22.5,30,23.5,3,23,468,4402
14:49:06.237,22.5,50,23.5,3,23,468,4402
14:49:39.222,22.5,50,23.5,13,23,468,4402
14:49:56.35,22.5,50,23.5,3,23,468,4402
14:50:03.715,22.5,50,23.5,13,23,468,4402
14:50:19.116,22.5,50,23.5,23,23,468,4402
14:50:19.367,22.5,50,23.5,13,23,468,4402
14:50:20.217,22.5,50,23.5,3,23,468,4402
14:50:23.93,22.5,50,23.5,13,23,468,4402
14:50:32.743,22.5,50,23.5,3,23,468,4402
14:50:33.443,22.5,30,23.5,23,23,468,4402
14:50:37.155,22.5,30,23.5,33,23,468,4402
14:50:38.155,22.5,30,23.5,23,23,468,4402
14:50:41.728,22.5,50,23.5,23,23,468,4402
14:50:47.865,22.5,50,23.5,13,23,468,4402
14:50:48.998,22.5,50,23.5,3,23,468,4402
14:51:37.156,22.5,30,23.5,13,23,468,4402
14:51:37.385,22.5,30,23.5,3,23,468,4402
14:51:40.732,22.5,50,23.5,3,23,468,4402
14:52:23.2,22.5,40,23.5,3,23,468,4402
14:52:26.393,22.5,40,23.5,23,23,468,4402
14:52:27.156,22.5,20,23.5,23,23,468,4402
14:52:29.173,22.5,20,23.5,33,23,468,4402
14:52:33.587,22.5,40,23.5,33,23,468,4402
14:52:35.239,22.5,40,23.5,23,23,468,4402
14:52:35.855,22.5,40,23.5,3,23,468,4402
14:52:36.685,22.5,50,23.5,3,23,468,4402
14:53:25.19,22.5,50,23.5,13,23,468,4402
14:53:37.70,22.5,50,23.5,3,23,468,4402
14:53:46.325,22.5,30,23.5,13,23,468,4402
14:53:54.835,22.5,50,23.5,3,23,468,4402
14:55:01.510,22.5,40,23.5,3,23,468,4402
14:55:01.897,22.5,40,23.5,13,23,468,4402
14:55:02.921,22.5,40,23.5,3,23,468,4402
14:55:10.678,22.5,50,23.5,3,23,468,4402
14:55:11.878,22.5,40,23.5,3,23,468,4402
14:55:20.692,22.5,50,23.5,3,23,468,4402
14:55:34.239,22.5,50,23.5,13,23,468,4402
14:55:34.937,22.5,30,23.5,13,23,468,4402
14:55:38.251,22.5,50,23.5,13,23,468,4402
14:55:51.745,22.5,50,23.5,3,23,468,4402
14:55:52.901,22.5,50,23.5,13,23,468,4402
14:55:53.684,22.5,50,23.5,3,23,468,4402
14:55:54.878,22.5,50,23.5,13,23,468,4402
14:55:55.324,22.5,50,23.5,3,23,468,4402
14:55:56.924,22.5,30,23.5,13,23,468,4402
14:56:00.827,22.5,50,23.5,3,23,468,4402
14:56:03.921,22.5,30,23.5,13,23,468,4402
14:56:08.246,22.5,50,23.5,13,23,468,4402
14:56:10.341,22.5,50,23.5,3,23,468,4402
14:56:11.219,22.5,50,23.5,13,23,468,4402
14:56:12.877,22.5,30,23.5,13,23,468,4402
14:56:16.158,22.5,30,23.5,23,23,468,4402
14:56:17.158,22.5,50,23.5,13,23,468,4402
14:57:06.402,22.5,30,23.5,23,23,468,4402
14:57:06.889,22.5,30,23.5,13,23,468,4402
14:57:09.256,22.5,50,23.5,13,23,468,4402
14:57:14.589,22.5,30,23.5,23,23,468,4402
14:57:16.332,22.5,30,23.5,13,23,468,4402
14:57:19.223,22.5,50,23.5,13,23,468,4402
14:58:10.204,22.5,20,23.5,33,23,468,4402
14:58:10.234,22.5,20,23.5,43,23,468,4402
14:58:18.679,22.5,30,23.5,43,23,468,4402
14:58:18.843,22.5,50,23.5,43,23,468,4402
14:58:44.709,22.5,50,23.5,33,23,468,4402
14:58:59.658,22.5,40,23.5,33,23,468,4402
14:58:59.718,22.5,40,23.5,43,23,468,4402
14:59:01.157,22.5,40,23.5,30,23,468,4402
14:59:13.508,22.5,30,23.5,30,23,468,4402
14:59:21.96,22.5,10,23.5,40,23,468,4402
14:59:23.588,22.5,10,23.5,30,23,468,4402
14:59:23.771,22.5,10,23.5,40,23,468,4402
14:59:29.232,22.5,30,23.5,40,23,468,4402
14:59:29.840,22.5,30,23.5,30,23,468,4402
14:59:30.690,22.5,40,23.5,40,23,468,4402
14:59:32.966,22.5,40,23.5,30,23,468,4402
14:59:33.379,22.5,40,23.5,40,23,468,4402
14:59:36.90,22.5,40,23.5,30,23,468,4402
14:59:36.255,22.5,40,23.5,40,23,468,4402
14:59:42.351,22.5,40,23.5,30,23,468,4402
14:59:42.736,22.5,40,23.5,40,23,468,4402
14:59:45.478,22.5,40,23.5,30,23,468,4402
14:59:45.956,22.5,40,23.5,40,23,468,4402
14:59:47.420,22.5,30,23.5,30,23,468,4402
14:59:57.359,22.5,20,23.5,30,23,468,4402
14:59:58.439,22.5,20,23.5,20,23,468,4402
14:59:59.204,22.5,10,23.5,30,23,468,4402
15:00:00.207,22,10,23.5,30,23,468,4402
15:00:00.505,22,10,23.5,30,23,468,4402
15:00:25.368,22,10,23.5,30,23,468,4402
