11:05:13.0,2695,1,2716,1,2701,2,6
11:05:15.0,2696,1,2716,1,2701,2,6
11:05:16.0,2695,1,2715,1,2701,2,6
11:06:07.0,2696,1,2716,1,2701,2,6
11:06:10.0,2695,1,2715,1,2701,2,6
11:06:11.0,2695,1,2716,1,2701,2,6
11:06:17.0,2696,1,2716,1,2701,2,6
11:06:29.0,2695,1,2715,1,2701,2,6
11:06:32.0,2695,1,2716,1,2701,2,6
11:06:40.0,2696,1,2716,1,2701,2,6
11:06:47.0,2696,1,2717,1,2701,2,6
11:06:48.0,2697,1,2717,1,2701,2,6
11:06:57.0,2696,1,2717,1,2701,2,6
11:06:58.0,2696,1,2716,1,2701,2,6
11:07:00.0,2696,1,2717,1,2701,2,6
11:07:01.0,2697,1,2717,1,2701,2,6
11:07:02.0,2696,1,2717,1,2701,2,6
11:07:04.0,2697,1,2717,1,2701,2,6
11:07:04.0,2698,1,2718,1,2701,2,6
11:07:05.0,2699,1,2719,1,2701,2,6
11:07:06.0,2700,1,2720,1,2701,2,6
11:07:07.0,2700,1,2721,1,2701,2,6
11:07:07.0,2702,1,2722,1,2701,2,6
11:07:08.0,2699,1,2721,1,2701,2,6
11:07:09.0,2700,1,2720,1,2701,2,6
11:07:10.0,2699,1,2720,1,2701,2,6
11:07:12.0,2698,1,2718,1,2701,2,6
11:07:12.0,2698,1,2719,1,2701,2,6
11:07:14.0,2699,1,2719,1,2701,2,6
11:07:14.0,2699,1,2720,1,2701,2,6
11:07:15.0,2699,1,2719,1,2701,2,6
11:07:16.0,2698,1,2718,1,2701,2,6
11:07:17.0,2699,1,2719,1,2701,2,6
11:07:19.0,2698,1,2718,1,2701,2,6
11:07:19.0,2698,1,2719,1,2701,2,6
11:07:20.0,2698,1,2718,1,2701,2,6
11:07:21.0,2697,1,2718,1,2701,2,6
11:07:21.0,2697,1,2717,1,2701,2,6
11:07:25.0,2697,1,2718,1,2701,2,6
11:07:26.0,2698,1,2718,1,2701,2,6
11:07:30.0,2697,1,2718,1,2701,2,6
11:07:30.0,2697,1,2717,1,2701,2,6
11:07:32.0,2698,1,2718,1,2701,2,6
11:07:33.0,2697,1,2718,1,2701,2,6
11:07:35.0,2697,1,2717,1,2701,2,6
11:07:36.0,2697,1,2718,1,2701,2,6
11:07:37.0,2698,1,2718,1,2701,2,6
11:07:40.0,2697,1,2718,1,2701,2,6
11:07:41.0,2697,1,2717,1,2701,2,6
11:07:58.0,2696,1,2716,1,2701,2,6
11:08:00.0,2697,1,2717,1,2701,2,6
11:08:12.0,2698,1,2718,1,2701,2,6
11:08:17.0,2697,1,2717,1,2701,2,6
11:08:17.0,2697,1,2718,1,2701,2,6
11:08:18.0,2697,1,2717,1,2701,2,6
11:08:18.0,2697,1,2718,1,2701,2,6
11:08:20.0,2698,1,2718,1,2701,2,6
11:08:21.0,2696,1,2717,1,2701,2,6
11:08:22.0,2696,1,2716,1,2701,2,6
11:08:24.0,2695,1,2716,1,2701,2,6
11:08:26.0,2696,1,2716,1,2701,2,6
11:08:26.0,2695,1,2716,1,2701,2,6
11:08:27.0,2695,1,2715,1,2701,2,6
11:08:28.0,2697,1,2717,1,2701,2,6
11:08:38.0,2698,1,2718,1,2701,2,6
11:08:43.0,2697,1,2717,1,2701,2,6
11:08:48.0,2696,1,2716,1,2701,2,6
11:08:49.0,2697,1,2717,1,2701,2,6
11:08:53.0,2696,1,2717,1,2701,2,6
11:08:54.0,2696,1,2716,1,2701,2,6
11:09:01.0,2697,1,2717,1,2701,2,6
11:09:09.0,2696,1,2716,1,2701,2,6
11:09:15.0,2696,1,2717,1,2701,2,6
11:09:17.0,2696,1,2716,1,2701,2,6
11:09:19.0,2696,1,2717,1,2701,2,6
11:09:20.0,2696,1,2716,1,2701,2,6
11:09:27.0,2695,1,2716,1,2701,2,6
11:09:28.0,2695,1,2715,1,2701,2,6
11:09:31.0,2695,1,2716,1,2701,2,6
11:09:32.0,2696,1,2716,1,2701,2,6
11:09:57.0,2695,1,2715,1,2701,2,6
11:09:57.0,2696,1,2717,1,2701,2,6
11:10:02.0,2696,1,2716,1,2701,2,6
11:10:03.0,2696,1,2717,1,2701,2,6
11:10:06.0,2696,1,2716,1,2701,2,6
11:10:10.0,2696,1,2717,1,2701,2,6
11:10:12.0,2696,1,2716,1,2701,2,6
11:10:16.0,2697,1,2717,1,2701,2,6
11:10:23.0,2696,1,2716,1,2701,2,6
11:10:24.0,2697,1,2717,1,2701,2,6
11:10:25.0,2696,1,2716,1,2701,2,6
11:10:30.0,2695,1,2716,1,2701,2,6
11:10:30.0,2696,1,2716,1,2701,2,6
11:10:33.0,2695,1,2716,1,2701,2,6
11:10:36.0,2695,1,2715,1,2701,2,6
11:10:37.0,2696,1,2716,1,2701,2,6
11:10:40.0,2695,1,2716,1,2701,2,6
11:10:49.0,2695,1,2715,1,2701,2,6
11:10:49.0,2695,1,2716,1,2701,2,6
11:11:08.0,2696,1,2716,1,2701,2,6
11:11:09.0,2695,1,2716,1,2701,2,6
11:11:09.0,2695,1,2715,1,2701,2,6
11:11:10.0,2695,1,2716,1,2701,2,6
11:11:12.0,2695,1,2715,1,2701,2,6
11:11:31.0,2695,1,2716,1,2701,2,6
11:11:37.0,2694,1,2716,1,2701,2,6
11:11:39.0,2694,1,2714,1,2701,2,6
11:11:48.0,2693,1,2713,1,2701,2,6
11:11:52.0,2692,1,2713,1,2701,2,6
11:11:52.0,2693,1,2713,1,2701,2,6
11:12:00.0,2692,1,2713,1,2701,2,6
11:12:01.0,2692,1,2712,1,2701,2,6
11:12:02.0,2693,1,2713,1,2701,2,6
11:12:15.0,2693,1,2714,1,2701,2,6
11:12:22.0,2694,1,2714,1,2701,2,6
11:12:27.0,2695,1,2715,1,2701,2,6
11:12:31.0,2694,1,2714,1,2701,2,6
11:12:35.0,2694,1,2715,1,2701,2,6
11:12:36.0,2694,1,2714,1,2701,2,6
11:12:40.0,2695,1,2715,1,2701,2,6
11:13:02.0,2695,1,2716,1,2701,2,6
11:13:02.0,2696,1,2716,1,2701,2,6
11:13:10.0,2695,1,2716,1,2701,2,6
11:13:13.0,2696,1,2716,1,2701,2,6
11:13:41.0,2695,1,2715,1,2701,2,6
11:14:04.0,2695,1,2716,1,2701,2,6
11:14:08.0,2695,1,2715,1,2701,2,6
11:14:13.0,2695,1,2716,1,2701,2,6
11:14:14.0,2695,1,2715,1,2701,2,6
11:14:21.0,2695,1,2716,1,2701,2,6
11:14:22.0,2695,1,2715,1,2701,2,6
11:14:36.0,2695,1,2716,1,2701,2,6
11:14:39.0,2696,1,2716,1,2701,2,6
11:14:59.0,2695,1,2716,1,2701,2,6
11:15:00.0,2695,1,2715,1,2701,2,6
11:15:00.0,2695,1,2716,1,2701,2,6
11:15:08.0,2695,1,2715,1,2701,2,6
11:15:27.0,2696,1,2716,1,2701,2,6
11:15:56.0,2697,1,2717,1,2701,2,6
11:16:03.0,2696,1,2716,1,2701,2,6
11:16:14.0,2695,1,2716,1,2701,2,6
11:16:16.0,2696,1,2716,1,2701,2,6
11:16:19.0,2695,1,2716,1,2701,2,6
11:16:21.0,2695,1,2715,1,2701,2,6
11:16:27.0,2695,1,2716,1,2701,2,6
11:16:34.0,2696,1,2716,1,2701,2,6
11:16:43.0,2697,1,2717,1,2701,2,6
11:16:46.0,2696,1,2716,1,2701,2,6
11:16:47.0,2697,1,2717,1,2701,2,6
11:16:58.0,2696,1,2716,1,2701,2,6
11:16:59.0,2697,1,2717,1,2701,2,6
11:17:08.0,2698,1,2718,1,2701,2,6
11:17:10.0,2697,1,2718,1,2701,2,6
11:17:12.0,2698,1,2718,1,2701,2,6
11:17:19.0,2698,1,2719,1,2701,2,6
11:17:19.0,2699,1,2719,1,2701,2,6
11:17:24.0,2698,1,2718,1,2701,2,6
11:17:26.0,2698,1,2719,1,2701,2,6
11:17:28.0,2699,1,2719,1,2701,2,6
11:17:30.0,2698,1,2719,1,2701,2,6
11:17:30.0,2698,1,2718,1,2701,2,6
11:17:34.0,2698,1,2719,1,2701,2,6
11:17:43.0,2699,1,2719,1,2701,2,6
11:17:46.0,2698,1,2718,1,2701,2,6
11:17:50.0,2697,1,2718,1,2701,2,6
11:17:55.0,2698,1,2718,1,2701,2,6
11:17:58.0,2699,1,2719,1,2701,2,6
11:18:08.0,2700,1,2720,1,2701,2,6
11:18:09.0,2699,1,2720,1,2701,2,6
11:18:10.0,2700,1,2720,1,2701,2,6
11:18:13.0,2701,1,2721,1,2701,2,6
11:18:14.0,2700,1,2721,1,2701,2,6
11:18:14.0,2701,1,2721,1,2701,2,6
11:18:14.0,2700,1,2721,1,2701,2,6
11:18:17.0,2700,1,2720,1,2701,2,6
11:18:17.0,2701,1,2721,1,2701,2,6
11:18:21.0,2702,1,2722,1,2701,2,6
11:18:21.0,2701,1,2722,1,2701,2,6
11:18:21.0,2701,1,2721,1,2701,2,6
11:18:22.0,2701,1,2722,1,2701,2,6
11:18:23.0,2702,1,2722,1,2701,2,6
11:18:24.0,2701,1,2722,1,2701,2,6
11:18:26.0,2701,1,2721,1,2701,2,6
11:18:28.0,2701,1,2722,1,2701,2,6
11:18:28.0,2702,1,2722,1,2701,2,6
11:18:29.0,2701,1,2722,1,2701,2,6
11:18:30.0,2702,1,2722,1,2701,2,6
11:18:30.0,2703,1,2723,1,2701,2,6
11:18:31.0,2704,1,2724,1,2701,2,6
11:18:31.0,2703,1,2724,1,2701,2,6
11:18:32.0,2704,1,2724,1,2701,2,6
11:18:32.0,2703,1,2724,1,2701,2,6
11:18:34.0,2703,1,2723,1,2701,2,6
11:18:34.0,2704,1,2724,1,2701,2,6
11:18:37.0,2703,1,2723,1,2701,2,6
11:18:38.0,2704,1,2724,1,2701,2,6
11:18:40.0,2703,1,2723,1,2701,2,6
11:18:41.0,2704,1,2724,1,2701,2,6
11:18:44.0,2703,1,2723,1,2701,2,6
11:18:48.0,2704,1,2725,1,2701,2,6
11:18:50.0,2703,1,2725,1,2701,2,6
11:18:51.0,2704,1,2725,1,2701,2,6
11:18:53.0,2704,1,2724,1,2701,2,6
11:18:57.0,2703,1,2724,1,2701,2,6
11:18:58.0,2704,1,2724,1,2701,2,6
11:18:59.0,2703,1,2724,1,2701,2,6
11:18:59.0,2704,1,2724,1,2701,2,6
11:19:01.0,2705,1,2725,1,2701,2,6
11:19:01.0,2704,1,2725,1,2701,2,6
11:19:02.0,2705,1,2725,1,2701,2,6
11:19:03.0,2704,1,2724,1,2701,2,6
11:19:04.0,2704,1,2725,1,2701,2,6
11:19:05.0,2704,1,2724,1,2701,2,6
11:19:08.0,2703,1,2723,1,2701,2,6
11:19:09.0,2703,1,2724,1,2701,2,6
11:19:14.0,2704,1,2724,1,2701,2,6
11:19:20.0,2703,1,2724,1,2701,2,6
11:19:20.0,2703,1,2723,1,2701,2,6
11:19:26.0,2704,1,2724,1,2701,2,6
11:19:29.0,2703,1,2724,1,2701,2,6
11:19:30.0,2703,1,2723,1,2701,2,6
11:19:30.0,2703,1,2724,1,2701,2,6
11:19:32.0,2704,1,2724,1,2701,2,6
11:19:32.0,2703,1,2724,1,2701,2,6
11:19:35.0,2704,1,2724,1,2701,2,6
11:19:36.0,2703,1,2724,1,2701,2,6
11:19:36.0,2704,1,2724,1,2701,2,6
11:19:38.0,2703,1,2723,1,2701,2,6
11:19:38.0,2704,1,2724,1,2701,2,6
11:19:38.0,2703,1,2724,1,2701,2,6
11:19:39.0,2703,1,2723,1,2701,2,6
11:19:56.0,2703,1,2724,1,2701,2,6
11:19:56.0,2704,1,2724,1,2701,2,6
11:20:16.0,2703,1,2723,1,2701,2,6
11:20:16.0,2703,1,2724,1,2701,2,6
11:20:19.0,2704,1,2724,1,2701,2,6
11:20:22.0,2703,1,2723,1,2701,2,6
11:20:33.0,2704,1,2724,1,2701,2,6
11:20:34.0,2703,1,2723,1,2701,2,6
11:20:35.0,2703,1,2724,1,2701,2,6
11:20:36.0,2703,1,2723,1,2701,2,6
11:21:27.0,2702,1,2722,1,2701,2,6
11:22:36.0,2701,1,2721,1,2701,2,6
11:23:09.0,2701,1,2722,1,2701,2,6
11:23:12.0,2702,1,2722,1,2701,2,6
11:23:26.0,2702,1,2723,1,2701,2,6
11:23:33.0,2702,1,2722,1,2701,2,6
11:23:39.0,2702,1,2723,1,2701,2,6
11:23:39.0,2703,1,2723,1,2701,2,6
11:23:49.0,2703,1,2724,1,2701,2,6
11:23:52.0,2704,1,2724,1,2701,2,6
11:23:53.0,2703,1,2724,1,2701,2,6
11:23:54.0,2703,1,2723,1,2701,2,6
11:23:57.0,2704,1,2724,1,2701,2,6
11:24:04.0,2703,1,2724,1,2701,2,6
11:24:06.0,2703,1,2723,1,2701,2,6
11:24:07.0,2703,1,2724,1,2701,2,6
11:24:10.0,2703,1,2723,1,2701,2,6
11:24:12.0,2703,1,2724,1,2701,2,6
11:24:13.0,2703,1,2723,1,2701,2,6
11:24:24.0,2703,1,2724,1,2701,2,6
11:24:27.0,2703,1,2723,1,2701,2,6
11:24:34.0,2703,1,2724,1,2701,2,6
11:24:34.0,2703,1,2723,1,2701,2,6
11:24:55.0,2702,1,2722,1,2701,2,6
11:25:18.0,2701,1,2721,1,2701,2,6
11:25:22.0,2702,1,2722,1,2701,2,6
11:25:25.0,2701,1,2722,1,2701,2,6
11:25:25.0,2701,1,2721,1,2701,2,6
11:25:30.0,2700,1,2721,1,2701,2,6
11:25:30.0,2700,1,2720,1,2701,2,6
11:25:39.0,2701,1,2721,1,2701,2,6
11:25:43.0,2700,1,2720,1,2701,2,6
11:25:45.0,2700,1,2721,1,2701,2,6
11:25:47.0,2700,1,2720,1,2701,2,6
11:25:49.0,2700,1,2721,1,2701,2,6
11:25:51.0,2700,1,2720,1,2701,2,6
11:25:55.0,2701,1,2721,1,2701,2,6
11:25:56.0,2700,1,2721,1,2701,2,6
11:25:57.0,2700,1,2720,1,2701,2,6
11:26:22.0,2699,1,2720,1,2701,2,6
11:26:25.0,2699,1,2719,1,2701,2,6
11:26:26.0,2699,1,2720,1,2701,2,6
11:26:27.0,2699,1,2719,1,2701,2,6
11:26:29.0,2699,1,2720,1,2701,2,6
11:26:30.0,2699,1,2719,1,2701,2,6
11:26:31.0,2699,1,2720,1,2701,2,6
11:26:33.0,2699,1,2719,1,2701,2,6
11:26:34.0,2699,1,2720,1,2701,2,6
11:26:34.0,2699,1,2719,1,2701,2,6
11:26:55.0,2700,1,2720,1,2701,2,6
11:27:19.0,2699,1,2720,1,2701,2,6
11:27:21.0,2699,1,2719,1,2701,2,6
11:27:40.0,2698,1,2719,1,2701,2,6
11:27:44.0,2698,1,2718,1,2701,2,6
11:27:46.0,2697,1,2718,1,2701,2,6
11:27:51.0,2698,1,2718,1,2701,2,6
11:27:54.0,2697,1,2718,1,2701,2,6
11:27:58.0,2697,1,2717,1,2701,2,6
11:28:00.0,2697,1,2718,1,2701,2,6
11:28:01.0,2698,1,2719,1,2701,2,6
11:28:06.0,2699,1,2719,1,2701,2,6
11:28:11.0,2698,1,2719,1,2701,2,6
11:28:15.0,2699,1,2719,1,2701,2,6
11:28:18.0,2699,1,2720,1,2701,2,6
11:28:26.0,2699,1,2719,1,2701,2,6
11:28:30.0,2699,1,2720,1,2701,2,6
11:28:33.0,2699,1,2719,1,2701,2,6
11:28:37.0,2699,1,2720,1,2701,2,6
11:28:40.0,2699,1,2719,1,2701,2,6
11:28:44.0,2699,1,2720,1,2701,2,6
11:28:53.0,2700,1,2720,1,2701,2,6
11:28:55.0,2699,1,2720,1,2701,2,6
11:28:58.0,2700,1,2720,1,2701,2,6
11:28:58.0,2699,1,2720,1,2701,2,6
11:29:00.0,2699,1,2719,1,2701,2,6
11:29:02.0,2700,1,2720,1,2701,2,6
11:29:02.0,2699,1,2720,1,2701,2,6
11:29:09.0,2698,1,2719,1,2701,2,6
11:29:11.0,2698,1,2718,1,2701,2,6
11:29:14.0,2697,1,2718,1,2701,2,6
11:29:16.0,2698,1,2718,1,2701,2,6
11:29:21.0,2699,1,2719,1,2701,2,6
11:29:30.0,2699,1,2720,1,2701,2,6
11:29:31.0,2699,1,2719,1,2701,2,6
11:29:35.0,2698,1,2719,1,2701,2,6
11:29:48.0,2699,1,2719,1,2701,2,6
11:29:52.0,2698,1,2719,1,2701,2,6
11:29:53.0,2698,1,2718,1,2701,2,6
11:29:56.0,2699,1,2719,1,2701,2,6
11:29:57.0,2698,1,2719,1,2701,2,6
13:30:00.0,2701,1,2721,1,2701,2,6
13:30:01.0,2701,1,2722,1,2701,2,6
13:30:04.0,2699,1,2722,1,2701,2,6
13:30:04.0,2699,1,2721,1,2701,2,6
13:30:09.0,2701,1,2721,1,2701,2,6
13:30:11.0,2701,1,2720,1,2701,2,6
13:30:13.0,2699,1,2720,1,2701,2,6
13:30:15.0,2701,1,2720,1,2701,2,6
13:30:15.0,2699,1,2720,1,2701,2,6
13:30:18.0,2700,1,2720,1,2701,2,6
13:30:21.0,2700,1,2719,1,2701,2,6
13:30:24.0,2699,1,2719,1,2701,2,6
13:30:24.0,2699,1,2718,1,2701,2,6
13:30:28.0,2700,1,2719,1,2701,2,6
13:30:29.0,2699,1,2719,1,2701,2,6
13:30:29.0,2699,1,2718,1,2701,2,6
13:30:33.0,2698,1,2717,1,2701,2,6
13:30:34.0,2698,1,2718,1,2701,2,6
13:30:50.0,2698,1,2717,1,2701,2,6
13:30:54.0,2698,1,2718,1,2701,2,6
13:30:55.0,2699,1,2718,1,2701,2,6
13:31:04.0,2698,1,2718,1,2701,2,6
13:31:05.0,2698,1,2717,1,2701,2,6
13:31:07.0,2698,1,2718,1,2701,2,6
13:31:10.0,2698,1,2717,1,2701,2,6
13:31:11.0,2698,1,2718,1,2701,2,6
13:31:16.0,2699,1,2718,1,2701,2,6
13:31:28.0,2698,1,2717,1,2701,2,6
13:31:31.0,2699,1,2718,1,2701,2,6
13:31:36.0,2698,1,2718,1,2701,2,6
13:31:42.0,2699,1,2718,1,2701,2,6
13:31:48.0,2698,1,2718,1,2701,2,6
13:31:49.0,2698,1,2717,1,2701,2,6
13:31:50.0,2698,1,2718,1,2701,2,6
13:31:57.0,2699,1,2718,1,2701,2,6
13:31:59.0,2698,1,2718,1,2701,2,6
13:32:00.0,2699,1,2718,1,2701,2,6
13:32:04.0,2698,1,2718,1,2701,2,6
13:32:10.0,2698,1,2717,1,2701,2,6
13:32:35.0,2697,1,2716,1,2701,2,6
13:33:12.0,2698,1,2717,1,2701,2,6
13:33:18.0,2697,1,2717,1,2701,2,6
13:33:19.0,2697,1,2716,1,2701,2,6
13:33:41.0,2697,1,2717,1,2701,2,6
13:33:49.0,2697,1,2716,1,2701,2,6
13:34:07.0,2696,1,2715,1,2701,2,6
13:34:07.0,2697,1,2716,1,2701,2,6
13:34:24.0,2696,1,2715,1,2701,2,6
13:34:30.0,2696,1,2716,1,2701,2,6
13:34:31.0,2696,1,2715,1,2701,2,6
13:34:41.0,2696,1,2716,1,2701,2,6
13:34:55.0,2697,1,2716,1,2701,2,6
13:34:55.0,2696,1,2715,1,2701,2,6
13:35:12.0,2696,1,2716,1,2701,2,6
13:35:12.0,2697,1,2716,1,2701,2,6
13:35:18.0,2696,1,2715,1,2701,2,6
13:35:20.0,2696,1,2716,1,2701,2,6
13:35:23.0,2697,1,2716,1,2701,2,6
13:35:29.0,2696,1,2715,1,2701,2,6
13:35:32.0,2696,1,2716,1,2701,2,6
13:35:32.0,2697,1,2716,1,2701,2,6
13:35:35.0,2696,1,2716,1,2701,2,6
13:35:36.0,2697,1,2716,1,2701,2,6
13:35:39.0,2696,1,2715,1,2701,2,6
13:35:41.0,2696,1,2716,1,2701,2,6
13:35:47.0,2696,1,2715,1,2701,2,6
13:35:50.0,2697,1,2716,1,2701,2,6
13:36:16.0,2696,1,2715,1,2701,2,6
13:36:21.0,2696,1,2716,1,2701,2,6
13:36:24.0,2697,1,2716,1,2701,2,6
13:36:26.0,2696,1,2716,1,2701,2,6
13:36:31.0,2697,1,2716,1,2701,2,6
13:36:33.0,2696,1,2716,1,2701,2,6
13:36:34.0,2697,1,2716,1,2701,2,6
13:36:36.0,2696,1,2716,1,2701,2,6
13:36:37.0,2696,1,2715,1,2701,2,6
13:36:38.0,2696,1,2716,1,2701,2,6
13:36:38.0,2697,1,2716,1,2701,2,6
13:36:43.0,2696,1,2715,1,2701,2,6
13:37:17.0,2696,1,2716,1,2701,2,6
13:37:17.0,2697,1,2716,1,2701,2,6
13:38:45.0,2696,1,2715,1,2701,2,6
13:38:49.0,2697,1,2716,1,2701,2,6
13:39:00.0,2696,1,2715,1,2701,2,6
13:39:03.0,2696,1,2716,1,2701,2,6
13:39:04.0,2697,1,2716,1,2701,2,6
13:39:05.0,2696,1,2715,1,2701,2,6
13:39:20.0,2697,1,2716,1,2701,2,6
13:39:25.0,2696,1,2716,1,2701,2,6
13:39:26.0,2697,1,2716,1,2701,2,6
13:39:26.0,2696,1,2715,1,2701,2,6
13:40:09.0,2695,1,2715,1,2701,2,6
13:40:21.0,2696,1,2715,1,2701,2,6
13:40:29.0,2695,1,2715,1,2701,2,6
13:40:29.0,2696,1,2715,1,2701,2,6
13:40:29.0,2695,1,2715,1,2701,2,6
13:40:32.0,2695,1,2714,1,2701,2,6
13:42:01.0,2694,1,2713,1,2701,2,6
13:42:21.0,2694,1,2714,1,2701,2,6
13:42:24.0,2694,1,2713,1,2701,2,6
13:42:32.0,2694,1,2714,1,2701,2,6
13:42:36.0,2694,1,2713,1,2701,2,6
13:42:37.0,2694,1,2714,1,2701,2,6
13:42:44.0,2694,1,2713,1,2701,2,6
13:42:47.0,2694,1,2714,1,2701,2,6
13:42:49.0,2694,1,2713,1,2701,2,6
13:43:10.0,2693,1,2712,1,2701,2,6
13:43:31.0,2693,1,2713,1,2701,2,6
13:43:31.0,2694,1,2713,1,2701,2,6
13:43:42.0,2694,1,2714,1,2701,2,6
13:43:43.0,2693,1,2712,1,2701,2,6
13:43:56.0,2694,1,2713,1,2701,2,6
13:46:14.0,2695,1,2714,2,2701,2,6
13:46:25.0,2695,1,2714,1,2701,2,6
13:46:26.0,2695,1,2715,1,2701,2,6
13:46:26.0,2696,1,2715,1,2701,2,6
13:46:35.0,2697,1,2716,1,2701,2,6
13:47:01.0,2696,1,2716,1,2701,2,6
13:47:03.0,2696,1,2715,1,2701,2,6
13:47:03.0,2696,1,2716,1,2701,2,6
13:47:04.0,2697,1,2716,1,2701,2,6
13:47:12.0,2696,1,2716,1,2701,2,6
13:47:14.0,2697,1,2716,1,2701,2,6
13:47:15.0,2696,1,2716,1,2701,2,6
13:47:17.0,2697,1,2716,1,2701,2,6
13:47:22.0,2696,1,2716,1,2701,2,6
13:47:23.0,2697,1,2716,1,2701,2,6
13:47:24.0,2696,1,2716,1,2701,2,6
13:47:25.0,2697,1,2716,1,2701,2,6
13:47:35.0,2699,1,2717,1,2701,2,6
13:47:36.0,2699,1,2718,1,2701,2,6
13:47:38.0,2698,1,2717,1,2701,2,6
13:47:39.0,2697,1,2717,1,2701,2,6
13:47:47.0,2697,1,2716,1,2701,2,6
13:47:56.0,2697,1,2717,1,2701,2,6
13:47:56.0,2697,1,2716,1,2701,2,6
13:48:05.0,2697,1,2717,1,2701,2,6
13:48:21.0,2698,1,2717,1,2701,2,6
13:49:05.0,2697,1,2716,1,2701,2,6
13:49:12.0,2696,1,2715,1,2701,2,6
13:49:12.0,2696,1,2716,1,2701,2,6
13:49:12.0,2697,1,2716,1,2701,2,6
13:49:16.0,2696,1,2716,1,2701,2,6
13:49:18.0,2696,1,2715,1,2701,2,6
13:49:23.0,2697,1,2716,1,2701,2,6
13:49:39.0,2696,1,2715,1,2701,2,6
13:49:42.0,2696,1,2716,1,2701,2,6
13:49:44.0,2696,1,2715,1,2701,2,6
13:49:44.0,2696,1,2716,1,2701,2,6
13:49:47.0,2696,1,2715,1,2701,2,6
13:49:49.0,2696,1,2716,1,2701,2,6
13:49:52.0,2697,1,2716,1,2701,2,6
13:49:55.0,2696,1,2715,1,2701,2,6
13:50:22.0,2695,1,2714,1,2701,2,6
13:50:43.0,2694,1,2713,1,2701,2,6
13:50:44.0,2694,1,2714,1,2701,2,6
13:50:46.0,2694,1,2713,1,2701,2,6
13:50:50.0,2694,1,2714,1,2701,2,6
13:50:52.0,2695,1,2714,1,2701,2,6
13:51:36.0,2694,1,2714,1,2701,2,6
13:51:44.0,2694,1,2713,1,2701,2,6
13:51:52.0,2693,1,2712,1,2701,2,6
13:51:53.0,2694,1,2713,1,2701,2,6
13:51:55.0,2693,1,2713,1,2701,2,6
13:51:55.0,2694,1,2713,1,2701,2,6
13:52:31.0,2693,1,2712,1,2701,2,6
13:52:33.0,2693,1,2713,1,2701,2,6
13:52:37.0,2694,1,2713,1,2701,2,6
13:52:40.0,2693,1,2713,1,2701,2,6
13:52:42.0,2693,1,2712,1,2701,2,6
13:53:12.0,2692,1,2711,1,2701,2,6
13:53:28.0,2693,1,2712,1,2701,2,6
13:54:23.0,2692,1,2711,1,2701,2,6
13:54:23.0,2692,1,2712,1,2701,2,6
13:54:24.0,2693,1,2712,1,2701,2,6
13:54:38.0,2692,1,2711,1,2701,2,6
13:54:49.0,2692,1,2712,1,2701,2,6
13:54:51.0,2693,1,2712,1,2701,2,6
13:54:51.0,2692,1,2712,1,2701,2,6
13:54:55.0,2693,1,2712,1,2701,2,6
13:54:58.0,2692,1,2711,1,2701,2,6
13:55:03.0,2692,1,2712,1,2701,2,6
13:55:05.0,2693,1,2712,1,2701,2,6
13:55:10.0,2692,1,2711,1,2701,2,6
13:55:45.0,2691,1,2710,1,2701,2,6
13:55:46.0,2691,1,2711,1,2701,2,6
13:55:51.0,2692,1,2711,1,2701,2,6
13:55:52.0,2691,1,2710,1,2701,2,6
13:56:01.0,2691,1,2711,1,2701,2,6
13:56:06.0,2691,1,2710,1,2701,2,6
13:56:07.0,2691,1,2711,1,2701,2,6
13:56:08.0,2692,1,2711,1,2701,2,6
13:57:42.0,2693,1,2712,1,2701,2,6
13:57:43.0,2694,1,2713,1,2701,2,6
13:57:44.0,2693,1,2713,1,2701,2,6
13:57:58.0,2693,1,2712,1,2701,2,6
13:57:58.0,2694,1,2713,1,2701,2,6
13:58:03.0,2693,1,2713,1,2701,2,6
13:58:04.0,2694,1,2713,1,2701,2,6
13:58:22.0,2696,1,2715,1,2701,2,6
13:59:24.0,2697,1,2716,1,2701,2,6
13:59:29.0,2698,1,2717,1,2701,2,6
13:59:35.0,2697,1,2717,1,2701,2,6
13:59:36.0,2698,1,2717,1,2701,2,6
13:59:37.0,2697,1,2717,1,2701,2,6
13:59:41.0,2697,1,2716,1,2701,2,6
13:59:42.0,2697,1,2717,1,2701,2,6
13:59:44.0,2697,1,2716,1,2701,2,6
13:59:45.0,2697,1,2717,1,2701,2,6
13:59:45.0,2697,1,2716,1,2701,2,6
13:59:53.0,2696,1,2715,1,2701,2,6
13:59:59.0,2696,1,2716,1,2701,2,6
14:00:17.0,2697,1,2716,1,2701,2,6
14:00:21.0,2696,1,2716,1,2701,2,6
14:00:23.0,2697,1,2716,1,2701,2,6
14:00:28.0,2696,1,2716,1,2701,2,6
14:00:29.0,2697,1,2716,1,2701,2,6
14:00:45.0,2696,1,2716,1,2701,2,6
14:00:50.0,2697,1,2716,1,2701,2,6
14:01:09.0,2696,1,2715,1,2701,2,6
14:01:35.0,2695,1,2715,1,2701,2,6
14:02:00.0,2695,1,2714,1,2701,2,6
14:02:07.0,2695,1,2715,1,2701,2,6
14:02:07.0,2695,1,2714,1,2701,2,6
14:02:48.0,2696,1,2715,1,2701,2,6
14:02:50.0,2695,1,2715,1,2701,2,6
14:03:03.0,2696,1,2715,1,2701,2,6
14:06:44.0,2695,1,2715,1,2701,2,6
14:06:47.0,2695,1,2714,1,2701,2,6
14:07:02.0,2696,1,2715,1,2701,2,6
14:07:02.0,2695,1,2714,1,2701,2,6
14:07:03.0,2696,1,2715,1,2701,2,6
14:07:27.0,2696,1,2716,1,2701,2,6
14:07:28.0,2697,1,2716,1,2701,2,6
14:07:29.0,2696,1,2716,1,2701,2,6
14:07:29.0,2697,1,2716,1,2701,2,6
14:07:30.0,2696,1,2716,1,2701,2,6
14:07:37.0,2697,1,2716,1,2701,2,6
14:07:49.0,2696,1,2715,1,2701,2,6
14:07:56.0,2695,1,2714,1,2701,2,6
14:08:04.0,2695,1,2715,1,2701,2,6
14:08:32.0,2696,1,2715,1,2701,2,6
14:09:35.0,2695,1,2714,1,2701,2,6
14:10:20.0,2694,1,2713,1,2701,2,6
14:10:23.0,2694,1,2714,1,2701,2,6
14:10:27.0,2694,1,2713,1,2701,2,6
14:10:39.0,2693,1,2712,1,2701,2,6
14:10:39.0,2694,1,2713,1,2701,2,6
14:10:40.0,2694,1,2714,1,2701,2,6
14:10:41.0,2695,1,2714,1,2701,2,6
14:10:42.0,2694,1,2714,1,2701,2,6
14:10:45.0,2693,1,2713,1,2701,2,6
14:10:48.0,2694,1,2713,1,2701,2,6
14:10:48.0,2693,1,2712,1,2701,2,6
14:10:54.0,2694,1,2713,1,2701,2,6
14:10:58.0,2693,1,2713,1,2701,2,6
14:10:59.0,2694,1,2713,1,2701,2,6
14:11:00.0,2693,1,2712,1,2701,2,6
14:11:05.0,2692,1,2712,1,2701,2,6
14:11:07.0,2692,1,2711,1,2701,2,6
14:11:19.0,2692,1,2712,1,2701,2,6
14:11:22.0,2694,1,2713,1,2701,2,6
14:11:27.0,2693,1,2713,1,2701,2,6
14:11:34.0,2694,1,2713,1,2701,2,6
14:11:46.0,2693,1,2712,1,2701,2,6
14:11:48.0,2693,1,2713,1,2701,2,6
14:11:56.0,2693,1,2712,1,2701,2,6
14:11:58.0,2693,1,2713,1,2701,2,6
14:12:03.0,2693,1,2712,1,2701,2,6
14:12:07.0,2694,1,2713,1,2701,2,6
14:12:32.0,2693,1,2713,1,2701,2,6
14:12:34.0,2693,1,2712,1,2701,2,6
14:12:53.0,2694,1,2713,1,2701,2,6
14:13:33.0,2693,1,2712,1,2701,2,6
14:13:37.0,2693,1,2713,1,2701,2,6
14:13:37.0,2693,1,2712,1,2701,2,6
14:13:38.0,2693,1,2713,1,2701,2,6
14:13:43.0,2693,1,2712,1,2701,2,6
14:13:46.0,2693,1,2713,1,2701,2,6
14:13:50.0,2693,1,2712,1,2701,2,6
14:13:52.0,2693,1,2713,1,2701,2,6
14:14:07.0,2693,1,2712,1,2701,2,6
14:14:16.0,2693,1,2713,1,2701,2,6
14:14:16.0,2694,1,2713,1,2701,2,6
14:16:12.0,2694,1,2714,1,2701,2,6
14:16:13.0,2695,1,2714,1,2701,2,6
14:16:18.0,2695,1,2715,1,2701,2,6
14:16:29.0,2695,1,2714,1,2701,2,6
14:16:29.0,2695,1,2715,1,2701,2,6
14:16:35.0,2696,1,2715,1,2701,2,6
14:17:17.0,2696,1,2716,1,2701,2,6
14:17:20.0,2697,1,2716,1,2701,2,6
14:17:44.0,2697,1,2717,2,2701,2,6
14:17:45.0,2697,1,2716,1,2701,2,6
14:17:46.0,2697,1,2717,2,2701,2,6
14:17:46.0,2698,1,2717,2,2701,2,6
14:18:55.0,2699,1,2717,1,2701,2,6
14:18:57.0,2699,1,2718,1,2701,2,6
14:18:57.0,2700,1,2718,1,2701,2,6
14:18:58.0,2701,1,2720,1,2701,2,6
14:18:59.0,2702,1,2721,2,2701,2,6
14:18:59.0,2703,1,2721,1,2701,2,6
14:19:02.0,2703,1,2722,1,2701,2,6
14:19:05.0,2704,1,2723,2,2701,2,6
14:19:09.0,2705,1,2723,1,2701,2,6
14:19:11.0,2706,1,2723,1,2701,2,6
14:19:14.0,2705,1,2723,1,2701,2,6
14:19:15.0,2704,1,2723,2,2701,2,6
14:19:17.0,2704,1,2723,1,2701,2,6
14:19:20.0,2704,1,2723,2,2701,2,6
14:19:20.0,2703,1,2723,2,2701,2,6
14:19:20.0,2704,1,2723,2,2701,2,6
14:19:35.0,2704,1,2723,1,2701,2,6
14:19:37.0,2705,1,2723,1,2701,2,6
14:19:41.0,2706,1,2723,1,2701,2,6
14:19:45.0,2707,1,2723,1,2701,2,6
14:19:46.0,2708,1,2723,1,2701,2,6
14:19:46.0,2709,1,2724,1,2701,2,6
14:19:47.0,2710,1,2725,1,2701,2,6
14:19:47.0,2711,1,2725,1,2701,2,6
14:19:49.0,2710,1,2725,1,2701,2,6
14:19:53.0,2711,1,2725,1,2701,2,6
14:19:54.0,2710,1,2725,1,2701,2,6
14:19:55.0,2711,1,2725,1,2701,2,6
14:19:58.0,2711,1,2726,1,2701,2,6
14:19:58.0,2712,1,2726,1,2701,2,6
14:19:58.0,2712,1,2727,1,2701,2,6
14:19:59.0,2711,1,2727,1,2701,2,6
14:20:00.0,2712,1,2727,1,2701,2,6
14:20:00.0,2711,1,2727,1,2701,2,6
14:20:04.0,2712,1,2727,1,2701,2,6
14:20:05.0,2711,1,2727,1,2701,2,6
14:20:08.0,2712,1,2727,1,2701,2,6
14:20:09.0,2711,1,2727,1,2701,2,6
14:20:12.0,2712,1,2727,1,2701,2,6
14:20:14.0,2711,1,2727,1,2701,2,6
14:20:19.0,2712,1,2727,1,2701,2,6
14:20:20.0,2711,1,2727,1,2701,2,6
14:20:36.0,2710,1,2727,1,2701,2,6
14:20:38.0,2711,1,2727,1,2701,2,6
14:20:40.0,2710,1,2727,1,2701,2,6
14:20:42.0,2711,1,2727,1,2701,2,6
14:20:43.0,2710,1,2727,1,2701,2,6
14:20:49.0,2711,1,2727,1,2701,2,6
14:20:50.0,2710,1,2727,1,2701,2,6
14:20:57.0,2711,1,2727,1,2701,2,6
14:20:58.0,2710,1,2727,1,2701,2,6
14:21:04.0,2711,1,2727,1,2701,2,6
14:21:05.0,2712,1,2727,1,2701,2,6
14:21:06.0,2713,1,2730,1,2701,2,6
14:21:07.0,2717,1,2736,1,2701,2,6
14:21:07.0,2721,1,2738,1,2701,2,6
14:21:09.0,2718,1,2738,1,2701,2,6
14:21:10.0,2720,1,2738,1,2701,2,6
14:21:11.0,2719,1,2738,2,2701,2,6
14:21:12.0,2719,1,2738,1,2701,2,6
14:21:12.0,2719,1,2738,2,2701,2,6
14:21:13.0,2718,1,2737,1,2701,2,6
14:21:14.0,2719,1,2738,2,2701,2,6
14:21:15.0,2718,1,2738,2,2701,2,6
14:21:15.0,2719,1,2738,2,2701,2,6
14:21:16.0,2718,1,2738,1,2701,2,6
14:21:16.0,2719,1,2738,2,2701,2,6
14:21:17.0,2719,1,2737,1,2701,2,6
14:21:18.0,2718,1,2737,1,2701,2,6
14:21:20.0,2719,1,2737,1,2701,2,6
14:21:21.0,2718,1,2737,1,2701,2,6
14:21:21.0,2719,1,2737,1,2701,2,6
14:21:21.0,2718,1,2737,1,2701,2,6
14:21:22.0,2719,1,2737,1,2701,2,6
14:21:23.0,2718,1,2737,1,2701,2,6
14:21:24.0,2719,1,2737,1,2701,2,6
14:21:24.0,2718,1,2737,1,2701,2,6
14:21:25.0,2718,1,2737,2,2701,2,6
14:21:37.0,2720,1,2737,1,2701,2,6
14:21:39.0,2720,1,2738,1,2701,2,6
14:21:41.0,2721,1,2738,1,2701,2,6
14:21:42.0,2720,1,2738,1,2701,2,6
14:21:43.0,2721,1,2738,1,2701,2,6
14:21:43.0,2722,1,2738,1,2701,2,6
14:21:44.0,2723,1,2738,1,2701,2,6
14:21:50.0,2722,1,2738,1,2701,2,6
14:21:51.0,2721,1,2738,1,2701,2,6
14:21:52.0,2722,1,2738,1,2701,2,6
14:21:53.0,2721,1,2738,1,2701,2,6
14:21:56.0,2722,1,2738,1,2701,2,6
14:21:57.0,2721,1,2738,1,2701,2,6
14:22:00.0,2720,1,2738,1,2701,2,6
14:22:01.0,2721,1,2738,1,2701,2,6
14:22:03.0,2720,1,2738,1,2701,2,6
14:22:08.0,2721,1,2738,1,2701,2,6
14:22:09.0,2720,1,2738,1,2701,2,6
14:22:17.0,2719,1,2738,2,2701,2,6
14:22:23.0,2718,1,2738,2,2701,2,6
14:22:24.0,2718,1,2737,1,2701,2,6
14:22:24.0,2718,1,2738,2,2701,2,6
14:22:25.0,2718,1,2737,1,2701,2,6
14:22:26.0,2719,1,2738,2,2701,2,6
14:22:31.0,2718,1,2737,1,2701,2,6
14:22:39.0,2718,1,2738,2,2701,2,6
14:22:47.0,2718,1,2737,1,2701,2,6
14:22:47.0,2718,1,2738,2,2701,2,6
14:22:49.0,2719,1,2738,2,2701,2,6
14:22:51.0,2718,1,2738,2,2701,2,6
14:22:52.0,2719,1,2738,2,2701,2,6
14:22:53.0,2718,1,2738,2,2701,2,6
14:22:55.0,2719,1,2738,2,2701,2,6
14:23:04.0,2720,1,2738,1,2701,2,6
14:23:08.0,2721,1,2738,1,2701,2,6
14:23:13.0,2721,1,2734,1,2701,2,6
14:23:15.0,2722,1,2734,1,2701,2,6
14:23:16.0,2720,1,2736,1,2701,2,6
14:23:17.0,2720,1,2734,1,2701,2,6
14:23:22.0,2721,1,2734,1,2701,2,6
14:23:25.0,2722,1,2734,1,2701,2,6
14:23:28.0,2721,1,2734,1,2701,2,6
14:23:29.0,2722,1,2734,1,2701,2,6
14:23:32.0,2721,1,2734,1,2701,2,6
14:23:42.0,2720,1,2734,1,2701,2,6
14:23:44.0,2721,1,2734,1,2701,2,6
14:23:52.0,2720,1,2734,1,2701,2,6
14:23:58.0,2721,1,2734,1,2701,2,6
14:24:02.0,2720,1,2734,1,2701,2,6
14:24:06.0,2719,1,2734,1,2701,2,6
14:24:15.0,2719,1,2736,1,2701,2,6
14:24:23.0,2719,1,2733,1,2701,2,6
14:24:26.0,2718,1,2733,1,2701,2,6
14:24:30.0,2719,1,2733,1,2701,2,6
14:24:34.0,2718,1,2730,1,2701,2,6
14:24:35.0,2719,1,2730,1,2701,2,6
14:24:39.0,2721,1,2733,1,2701,2,6
14:24:42.0,2721,1,2736,1,2701,2,6
14:24:44.0,2723,1,2736,1,2701,2,6
14:24:49.0,2722,1,2736,1,2701,2,6
14:24:50.0,2721,1,2736,1,2701,2,6
14:24:51.0,2723,1,2736,1,2701,2,6
14:24:53.0,2722,1,2736,1,2701,2,6
14:24:56.0,2723,1,2736,1,2701,2,6
14:24:58.0,2725,1,2736,1,2701,2,6
14:25:08.0,2726,1,2738,1,2701,2,6
14:25:08.0,2725,1,2738,1,2701,2,6
14:25:09.0,2727,1,2738,1,2701,2,6
14:25:12.0,2726,1,2738,1,2701,2,6
14:25:12.0,2727,1,2738,1,2701,2,6
14:25:13.0,2726,1,2738,1,2701,2,6
14:25:14.0,2727,1,2738,1,2701,2,6
14:25:14.0,2726,1,2738,1,2701,2,6
14:25:25.0,2727,1,2738,1,2701,2,6
14:25:30.0,2728,1,2738,1,2701,2,6
14:25:30.0,2727,1,2738,1,2701,2,6
14:25:35.0,2726,1,2738,1,2701,2,6
14:25:37.0,2726,1,2736,1,2701,2,6
14:25:49.0,2727,1,2736,1,2701,2,6
14:25:50.0,2726,1,2736,1,2701,2,6
14:25:54.0,2727,1,2736,1,2701,2,6
14:25:55.0,2726,1,2736,1,2701,2,6
14:26:02.0,2727,1,2736,1,2701,2,6
14:26:05.0,2726,1,2734,1,2701,2,6
14:26:06.0,2726,1,2736,1,2701,2,6
14:26:10.0,2726,1,2735,1,2701,2,6
14:26:11.0,2725,1,2735,1,2701,2,6
14:26:17.0,2726,1,2735,1,2701,2,6
14:26:17.0,2725,1,2735,1,2701,2,6
14:26:21.0,2724,1,2735,1,2701,2,6
14:26:22.0,2724,1,2734,1,2701,2,6
14:26:33.0,2724,1,2735,1,2701,2,6
14:26:43.0,2723,1,2735,1,2701,2,6
14:26:44.0,2724,1,2735,1,2701,2,6
14:26:53.0,2723,1,2735,1,2701,2,6
14:26:57.0,2724,1,2735,1,2701,2,6
14:26:58.0,2724,1,2734,1,2701,2,6
14:27:00.0,2723,1,2734,1,2701,2,6
14:27:05.0,2724,1,2734,1,2701,2,6
14:27:07.0,2725,1,2734,1,2701,2,6
14:27:15.0,2726,1,2734,1,2701,2,6
14:27:22.0,2725,1,2734,1,2701,2,6
14:27:27.0,2726,1,2734,1,2701,2,6
14:27:29.0,2727,1,2734,1,2701,2,6
14:27:38.0,2727,1,2735,1,2701,2,6
14:27:39.0,2726,1,2735,1,2701,2,6
14:27:39.0,2725,1,2735,1,2701,2,6
14:27:43.0,2726,1,2735,1,2701,2,6
14:27:44.0,2727,1,2735,1,2701,2,6
14:27:45.0,2726,1,2735,1,2701,2,6
14:27:48.0,2725,1,2735,1,2701,2,6
14:27:49.0,2727,1,2735,1,2701,2,6
14:27:59.0,2728,1,2735,1,2701,2,6
14:28:03.0,2729,1,2735,1,2701,2,6
14:28:07.0,2728,1,2735,1,2701,2,6
14:28:07.0,2729,1,2735,1,2701,2,6
14:28:16.0,2728,1,2735,1,2701,2,6
14:28:19.0,2729,1,2735,1,2701,2,6
14:28:20.0,2728,1,2735,1,2701,2,6
14:28:23.0,2729,1,2735,1,2701,2,6
14:28:24.0,2728,1,2735,1,2701,2,6
14:28:27.0,2729,1,2735,1,2701,2,6
14:28:29.0,2728,1,2735,1,2701,2,6
14:28:29.0,2729,1,2735,1,2701,2,6
14:28:30.0,2728,1,2735,1,2701,2,6
14:28:33.0,2729,1,2735,1,2701,2,6
14:28:34.0,2728,1,2735,1,2701,2,6
14:28:52.0,2727,1,2735,1,2701,2,6
14:28:58.0,2726,1,2735,1,2701,2,6
14:28:59.0,2727,1,2735,1,2701,2,6
14:29:03.0,2728,1,2735,1,2701,2,6
14:29:06.0,2729,1,2735,1,2701,2,6
14:29:09.0,2729,1,2734,1,2701,2,6
14:29:10.0,2728,1,2734,1,2701,2,6
14:29:11.0,2728,1,2733,1,2701,2,6
14:29:13.0,2729,1,2734,1,2701,2,6
14:29:15.0,2730,1,2734,1,2701,2,6
14:29:17.0,2731,1,2735,1,2701,2,6
14:29:22.0,2732,1,2736,1,2701,2,6
14:29:26.0,2733,1,2736,1,2701,2,6
14:29:29.0,2732,1,2736,1,2701,2,6
14:29:30.0,2733,1,2736,1,2701,2,6
14:29:31.0,2732,1,2736,1,2701,2,6
14:29:33.0,2731,1,2736,1,2701,2,6
14:29:34.0,2733,1,2736,1,2701,2,6
14:30:05.0,2731,1,2736,1,2701,2,6
14:30:06.0,2730,1,2736,1,2701,2,6
14:30:09.0,2731,1,2736,1,2701,2,6
14:30:17.0,2730,1,2736,1,2701,2,6
14:30:19.0,2729,1,2736,1,2701,2,6
14:30:29.0,2728,1,2736,1,2701,2,6
14:30:37.0,2727,1,2736,1,2701,2,6
14:30:38.0,2726,1,2736,1,2701,2,6
14:30:43.0,2725,1,2736,1,2701,2,6
14:30:44.0,2726,1,2736,1,2701,2,6
14:30:47.0,2725,1,2736,1,2701,2,6
14:30:47.0,2726,1,2736,1,2701,2,6
14:30:48.0,2725,1,2736,1,2701,2,6
14:30:50.0,2726,1,2736,1,2701,2,6
14:30:51.0,2725,1,2736,1,2701,2,6
14:30:53.0,2726,1,2736,1,2701,2,6
14:30:55.0,2725,1,2736,1,2701,2,6
14:31:01.0,2724,1,2736,1,2701,2,6
14:31:03.0,2724,1,2728,1,2701,2,6
14:31:08.0,2724,1,2736,1,2701,2,6
14:31:25.0,2723,1,2736,1,2701,2,6
14:32:08.0,2723,1,2729,1,2701,2,6
14:32:09.0,2724,1,2729,1,2701,2,6
14:32:10.0,2723,1,2729,1,2701,2,6
14:32:10.0,2724,1,2729,1,2701,2,6
14:32:10.0,2723,1,2729,1,2701,2,6
14:32:12.0,2724,1,2729,1,2701,2,6
14:32:13.0,2723,1,2729,1,2701,2,6
14:32:14.0,2724,1,2729,1,2701,2,6
14:32:15.0,2723,1,2729,1,2701,2,6
14:32:55.0,2724,1,2729,1,2701,2,6
14:32:56.0,2723,1,2729,1,2701,2,6
14:33:02.0,2723,1,2727,1,2701,2,6
14:33:02.0,2724,1,2727,1,2701,2,6
14:33:07.0,2723,1,2727,1,2701,2,6
14:33:08.0,2724,1,2727,1,2701,2,6
14:33:10.0,2714,1,2727,1,2701,2,6
14:33:16.0,2703,2,2727,1,2701,2,6
14:33:16.0,2704,1,2727,1,2701,2,6
14:33:24.0,2705,1,2727,1,2701,2,6
14:33:25.0,2705,1,2729,1,2701,2,6
14:33:27.0,2706,1,2729,1,2701,2,6
14:33:28.0,2705,1,2729,1,2701,2,6
14:33:30.0,2706,1,2729,1,2701,2,6
14:33:37.0,2705,1,2729,1,2701,2,6
14:33:37.0,2706,1,2729,1,2701,2,6
14:33:38.0,2706,1,2730,1,2701,2,6
14:33:40.0,2706,1,2729,1,2701,2,6
14:33:45.0,2705,1,2729,1,2701,2,6
14:33:46.0,2706,1,2729,1,2701,2,6
14:33:47.0,2706,1,2730,1,2701,2,6
14:33:47.0,2705,1,2730,2,2701,2,6
14:33:52.0,2705,1,2730,1,2701,2,6
14:33:55.0,2705,1,2730,2,2701,2,6
14:34:00.0,2706,1,2730,1,2701,2,6
14:34:01.0,2706,1,2728,1,2701,2,6
14:34:02.0,2706,1,2730,1,2701,2,6
14:34:03.0,2707,1,2730,1,2701,2,6
14:34:13.0,2706,1,2730,1,2701,2,6
14:34:14.0,2707,1,2730,1,2701,2,6
14:34:16.0,2708,1,2730,1,2701,2,6
14:34:16.0,2709,1,2730,1,2701,2,6
14:34:20.0,2710,1,2732,1,2701,2,6
14:34:28.0,2714,1,2736,1,2701,2,6
14:34:31.0,2715,1,2736,1,2701,2,6
14:34:31.0,2714,1,2736,1,2701,2,6
14:34:33.0,2711,1,2736,1,2701,2,6
14:34:33.0,2712,1,2736,1,2701,2,6
14:34:34.0,2715,1,2736,1,2701,2,6
14:34:37.0,2712,1,2736,1,2701,2,6
14:34:38.0,2713,1,2736,1,2701,2,6
14:34:38.0,2712,1,2736,1,2701,2,6
14:34:41.0,2713,1,2736,1,2701,2,6
14:34:44.0,2712,1,2736,1,2701,2,6
14:34:51.0,2711,1,2736,1,2701,2,6
14:34:51.0,2711,1,2736,2,2701,2,6
14:34:52.0,2712,1,2736,1,2701,2,6
14:34:53.0,2711,1,2736,1,2701,2,6
14:34:55.0,2711,1,2736,2,2701,2,6
14:34:57.0,2710,1,2735,1,2701,2,6
14:34:57.0,2711,1,2736,2,2701,2,6
14:35:00.0,2710,1,2735,1,2701,2,6
14:35:01.0,2711,1,2736,2,2701,2,6
14:35:02.0,2710,1,2736,2,2701,2,6
14:35:05.0,2711,1,2736,1,2701,2,6
14:35:09.0,2712,1,2736,1,2701,2,6
14:35:13.0,2711,1,2736,2,2701,2,6
14:35:13.0,2711,1,2736,1,2701,2,6
14:35:14.0,2711,1,2736,2,2701,2,6
14:35:16.0,2711,1,2736,1,2701,2,6
14:35:17.0,2711,1,2736,2,2701,2,6
14:35:18.0,2710,1,2736,1,2701,2,6
14:35:18.0,2711,1,2736,1,2701,2,6
14:35:19.0,2712,1,2736,1,2701,2,6
14:35:21.0,2711,1,2736,2,2701,2,6
14:35:24.0,2711,1,2736,1,2701,2,6
14:35:24.0,2711,1,2736,2,2701,2,6
14:35:27.0,2710,1,2735,1,2701,2,6
14:35:28.0,2710,1,2736,2,2701,2,6
14:35:33.0,2710,1,2735,1,2701,2,6
14:35:35.0,2710,1,2736,2,2701,2,6
14:35:36.0,2710,1,2735,1,2701,2,6
14:35:41.0,2709,1,2734,1,2701,2,6
14:35:42.0,2709,1,2735,1,2701,2,6
14:35:46.0,2709,1,2734,1,2701,2,6
14:35:49.0,2710,1,2734,1,2701,2,6
14:35:50.0,2709,1,2734,2,2701,2,6
14:35:51.0,2709,1,2734,1,2701,2,6
14:35:51.0,2709,1,2734,2,2701,2,6
14:36:00.0,2709,1,2734,1,2701,2,6
14:36:02.0,2710,1,2734,1,2701,2,6
14:36:03.0,2710,2,2734,1,2701,2,6
14:36:07.0,2710,1,2734,1,2701,2,6
14:36:16.0,2711,1,2734,1,2701,2,6
14:36:17.0,2710,1,2734,1,2701,2,6
14:36:31.0,2710,1,2733,1,2701,2,6
14:36:37.0,2709,1,2733,1,2701,2,6
14:36:42.0,2708,1,2733,2,2701,2,6
14:36:50.0,2709,1,2733,1,2701,2,6
14:36:57.0,2708,1,2733,2,2701,2,6
14:36:58.0,2709,1,2733,1,2701,2,6
14:36:59.0,2708,1,2733,2,2701,2,6
14:37:07.0,2707,2,2732,1,2701,2,6
14:37:13.0,2707,1,2732,1,2701,2,6
14:37:16.0,2706,1,2731,1,2701,2,6
14:37:19.0,2706,1,2732,1,2701,2,6
14:37:21.0,2707,1,2732,1,2701,2,6
14:37:23.0,2706,1,2732,1,2701,2,6
14:37:24.0,2707,1,2732,1,2701,2,6
14:37:40.0,2707,1,2729,1,2701,2,6
14:37:47.0,2708,1,2729,1,2701,2,6
14:37:52.0,2708,1,2732,1,2701,2,6
14:38:03.0,2709,1,2732,1,2701,2,6
14:38:04.0,2710,1,2732,1,2701,2,6
14:38:04.0,2709,1,2732,1,2701,2,6
14:38:07.0,2710,1,2732,1,2701,2,6
14:38:08.0,2711,1,2732,1,2701,2,6
14:38:17.0,2710,1,2732,1,2701,2,6
14:38:22.0,2711,1,2732,1,2701,2,6
14:38:24.0,2710,1,2732,1,2701,2,6
14:38:26.0,2711,1,2732,1,2701,2,6
14:38:37.0,2710,1,2732,1,2701,2,6
14:38:39.0,2711,1,2732,1,2701,2,6
14:38:43.0,2710,1,2732,1,2701,2,6
14:38:44.0,2711,1,2732,1,2701,2,6
14:38:44.0,2710,1,2732,1,2701,2,6
14:38:52.0,2709,1,2732,1,2701,2,6
14:38:53.0,2710,1,2732,1,2701,2,6
14:39:02.0,2711,1,2732,1,2701,2,6
14:39:06.0,2712,1,2733,1,2701,2,6
14:39:14.0,2713,1,2733,1,2701,2,6
14:39:15.0,2712,1,2733,1,2701,2,6
14:39:16.0,2713,1,2733,1,2701,2,6
14:39:17.0,2713,1,2734,1,2701,2,6
14:39:19.0,2712,1,2732,1,2701,2,6
14:39:19.0,2712,1,2734,1,2701,2,6
14:39:31.0,2713,1,2734,1,2701,2,6
14:39:46.0,2712,1,2734,1,2701,2,6
14:39:46.0,2713,1,2734,1,2701,2,6
14:39:46.0,2712,1,2734,1,2701,2,6
14:40:01.0,2713,1,2734,1,2701,2,6
14:40:03.0,2712,1,2734,1,2701,2,6
14:40:05.0,2713,1,2734,1,2701,2,6
14:40:13.0,2712,1,2734,1,2701,2,6
14:40:16.0,2713,1,2734,1,2701,2,6
14:40:19.0,2712,1,2734,1,2701,2,6
14:40:41.0,2711,1,2734,1,2701,2,6
14:40:44.0,2710,1,2734,1,2701,2,6
14:40:46.0,2709,1,2734,2,2701,2,6
14:40:48.0,2709,1,2734,1,2701,2,6
14:40:49.0,2709,1,2734,2,2701,2,6
14:40:58.0,2708,1,2734,2,2701,2,6
14:40:58.0,2709,1,2734,2,2701,2,6
14:40:58.0,2708,1,2733,1,2701,2,6
14:40:59.0,2707,1,2732,1,2701,2,6
14:41:01.0,2707,1,2733,1,2701,2,6
14:41:08.0,2707,1,2732,1,2701,2,6
14:41:11.0,2707,1,2732,2,2701,2,6
14:41:13.0,2708,1,2732,1,2701,2,6
14:41:14.0,2707,1,2732,1,2701,2,6
14:41:16.0,2708,1,2732,1,2701,2,6
14:41:17.0,2707,1,2732,1,2701,2,6
14:41:17.0,2708,1,2732,1,2701,2,6
14:41:19.0,2707,1,2732,1,2701,2,6
14:41:20.0,2707,1,2732,2,2701,2,6
14:41:28.0,2708,1,2732,1,2701,2,6
14:41:29.0,2707,1,2732,1,2701,2,6
14:41:30.0,2708,1,2732,1,2701,2,6
14:41:30.0,2707,1,2732,1,2701,2,6
14:41:31.0,2707,1,2732,2,2701,2,6
14:41:48.0,2707,1,2728,1,2701,2,6
14:41:54.0,2708,1,2728,1,2701,2,6
14:42:04.0,2707,1,2728,1,2701,2,6
14:42:08.0,2708,1,2728,1,2701,2,6
14:42:29.0,2707,1,2728,1,2701,2,6
14:42:33.0,2708,1,2728,1,2701,2,6
14:42:39.0,2707,1,2728,1,2701,2,6
14:42:45.0,2706,1,2728,1,2701,2,6
14:42:52.0,2707,1,2728,1,2701,2,6
14:42:58.0,2706,1,2728,1,2701,2,6
14:43:09.0,2707,1,2728,1,2701,2,6
14:43:10.0,2706,1,2728,1,2701,2,6
14:43:20.0,2707,1,2728,1,2701,2,6
14:43:21.0,2706,1,2728,1,2701,2,6
14:43:49.0,2707,1,2728,1,2701,2,6
14:43:49.0,2706,1,2728,1,2701,2,6
14:43:51.0,2707,1,2728,1,2701,2,6
14:43:52.0,2706,1,2728,1,2701,2,6
14:43:55.0,2707,1,2728,1,2701,2,6
14:43:58.0,2707,1,2732,2,2701,2,6
14:44:07.0,2708,1,2732,1,2701,2,6
14:44:16.0,2709,1,2732,1,2701,2,6
14:44:36.0,2710,1,2732,1,2701,2,6
14:44:49.0,2710,1,2734,1,2701,2,6
14:44:50.0,2711,1,2734,1,2701,2,6
14:44:51.0,2710,1,2734,1,2701,2,6
14:44:52.0,2711,1,2734,1,2701,2,6
14:44:54.0,2712,1,2734,1,2701,2,6
14:45:10.0,2711,1,2734,1,2701,2,6
14:45:13.0,2712,1,2734,1,2701,2,6
14:45:15.0,2711,1,2734,1,2701,2,6
14:45:18.0,2710,1,2734,1,2701,2,6
14:45:25.0,2709,1,2734,1,2701,2,6
14:45:27.0,2710,1,2734,1,2701,2,6
14:45:35.0,2711,1,2734,1,2701,2,6
14:45:46.0,2711,1,2736,2,2701,2,6
14:45:48.0,2710,1,2735,1,2701,2,6
14:45:53.0,2711,1,2736,2,2701,2,6
14:45:57.0,2711,1,2732,1,2701,2,6
14:46:02.0,2710,1,2732,1,2701,2,6
14:46:04.0,2711,1,2732,1,2701,2,6
14:46:06.0,2710,1,2732,1,2701,2,6
14:46:12.0,2711,1,2732,1,2701,2,6
14:46:22.0,2710,1,2732,1,2701,2,6
14:46:31.0,2711,1,2732,1,2701,2,6
14:46:31.0,2710,1,2732,1,2701,2,6
14:46:38.0,2711,1,2732,1,2701,2,6
14:46:40.0,2710,1,2732,1,2701,2,6
14:46:42.0,2711,1,2732,1,2701,2,6
14:46:55.0,2710,1,2732,1,2701,2,6
14:47:15.0,2709,2,2732,1,2701,2,6
14:47:19.0,2710,1,2732,1,2701,2,6
14:47:30.0,2709,2,2732,1,2701,2,6
14:47:36.0,2710,1,2732,1,2701,2,6
14:47:46.0,2710,1,2735,1,2701,2,6
14:48:06.0,2709,2,2735,1,2701,2,6
14:48:07.0,2708,1,2734,1,2701,2,6
14:48:12.0,2708,1,2733,1,2701,2,6
14:48:15.0,2709,1,2734,1,2701,2,6
14:48:17.0,2708,1,2734,1,2701,2,6
14:48:17.0,2708,1,2733,1,2701,2,6
14:48:23.0,2708,1,2731,1,2701,2,6
14:48:38.0,2708,1,2734,1,2701,2,6
14:48:41.0,2709,1,2734,1,2701,2,6
14:48:44.0,2708,1,2734,1,2701,2,6
14:48:46.0,2708,1,2733,1,2701,2,6
14:48:46.0,2708,1,2734,1,2701,2,6
14:48:50.0,2708,1,2733,1,2701,2,6
14:48:51.0,2710,1,2735,1,2701,2,6
14:50:00.0,2710,1,2732,1,2701,2,6
14:50:09.0,2711,1,2732,1,2701,2,6
14:50:13.0,2711,1,2736,2,2701,2,6
14:50:39.0,2710,1,2735,1,2701,2,6
14:50:47.0,2710,1,2736,2,2701,2,6
14:51:07.0,2711,1,2736,2,2701,2,6
14:51:10.0,2710,1,2736,2,2701,2,6
14:51:19.0,2711,1,2736,2,2701,2,6
14:51:20.0,2710,1,2736,2,2701,2,6
14:51:20.0,2710,1,2735,1,2701,2,6
14:51:22.0,2711,1,2736,2,2701,2,6
14:51:23.0,2710,1,2736,2,2701,2,6
14:51:24.0,2711,1,2736,2,2701,2,6
14:51:28.0,2710,1,2735,1,2701,2,6
14:51:28.0,2710,1,2736,2,2701,2,6
14:51:33.0,2710,1,2735,1,2701,2,6
14:51:37.0,2710,1,2732,1,2701,2,6
14:51:55.0,2711,1,2732,1,2701,2,6
14:52:00.0,2710,1,2732,1,2701,2,6
14:52:07.0,2711,1,2732,1,2701,2,6
14:52:25.0,2711,1,2736,2,2701,2,6
14:52:42.0,2711,1,2731,1,2701,2,6
14:53:06.0,2710,1,2731,1,2701,2,6
14:53:08.0,2711,1,2731,1,2701,2,6
14:53:16.0,2710,1,2731,1,2701,2,6
14:53:40.0,2711,1,2731,1,2701,2,6
14:53:40.0,2710,1,2731,1,2701,2,6
14:53:53.0,2711,1,2731,1,2701,2,6
14:53:53.0,2710,1,2731,1,2701,2,6
14:53:57.0,2711,1,2731,1,2701,2,6
14:53:58.0,2710,1,2731,1,2701,2,6
14:54:02.0,2711,1,2731,1,2701,2,6
14:54:04.0,2710,1,2731,1,2701,2,6
14:54:15.0,2711,1,2731,1,2701,2,6
14:54:54.0,2710,1,2731,1,2701,2,6
14:54:57.0,2711,1,2731,1,2701,2,6
14:55:01.0,2710,1,2731,1,2701,2,6
14:55:02.0,2711,1,2731,1,2701,2,6
14:55:02.0,2710,1,2731,1,2701,2,6
14:55:06.0,2711,1,2731,1,2701,2,6
14:55:12.0,2710,1,2731,1,2701,2,6
14:55:16.0,2711,1,2731,1,2701,2,6
14:55:20.0,2710,1,2731,1,2701,2,6
14:55:21.0,2711,1,2731,1,2701,2,6
14:55:42.0,2712,1,2731,1,2701,2,6
14:55:46.0,2711,1,2731,1,2701,2,6
14:55:47.0,2712,1,2731,1,2701,2,6
14:55:48.0,2712,1,2736,1,2701,2,6
14:55:48.0,2718,1,2737,1,2701,2,6
14:55:48.0,2719,1,2737,1,2701,2,6
14:55:49.0,2718,1,2738,1,2701,2,6
14:55:50.0,2717,1,2738,1,2701,2,6
14:55:52.0,2716,1,2738,1,2701,2,6
14:55:52.0,2714,1,2738,1,2701,2,6
14:55:52.0,2715,1,2738,1,2701,2,6
14:55:54.0,2714,1,2738,1,2701,2,6
14:55:58.0,2715,1,2738,1,2701,2,6
14:55:59.0,2714,1,2738,1,2701,2,6
14:56:07.0,2713,1,2738,1,2701,2,6
14:56:08.0,2713,1,2738,2,2701,2,6
14:56:10.0,2712,1,2738,2,2701,2,6
14:56:11.0,2711,1,2738,2,2701,2,6
14:56:11.0,2710,1,2736,1,2701,2,6
14:56:19.0,2710,1,2738,2,2701,2,6
14:56:20.0,2711,1,2738,2,2701,2,6
14:56:23.0,2711,1,2736,1,2701,2,6
14:56:26.0,2710,1,2736,1,2701,2,6
14:56:27.0,2711,1,2736,1,2701,2,6
14:56:27.0,2710,1,2736,1,2701,2,6
14:56:29.0,2711,1,2736,1,2701,2,6
14:56:29.0,2710,1,2736,1,2701,2,6
14:56:34.0,2710,1,2735,1,2701,2,6
14:56:44.0,2709,1,2735,1,2701,2,6
14:56:46.0,2708,2,2733,1,2701,2,6
14:56:46.0,2708,2,2731,1,2701,2,6
14:56:47.0,2707,2,2731,1,2701,2,6
14:56:47.0,2707,1,2731,1,2701,2,6
14:56:49.0,2708,1,2731,1,2701,2,6
14:56:50.0,2707,1,2731,1,2701,2,6
14:56:55.0,2707,1,2732,1,2701,2,6
14:56:57.0,2708,1,2733,1,2701,2,6
14:57:02.0,2709,1,2735,1,2701,2,6
14:57:02.0,2709,1,2732,1,2701,2,6
14:57:07.0,2710,1,2732,1,2701,2,6
14:57:09.0,2709,1,2732,1,2701,2,6
14:57:48.0,2708,1,2732,1,2701,2,6
14:57:48.0,2709,1,2732,1,2701,2,6
14:57:49.0,2710,1,2732,1,2701,2,6
14:58:09.0,2709,1,2732,1,2701,2,6
14:58:17.0,2710,1,2732,1,2701,2,6
14:58:20.0,2711,1,2732,1,2701,2,6
14:58:25.0,2711,1,2733,1,2701,2,6
14:58:31.0,2712,1,2733,1,2701,2,6
14:58:36.0,2711,1,2733,1,2701,2,6
14:58:58.0,2712,1,2733,1,2701,2,6
14:59:00.0,2711,1,2733,1,2701,2,6
14:59:02.0,2713,1,2733,1,2701,2,6
14:59:03.0,2711,1,2733,1,2701,2,6
14:59:06.0,2712,1,2733,1,2701,2,6
14:59:07.0,2713,1,2733,1,2701,2,6
14:59:07.0,2712,1,2733,1,2701,2,6
14:59:08.0,2711,1,2733,1,2701,2,6
14:59:12.0,2710,1,2733,1,2701,2,6
14:59:14.0,2711,1,2733,1,2701,2,6
14:59:15.0,2710,1,2733,1,2701,2,6
14:59:18.0,2711,1,2733,1,2701,2,6
14:59:19.0,2710,1,2733,1,2701,2,6
14:59:23.0,2711,1,2733,1,2701,2,6
14:59:23.0,2712,1,2733,1,2701,2,6
14:59:25.0,2711,1,2733,1,2701,2,6
14:59:25.0,2710,1,2733,1,2701,2,6
14:59:26.0,2711,1,2733,1,2701,2,6
14:59:27.0,2712,1,2733,1,2701,2,6
14:59:28.0,2711,1,2733,1,2701,2,6
14:59:32.0,2710,1,2733,1,2701,2,6
14:59:33.0,2711,1,2733,1,2701,2,6
14:59:35.0,2712,1,2733,1,2701,2,6
14:59:36.0,2711,1,2733,1,2701,2,6
14:59:40.0,2710,1,2733,1,2701,2,6
14:59:42.0,2711,1,2733,1,2701,2,6
14:59:46.0,2710,1,2733,1,2701,2,6
14:59:48.0,2711,1,2733,1,2701,2,6
14:59:49.0,2710,1,2733,1,2701,2,6
14:59:50.0,2711,1,2733,1,2701,2,6
14:59:51.0,2710,1,2733,1,2701,2,6
14:59:52.0,2711,1,2733,1,2701,2,6
14:59:59.0,2712,1,2733,1,2701,2,6
14:59:59.0,2712,1,2733,1,2701,2,6
