09:02:02.0,19215,1,19405,3,19320,2,124
09:02:02.500,19225,2,19405,3,19320,2,124
09:02:03.0,19230,3,19405,3,19320,2,124
09:02:03.500,19230,5,19405,3,19320,2,124
09:02:04.0,19230,5,19405,3,19320,2,124
09:02:04.500,19230,7,19405,3,19320,2,124
09:02:05.0,19230,7,19405,3,19320,2,124
09:02:05.500,19230,5,19405,3,19320,2,124
09:02:32.0,19235,3,19405,3,19320,2,124
09:02:32.500,19240,3,19405,3,19320,2,124
09:02:33.0,19240,5,19405,3,19320,2,124
09:02:40.500,19240,5,19405,3,19320,2,124
09:03:26.500,19240,5,19405,2,19320,2,124
09:03:27.0,19255,2,19405,2,19320,2,124
09:03:27.500,19260,4,19405,2,19320,2,124
09:03:28.0,19260,6,19405,2,19320,2,124
09:04:56.0,19265,3,19405,2,19320,2,124
09:04:56.500,19270,3,19400,1,19320,2,124
09:04:57.0,19270,5,19400,2,19320,2,124
09:04:57.500,19270,5,19400,1,19320,2,124
09:05:04.500,19270,5,19400,1,19320,2,124
09:05:06.500,19270,5,19485,1,19320,2,124
09:05:07.0,19270,5,19455,1,19320,2,124
09:05:07.500,19270,5,19450,2,19320,2,124
09:05:08.500,19270,5,19445,1,19320,2,124
09:05:09.0,19270,5,19440,2,19320,2,124
09:05:09.500,19270,5,19435,1,19320,2,124
09:05:10.0,19270,5,19430,2,19320,2,124
09:05:10.500,19270,5,19425,1,19320,2,124
09:05:11.0,19270,5,19420,1,19320,2,124
09:05:11.500,19270,5,19415,1,19320,2,124
09:05:12.0,19270,5,19415,1,19320,2,124
09:05:18.500,19270,5,19455,1,19320,2,124
09:05:19.0,19270,5,19450,3,19320,2,124
09:05:19.500,19285,2,19450,3,19320,2,124
09:05:20.0,19290,4,19450,3,19320,2,124
09:05:20.500,19295,2,19450,3,19320,2,124
09:05:21.0,19300,3,19450,3,19320,2,124
09:05:21.500,19300,3,19450,3,19320,2,124
09:05:22.0,19305,2,19450,3,19320,2,124
09:05:22.500,19310,3,19450,3,19320,2,124
09:05:23.0,19310,3,19450,3,19320,2,124
09:05:23.500,19315,2,19450,3,19320,2,124
09:05:24.0,19320,2,19450,3,19320,2,124
09:05:24.500,19320,2,19450,3,19320,2,124
09:05:28.500,19320,1,19450,3,19320,2,124
09:05:29.0,19320,1,19450,3,19320,2,124
09:05:31.0,19320,1,19450,3,19320,2,124
09:05:31.500,19320,1,19430,1,19320,2,124
09:05:32.0,19320,1,19425,1,19320,2,124
09:05:32.500,19325,1,19425,1,19320,2,124
09:05:33.0,19330,1,19425,1,19320,2,124
09:05:33.500,19330,1,19425,1,19320,2,124
09:05:55.0,19330,1,19420,1,19320,2,124
09:05:55.500,19330,1,19415,1,19320,2,124
09:05:56.0,19330,1,19415,1,19320,2,124
09:05:58.500,19290,1,19415,1,19320,2,124
09:05:59.0,19295,5,19415,1,19320,2,124
09:06:00.500,19295,5,19410,1,19320,2,124
09:06:01.0,19295,5,19405,1,19320,2,124
09:06:05.0,19295,5,19430,1,19320,2,124
09:06:05.500,19295,5,19425,2,19320,2,124
09:06:29.0,19295,5,19425,1,19320,2,124
09:06:49.0,19295,5,19420,1,19320,2,124
09:06:49.500,19295,5,19415,1,19320,2,124
09:06:50.0,19295,5,19415,1,19320,2,124
09:06:58.0,19295,5,19410,1,19320,2,124
09:06:58.500,19295,5,19405,1,19320,2,124
09:06:59.0,19295,5,19405,1,19320,2,124
09:07:14.0,19295,4,19405,1,19320,2,124
09:07:30.0,19300,1,19405,1,19320,2,124
09:07:30.500,19305,2,19405,1,19320,2,124
09:07:31.0,19305,2,19405,1,19320,2,124
09:07:35.0,19305,2,19430,1,19320,2,124
09:07:35.500,19305,2,19425,2,19320,2,124
09:07:36.500,19310,2,19425,2,19320,2,124
09:07:37.0,19315,2,19425,2,19320,2,124
09:07:37.500,19315,2,19425,2,19320,2,124
09:07:52.0,19315,1,19425,2,19320,2,124
09:08:04.500,19320,1,19425,1,19320,2,124
09:08:05.0,19325,1,19425,1,19320,2,124
09:08:05.500,19325,1,19425,1,19320,2,124
09:08:10.500,19325,1,19420,1,19320,2,124
09:08:11.0,19325,1,19415,1,19320,2,124
09:08:11.500,19325,1,19415,1,19320,2,124
09:08:12.500,19280,1,19410,1,19320,2,124
09:08:13.0,19285,5,19405,1,19320,2,124
09:08:30.0,19285,5,19400,1,19320,2,124
09:08:30.500,19285,5,19395,1,19320,2,124
09:08:31.0,19285,5,19395,1,19320,2,124
09:08:31.500,19285,4,19395,1,19320,2,124
09:08:37.500,19285,2,19390,1,19320,2,124
09:08:38.0,19285,1,19385,1,19320,2,124
09:08:38.500,19285,1,19385,1,19320,2,124
09:08:43.0,19290,1,19385,1,19320,2,124
09:08:43.500,19295,1,19430,1,19320,2,124
09:08:44.0,19295,1,19425,3,19320,2,124
09:08:47.500,19300,1,19425,3,19320,2,124
09:08:48.0,19305,1,19425,3,19320,2,124
09:08:48.500,19305,1,19425,3,19320,2,124
09:08:51.500,19240,1,19425,3,19320,2,124
09:08:52.0,19245,6,19425,3,19320,2,124
09:08:52.500,19245,6,19425,3,19320,2,124
09:09:28.500,19250,3,19425,3,19320,2,124
09:09:29.0,19255,4,19425,3,19320,2,124
09:09:29.500,19260,2,19425,3,19320,2,124
09:09:30.0,19265,3,19425,3,19320,2,124
09:09:30.500,19265,3,19425,3,19320,2,124
09:09:31.0,19270,2,19425,3,19320,2,124
09:09:31.500,19275,3,19425,3,19320,2,124
09:09:32.0,19275,3,19425,3,19320,2,124
09:09:32.500,19280,2,19425,3,19320,2,124
09:09:33.0,19285,2,19425,3,19320,2,124
09:09:33.500,19285,3,19425,3,19320,2,124
09:09:34.0,19290,2,19425,3,19320,2,124
09:09:34.500,19295,2,19425,3,19320,2,124
09:09:35.0,19295,1,19425,3,19320,2,124
09:09:59.0,19295,1,19425,3,19320,2,124
09:10:03.500,19300,1,19425,3,19320,2,124
09:10:04.0,19305,1,19425,3,19320,2,124
09:10:04.500,19305,1,19425,3,19320,2,124
09:10:05.0,19310,1,19425,2,19320,2,124
09:10:05.500,19315,1,19425,2,19320,2,124
09:10:06.0,19320,1,19425,1,19320,2,124
09:10:06.500,19325,1,19425,1,19320,2,124
09:10:07.0,19325,1,19425,1,19320,2,124
09:10:29.500,19325,1,19420,1,19320,2,124
09:10:30.0,19325,1,19415,1,19320,2,124
09:10:30.500,19325,1,19415,1,19320,2,124
09:10:34.0,19230,1,19410,1,19320,2,124
09:10:34.500,19265,2,19405,1,19320,2,124
09:10:35.0,19270,3,19405,1,19320,2,124
09:10:35.500,19270,5,19405,1,19320,2,124
09:10:40.0,19270,5,19405,1,19320,2,124
09:10:40.500,19270,5,19405,1,19320,2,124
09:11:14.0,19270,5,19400,1,19320,2,124
09:11:14.500,19270,5,19395,1,19320,2,124
09:11:15.500,19270,5,19395,1,19320,2,124
09:11:18.500,19270,5,19390,1,19320,2,124
09:11:19.0,19270,5,19390,1,19320,2,124
09:11:19.500,19270,5,19430,1,19320,2,124
09:11:20.0,19270,5,19425,3,19320,2,124
09:12:16.0,19270,4,19425,3,19320,2,124
09:12:16.500,19270,4,19420,1,19320,2,124
09:12:17.0,19270,4,19415,3,19320,2,124
09:12:21.500,19275,1,19415,3,19320,2,124
09:12:22.0,19280,1,19415,3,19320,2,124
09:12:22.500,19280,4,19415,3,19320,2,124
09:12:23.0,19285,1,19415,3,19320,2,124
09:12:23.500,19290,2,19415,2,19320,2,124
09:12:24.0,19290,3,19415,2,19320,2,124
09:12:24.500,19295,2,19415,2,19320,2,124
09:12:25.0,19300,2,19415,2,19320,2,124
09:12:25.500,19300,2,19415,2,19320,2,124
09:12:28.500,19305,2,19415,1,19320,2,124
09:12:29.0,19310,2,19415,1,19320,2,124
09:12:29.500,19315,1,19430,1,19320,2,124
09:12:30.0,19320,2,19425,1,19320,2,124
09:12:30.500,19320,2,19425,1,19320,2,124
09:12:35.0,19325,2,19425,1,19320,2,124
09:12:35.500,19330,1,19425,1,19320,2,124
09:12:36.0,19330,1,19425,1,19320,2,124
09:12:52.500,19220,1,19425,1,19320,2,124
09:12:53.0,19275,2,19425,1,19320,2,124
09:12:53.500,19280,3,19425,1,19320,2,124
09:12:54.0,19280,5,19425,1,19320,2,124
09:12:56.0,19280,5,19425,1,19320,2,124
09:13:19.0,19280,5,19420,1,19320,2,124
09:13:19.500,19280,5,19415,1,19320,2,124
09:13:20.0,19280,5,19415,1,19320,2,124
09:13:27.0,19280,5,19410,1,19320,2,124
09:13:27.500,19280,5,19405,1,19320,2,124
09:13:28.0,19280,5,19405,1,19320,2,124
09:13:37.500,19280,5,19430,1,19320,2,124
09:13:38.0,19280,5,19425,2,19320,2,124
09:13:48.0,19280,5,19420,1,19320,2,124
09:13:48.500,19280,5,19415,2,19320,2,124
09:13:49.0,19280,5,19415,2,19320,2,124
09:14:20.0,19280,5,19415,1,19320,2,124
09:14:21.500,19280,5,19430,1,19320,2,124
09:14:22.0,19280,7,19425,1,19320,2,124
09:14:23.500,19280,7,19420,1,19320,2,124
09:14:24.0,19280,5,19415,1,19320,2,124
09:14:24.500,19280,5,19415,1,19320,2,124
09:14:52.0,19280,5,19410,1,19320,2,124
09:14:52.500,19280,5,19405,1,19320,2,124
09:14:53.500,19280,5,19405,1,19320,2,124
09:15:10.0,19280,5,19430,1,19320,2,124
09:15:10.500,19280,5,19425,2,19320,2,124
09:15:17.0,19280,5,19425,1,19320,2,124
09:15:18.500,19280,5,19420,1,19320,2,124
09:15:19.0,19280,5,19415,1,19320,2,124
09:15:19.500,19280,5,19415,1,19320,2,124
09:15:22.500,19285,3,19415,1,19320,2,124
09:15:23.0,19290,3,19415,1,19320,2,124
09:15:23.500,19290,5,19415,1,19320,2,124
09:15:30.0,19290,5,19415,1,19320,2,124
09:15:32.500,19290,5,19430,1,19320,2,124
09:15:33.0,19290,5,19425,1,19320,2,124
09:16:11.0,19290,5,19420,1,19320,2,124
09:16:11.500,19290,5,19415,1,19320,2,124
09:16:12.0,19290,5,19415,1,19320,2,124
09:16:30.500,19290,5,19430,1,19320,2,124
09:16:31.0,19290,5,19425,1,19320,2,124
09:16:34.0,19290,5,19420,1,19320,2,124
09:16:34.500,19290,5,19415,1,19320,2,124
09:16:35.0,19290,5,19415,1,19320,2,124
09:17:15.500,19290,5,19430,1,19320,2,124
09:17:16.0,19290,5,19425,1,19320,2,124
09:18:05.0,19290,5,19420,1,19320,2,124
09:18:05.500,19290,5,19415,1,19320,2,124
09:18:06.0,19290,5,19415,1,19320,2,124
09:18:23.0,19295,3,19415,1,19320,2,124
09:18:23.500,19295,3,19415,1,19320,2,124
09:18:24.0,19300,2,19415,1,19320,2,124
09:18:24.500,19305,3,19415,1,19320,2,124
09:18:25.0,19305,3,19415,1,19320,2,124
09:18:25.500,19310,2,19415,1,19320,2,124
09:18:26.0,19315,2,19415,1,19320,2,124
09:18:26.500,19315,2,19415,1,19320,2,124
09:18:53.500,19320,3,19415,1,19320,2,124
09:18:54.0,19325,1,19415,1,19320,2,124
09:18:55.0,19325,1,19430,1,19320,2,124
09:18:55.500,19325,1,19425,1,19320,2,124
09:19:01.500,19325,1,19425,1,19320,2,124
09:19:18.500,19330,1,19425,1,19320,2,124
09:19:19.0,19335,1,19425,1,19320,2,124
09:19:19.500,19335,1,19430,1,19320,2,124
09:19:20.0,19335,1,19430,1,19320,2,124
09:19:20.500,19340,1,19430,1,19320,2,124
09:19:21.0,19345,1,19430,1,19320,2,124
09:19:21.500,19345,1,19430,1,19320,2,124
09:19:22.0,19350,1,19430,1,19320,2,124
09:19:22.500,19355,1,19430,1,19320,2,124
09:20:18.500,19360,1,19430,1,19320,2,124
09:20:19.0,19365,1,19430,1,19320,2,124
09:20:41.500,19365,1,19430,1,19320,2,124
09:20:42.0,19365,1,19430,1,19320,2,124
09:21:56.0,19270,1,19430,1,19320,2,124
09:21:56.500,19305,2,19430,1,19320,2,124
09:21:57.0,19310,4,19430,1,19320,2,124
09:21:57.500,19310,6,19430,1,19320,2,124
09:22:26.0,19315,3,19430,1,19320,2,124
09:22:26.500,19320,3,19430,1,19320,2,124
09:22:27.0,19325,2,19430,1,19320,2,124
09:22:27.500,19330,3,19430,1,19320,2,124
09:22:28.0,19330,3,19430,1,19320,2,124
09:22:28.500,19335,2,19430,1,19320,2,124
09:22:29.0,19340,2,19430,1,19320,2,124
09:22:33.0,19340,2,19430,1,19320,2,124
09:22:33.500,19345,2,19430,1,19320,2,124
09:22:34.0,19350,2,19430,1,19320,2,124
09:22:47.0,19350,2,19430,1,19320,2,124
09:22:47.500,19355,2,19430,1,19320,2,124
09:22:48.0,19360,2,19430,1,19320,2,124
09:22:48.500,19360,2,19430,1,19320,2,124
09:22:51.500,19360,1,19430,1,19320,2,124
09:22:56.500,19360,1,19430,1,19320,2,124
09:23:42.0,19360,1,19450,1,19320,2,124
09:23:42.500,19360,1,19445,1,19320,2,124
09:23:57.0,19360,1,19450,1,19320,2,124
09:24:47.500,19360,1,19445,1,19320,2,124
09:25:22.500,19360,1,19450,1,19320,2,124
09:25:23.0,19360,1,19445,1,19320,2,124
09:25:24.0,19360,1,19450,1,19320,2,124
09:25:29.0,19360,1,19445,1,19320,2,124
09:25:29.500,19360,1,19450,1,19320,2,124
09:25:48.500,19365,1,19450,1,19320,2,124
09:26:08.0,19365,1,19445,1,19320,2,124
09:26:08.500,19365,1,19450,1,19320,2,124
09:26:22.0,19365,1,19445,1,19320,2,124
09:26:23.0,19365,1,19450,1,19320,2,124
09:26:23.500,19365,1,19445,1,19320,2,124
09:26:30.500,19260,1,19445,1,19320,2,124
09:26:31.0,19305,2,19445,1,19320,2,124
09:26:31.500,19310,4,19445,1,19320,2,124
09:26:32.0,19310,6,19445,1,19320,2,124
09:26:39.500,19310,6,19450,1,19320,2,124
09:26:40.0,19310,6,19450,1,19320,2,124
09:26:40.500,19320,2,19450,1,19320,2,124
09:26:41.0,19325,4,19450,1,19320,2,124
09:26:41.500,19325,6,19450,1,19320,2,124
09:26:54.500,19325,6,19450,1,19320,2,124
09:28:08.500,19330,3,19450,1,19320,2,124
09:28:09.0,19335,3,19450,1,19320,2,124
09:28:09.500,19340,2,19450,1,19320,2,124
09:28:10.0,19345,3,19450,1,19320,2,124
09:28:10.500,19345,3,19450,1,19320,2,124
09:28:11.0,19350,2,19450,1,19320,2,124
09:28:11.500,19355,2,19450,1,19320,2,124
09:28:13.500,19355,2,19450,1,19320,2,124
09:28:14.0,19360,2,19450,1,19320,2,124
09:28:14.500,19365,2,19450,1,19320,2,124
09:28:15.0,19365,2,19450,1,19320,2,124
09:28:20.0,19365,1,19450,1,19320,2,124
09:28:23.0,19330,3,19445,1,19320,2,124
09:28:23.500,19335,5,19445,1,19320,2,124
09:28:25.0,19335,5,19450,1,19320,2,124
09:28:25.500,19335,5,19445,1,19320,2,124
09:28:27.500,19335,5,19450,1,19320,2,124
09:28:28.0,19335,5,19445,1,19320,2,124
09:28:29.0,19335,4,19445,1,19320,2,124
09:28:29.500,19335,2,19445,1,19320,2,124
09:28:30.0,19335,2,19440,1,19320,2,124
09:28:30.500,19335,1,19435,1,19320,2,124
09:28:31.0,19335,1,19435,1,19320,2,124
09:28:31.500,19335,1,19430,1,19320,2,124
09:28:32.0,19270,1,19425,1,19320,2,124
09:28:32.500,19275,8,19420,1,19320,2,124
09:28:33.0,19275,8,19415,1,19320,2,124
09:28:33.500,19275,8,19415,1,19320,2,124
09:28:34.0,19275,6,19410,2,19320,2,124
09:28:34.500,19275,5,19405,1,19320,2,124
09:28:35.0,19275,3,19405,1,19320,2,124
09:28:35.500,19275,3,19400,1,19320,2,124
09:28:36.0,19280,2,19450,1,19320,2,124
09:28:36.500,19285,2,19395,1,19320,2,124
09:28:37.0,19290,1,19395,1,19320,2,124
09:28:37.500,19295,2,19395,1,19320,2,124
09:28:38.0,19295,2,19395,1,19320,2,124
09:28:38.500,19295,2,19395,1,19320,2,124
09:28:43.0,19295,2,19440,1,19320,2,124
09:28:43.500,19295,2,19435,3,19320,2,124
09:28:45.500,19300,2,19435,3,19320,2,124
09:28:46.0,19305,2,19435,3,19320,2,124
09:28:46.500,19305,1,19435,3,19320,2,124
09:28:52.500,19215,1,19435,3,19320,2,124
09:28:53.0,19245,2,19435,3,19320,2,124
09:28:53.500,19250,3,19435,3,19320,2,124
09:28:54.0,19250,5,19430,1,19320,2,124
09:28:54.500,19250,5,19425,3,19320,2,124
09:29:18.500,19250,5,19425,2,19320,2,124
09:29:19.0,19250,5,19425,2,19320,2,124
09:29:19.500,19270,2,19425,2,19320,2,124
09:29:20.0,19275,4,19425,2,19320,2,124
09:29:20.500,19275,6,19425,2,19320,2,124
09:29:29.0,19275,6,19420,1,19320,2,124
09:29:29.500,19275,6,19415,2,19320,2,124
09:29:30.0,19275,6,19415,2,19320,2,124
09:29:47.500,19275,6,19410,1,19320,2,124
09:29:48.0,19275,6,19405,2,19320,2,124
09:29:48.500,19275,6,19405,2,19320,2,124
09:29:53.0,19275,6,19405,1,19320,2,124
09:29:58.500,19275,6,19405,1,19320,2,124
09:29:59.500,19275,6,19450,1,19320,2,124
09:30:00.0,19275,6,19445,3,19320,2,124
09:30:05.0,19275,6,19445,3,19320,2,124
09:30:05.500,19285,2,19445,3,19320,2,124
09:30:06.0,19290,3,19445,3,19320,2,124
09:30:06.500,19290,5,19445,3,19320,2,124
09:30:43.0,19290,5,19445,3,19320,2,124
09:30:43.500,19290,5,19445,3,19320,2,124
09:31:34.0,19295,3,19445,3,19320,2,124
09:31:34.500,19300,3,19445,3,19320,2,124
09:31:35.0,19300,5,19445,3,19320,2,124
09:31:42.0,19300,5,19445,3,19320,2,124
09:31:53.0,19300,4,19445,3,19320,2,124
09:32:18.500,19300,2,19445,3,19320,2,124
09:32:19.0,19300,2,19445,3,19320,2,124
09:32:43.0,19305,2,19445,3,19320,2,124
09:32:43.500,19310,2,19445,3,19320,2,124
09:32:44.0,19310,2,19445,3,19320,2,124
09:32:44.500,19310,2,19445,3,19320,2,124
09:32:56.0,19315,2,19445,3,19320,2,124
09:32:56.500,19320,2,19445,3,19320,2,124
09:32:57.0,19320,2,19445,2,19320,2,124
09:32:58.500,19325,1,19445,2,19320,2,124
09:32:59.0,19330,2,19445,1,19320,2,124
09:32:59.500,19330,2,19445,1,19320,2,124
09:33:00.0,19335,2,19440,1,19320,2,124
09:33:00.500,19340,2,19450,1,19320,2,124
09:33:01.0,19340,2,19445,1,19320,2,124
09:33:01.500,19345,3,19450,1,19320,2,124
09:33:02.0,19350,2,19450,1,19320,2,124
09:33:02.500,19350,2,19450,1,19320,2,124
09:33:03.0,19350,2,19450,1,19320,2,124
09:33:03.500,19355,2,19450,1,19320,2,124
09:33:04.0,19360,2,19450,1,19320,2,124
09:33:04.500,19360,2,19450,1,19320,2,124
09:33:05.0,19365,1,19450,1,19320,2,124
09:33:05.500,19370,2,19450,1,19320,2,124
09:33:06.0,19370,1,19450,1,19320,2,124
09:33:08.0,19375,1,19450,1,19320,2,124
09:33:08.500,19380,1,19450,1,19320,2,124
09:33:09.0,19380,1,19450,1,19320,2,124
09:33:14.0,19380,1,19450,1,19320,2,124
09:33:19.500,19380,1,19450,1,19320,2,124
09:33:20.0,19385,1,19450,1,19320,2,124
09:33:20.500,19390,1,19450,1,19320,2,124
09:33:21.0,19390,1,19450,1,19320,2,124
09:33:25.500,19390,1,19450,1,19320,2,124
09:33:26.0,19395,1,19450,1,19320,2,124
09:33:26.500,19400,1,19450,1,19320,2,124
09:33:50.0,19350,1,19450,1,19320,2,124
09:33:50.500,19355,5,19450,1,19320,2,124
09:34:53.0,19355,5,19470,1,19320,2,124
09:34:53.500,19355,7,19470,1,19320,2,124
09:35:07.500,19355,7,19470,1,19320,2,124
09:35:08.0,19355,5,19470,1,19320,2,124
09:35:08.500,19370,2,19470,1,19320,2,124
09:35:09.0,19375,3,19470,1,19320,2,124
09:35:09.500,19375,6,19470,1,19320,2,124
09:36:12.500,19380,3,19470,1,19320,2,124
09:36:13.0,19385,1,19470,1,19320,2,124
09:36:13.500,19385,2,19470,1,19320,2,124
09:36:20.500,19385,2,19470,1,19320,2,124
09:36:26.500,19385,1,19470,1,19320,2,124
09:36:29.500,19390,1,19470,1,19320,2,124
09:36:30.0,19395,1,19470,1,19320,2,124
09:36:31.0,19395,1,19470,1,19320,2,124
09:38:06.500,19400,1,19470,1,19320,2,124
09:38:07.0,19405,1,19470,1,19320,2,124
09:39:01.500,19405,1,19470,1,19320,2,124
09:39:02.0,19345,1,19470,1,19320,2,124
09:39:02.500,19350,6,19470,1,19320,2,124
09:39:05.0,19350,6,19465,1,19320,2,124
09:39:05.500,19350,6,19465,1,19320,2,124
09:39:07.0,19350,5,19460,1,19320,2,124
09:39:07.500,19350,2,19455,1,19320,2,124
09:39:08.0,19350,2,19450,1,19320,2,124
09:39:08.500,19295,1,19445,1,19320,2,124
09:39:09.0,19300,5,19440,1,19320,2,124
09:39:09.500,19300,5,19435,1,19320,2,124
09:39:10.0,19300,5,19430,1,19320,2,124
09:39:10.500,19300,5,19425,1,19320,2,124
09:39:11.0,19300,5,19425,1,19320,2,124
09:39:14.0,19300,5,19420,1,19320,2,124
09:39:14.500,19300,5,19415,1,19320,2,124
09:39:15.0,19300,5,19415,1,19320,2,124
09:39:16.500,19300,5,19415,1,19320,2,124
09:39:17.0,19300,4,19410,1,19320,2,124
09:39:17.500,19300,4,19405,1,19320,2,124
09:39:18.0,19300,2,19405,1,19320,2,124
09:39:19.0,19300,1,19400,1,19320,2,124
09:39:19.500,19300,1,19395,1,19320,2,124
09:39:20.0,19300,1,19395,2,19320,2,124
09:39:20.500,19300,1,19395,1,19320,2,124
09:39:28.500,19300,1,19390,1,19320,2,124
09:39:29.0,19300,1,19385,1,19320,2,124
09:39:32.0,19300,1,19470,1,19320,2,124
09:39:32.500,19300,1,19440,1,19320,2,124
09:39:33.0,19300,1,19435,3,19320,2,124
09:39:35.0,19305,3,19435,3,19320,2,124
09:39:35.500,19310,1,19435,3,19320,2,124
09:39:36.0,19310,1,19435,3,19320,2,124
09:39:37.500,19310,1,19435,2,19320,2,124
09:39:38.0,19310,1,19430,1,19320,2,124
09:39:38.500,19310,1,19425,2,19320,2,124
09:39:39.0,19315,1,19425,1,19320,2,124
09:39:39.500,19320,1,19425,1,19320,2,124
09:39:40.0,19320,1,19420,1,19320,2,124
09:39:40.500,19320,1,19470,1,19320,2,124
09:39:41.0,19320,1,19415,1,19320,2,124
09:39:41.500,19320,1,19415,1,19320,2,124
09:40:05.0,19325,1,19465,1,19320,2,124
09:40:05.500,19330,1,19460,3,19320,2,124
09:40:07.500,19335,1,19460,2,19320,2,124
09:40:08.0,19340,1,19460,2,19320,2,124
09:40:08.500,19340,1,19460,2,19320,2,124
09:40:10.0,19340,1,19460,2,19320,2,124
09:40:10.500,19345,1,19460,2,19320,2,124
09:40:11.0,19350,1,19460,2,19320,2,124
09:40:11.500,19350,1,19460,2,19320,2,124
09:40:14.500,19355,1,19460,2,19320,2,124
09:40:15.0,19360,1,19460,1,19320,2,124
09:40:15.500,19360,1,19460,1,19320,2,124
09:40:22.0,19360,1,19455,1,19320,2,124
09:40:22.500,19360,1,19450,1,19320,2,124
09:40:43.500,19360,1,19450,1,19320,2,124
09:40:44.0,19360,1,19450,1,19320,2,124
09:40:46.0,19365,3,19450,1,19320,2,124
09:40:46.500,19365,3,19450,1,19320,2,124
09:40:54.0,19260,1,19450,1,19320,2,124
09:40:54.500,19310,2,19450,1,19320,2,124
09:40:55.0,19315,4,19450,1,19320,2,124
09:40:55.500,19320,2,19450,1,19320,2,124
09:40:56.0,19325,3,19450,1,19320,2,124
09:40:56.500,19325,3,19450,1,19320,2,124
09:40:57.0,19330,2,19450,1,19320,2,124
09:40:57.500,19335,3,19450,1,19320,2,124
09:40:58.0,19335,3,19450,1,19320,2,124
09:40:58.500,19340,2,19450,1,19320,2,124
09:40:59.0,19345,2,19450,1,19320,2,124
09:41:00.500,19345,2,19450,1,19320,2,124
09:41:23.500,19345,1,19450,1,19320,2,124
09:41:24.0,19345,1,19450,1,19320,2,124
09:41:28.500,19345,1,19445,1,19320,2,124
09:41:29.0,19345,1,19440,1,19320,2,124
09:41:29.500,19300,1,19440,1,19320,2,124
09:41:30.0,19305,4,19435,1,19320,2,124
09:41:30.500,19305,5,19430,1,19320,2,124
09:41:31.0,19305,5,19430,1,19320,2,124
09:41:31.500,19305,5,19430,1,19320,2,124
09:41:32.0,19305,5,19425,1,19320,2,124
09:41:32.500,19305,5,19420,1,19320,2,124
09:41:33.0,19305,5,19420,1,19320,2,124
09:41:34.0,19305,5,19420,1,19320,2,124
09:41:35.0,19305,2,19415,1,19320,2,124
09:41:35.500,19305,2,19410,1,19320,2,124
09:41:36.500,19310,2,19470,1,19320,2,124
09:41:37.0,19315,1,19405,1,19320,2,124
09:41:37.500,19315,1,19405,1,19320,2,124
09:41:45.0,19315,1,19455,1,19320,2,124
09:41:45.500,19315,1,19450,2,19320,2,124
09:41:46.0,19315,1,19450,3,19320,2,124
09:42:03.500,19320,1,19450,3,19320,2,124
09:42:04.0,19325,1,19450,3,19320,2,124
09:42:04.500,19325,1,19450,3,19320,2,124
09:42:19.500,19330,1,19450,3,19320,2,124
09:42:20.0,19335,1,19450,2,19320,2,124
09:42:20.500,19335,1,19450,2,19320,2,124
09:42:23.0,19340,3,19450,1,19320,2,124
09:42:23.500,19345,1,19445,1,19320,2,124
09:42:24.0,19255,1,19440,1,19320,2,124
09:42:24.500,19285,2,19440,1,19320,2,124
09:42:25.0,19290,4,19435,1,19320,2,124
09:42:25.500,19290,6,19430,1,19320,2,124
09:42:26.0,19290,6,19430,1,19320,2,124
09:42:33.500,19290,6,19470,1,19320,2,124
09:42:34.0,19290,6,19465,3,19320,2,124
09:42:34.500,19290,6,19460,3,19320,2,124
09:42:35.0,19310,2,19455,2,19320,2,124
09:42:35.500,19315,4,19455,2,19320,2,124
09:42:36.0,19315,6,19455,2,19320,2,124
09:42:37.0,19315,6,19455,1,19320,2,124
09:42:39.500,19315,6,19455,1,19320,2,124
09:42:49.0,19315,6,19470,1,19320,2,124
09:42:49.500,19315,6,19465,1,19320,2,124
09:42:50.0,19325,2,19465,1,19320,2,124
09:42:50.500,19330,4,19465,1,19320,2,124
09:42:51.0,19330,6,19470,1,19320,2,124
09:42:51.500,19330,6,19465,1,19320,2,124
09:42:52.0,19330,6,19470,1,19320,2,124
09:42:53.500,19330,6,19465,1,19320,2,124
09:42:54.500,19330,6,19470,1,19320,2,124
09:42:55.500,19330,6,19465,1,19320,2,124
09:42:56.0,19330,6,19470,1,19320,2,124
09:43:03.0,19330,6,19465,1,19320,2,124
09:43:11.500,19330,6,19460,1,19320,2,124
09:43:12.0,19330,6,19455,1,19320,2,124
09:43:23.0,19330,6,19470,1,19320,2,124
09:43:23.500,19330,6,19465,1,19320,2,124
09:43:33.500,19330,6,19460,1,19320,2,124
09:43:34.0,19330,6,19455,1,19320,2,124
09:43:53.0,19330,6,19470,1,19320,2,124
09:43:53.500,19330,6,19465,1,19320,2,124
09:44:07.500,19330,6,19460,1,19320,2,124
09:44:08.0,19330,6,19455,1,19320,2,124
09:44:08.500,19330,6,19470,1,19320,2,124
09:44:09.0,19330,6,19465,1,19320,2,124
09:44:17.0,19330,6,19470,1,19320,2,124
09:44:17.500,19330,8,19470,1,19320,2,124
09:44:23.500,19330,8,19465,1,19320,2,124
09:44:24.0,19330,8,19470,1,19320,2,124
09:44:45.500,19330,8,19465,1,19320,2,124
09:44:49.500,19330,8,19460,1,19320,2,124
09:44:50.0,19330,6,19455,1,19320,2,124
09:44:57.500,19330,6,19470,1,19320,2,124
09:44:58.0,19330,6,19465,1,19320,2,124
09:45:00.0,19330,6,19460,1,19320,2,124
09:45:00.500,19330,6,19455,1,19320,2,124
09:45:07.0,19330,6,19450,1,19320,2,124
09:45:07.500,19330,5,19445,1,19320,2,124
09:45:08.0,19330,3,19440,1,19320,2,124
09:45:08.500,19330,2,19435,1,19320,2,124
09:45:09.0,19330,2,19435,1,19320,2,124
09:45:09.500,19330,2,19435,1,19320,2,124
09:45:10.0,19330,2,19430,1,19320,2,124
09:45:10.500,19330,2,19425,1,19320,2,124
09:45:11.0,19280,1,19420,1,19320,2,124
09:45:11.500,19285,5,19415,1,19320,2,124
09:45:12.0,19285,5,19415,1,19320,2,124
09:45:13.0,19285,5,19470,1,19320,2,124
09:45:13.500,19285,5,19465,4,19320,2,124
09:45:46.500,19285,5,19465,4,19320,2,124
09:45:47.0,19285,5,19465,3,19320,2,124
09:45:47.500,19285,5,19455,1,19320,2,124
09:45:48.0,19285,5,19450,3,19320,2,124
09:46:11.0,19285,5,19450,3,19320,2,124
09:46:13.500,19285,5,19450,3,19320,2,124
09:46:14.0,19285,5,19450,3,19320,2,124
09:46:14.500,19285,5,19440,1,19320,2,124
09:46:15.0,19285,5,19435,3,19320,2,124
09:46:17.0,19285,4,19435,3,19320,2,124
09:46:25.0,19290,1,19435,3,19320,2,124
09:46:25.500,19295,2,19435,3,19320,2,124
09:46:26.0,19295,4,19435,3,19320,2,124
09:46:28.0,19295,2,19435,3,19320,2,124
09:46:33.500,19300,2,19435,3,19320,2,124
09:46:34.0,19305,2,19435,3,19320,2,124
09:46:34.500,19305,2,19435,3,19320,2,124
09:46:47.0,19310,2,19435,3,19320,2,124
09:46:47.500,19315,2,19435,2,19320,2,124
09:46:48.0,19315,2,19435,2,19320,2,124
09:46:49.500,19315,2,19435,2,19320,2,124
09:46:50.0,19320,2,19435,2,19320,2,124
09:46:50.500,19325,2,19435,2,19320,2,124
09:46:51.0,19325,3,19435,1,19320,2,124
09:46:51.500,19325,2,19435,1,19320,2,124
09:46:52.500,19330,3,19435,1,19320,2,124
09:46:53.0,19335,2,19435,1,19320,2,124
09:46:53.500,19335,2,19435,1,19320,2,124
09:46:56.0,19340,2,19470,1,19320,2,124
09:46:56.500,19345,1,19465,3,19320,2,124
09:46:59.0,19350,1,19465,2,19320,2,124
09:46:59.500,19355,1,19465,2,19320,2,124
09:47:01.500,19355,1,19465,2,19320,2,124
09:47:02.0,19360,1,19465,2,19320,2,124
09:47:02.500,19365,1,19465,2,19320,2,124
09:47:03.0,19365,1,19465,2,19320,2,124
09:47:04.500,19365,1,19465,2,19320,2,124
09:47:05.0,19365,1,19465,1,19320,2,124
09:47:07.0,19370,1,19470,1,19320,2,124
09:47:07.500,19375,1,19470,1,19320,2,124
09:47:08.0,19375,1,19470,1,19320,2,124
09:47:09.0,19380,1,19470,1,19320,2,124
09:47:09.500,19385,1,19470,1,19320,2,124
09:47:13.0,19385,1,19465,1,19320,2,124
09:47:13.500,19330,1,19465,1,19320,2,124
09:47:14.0,19390,1,19470,1,19320,2,124
09:47:14.500,19390,1,19470,1,19320,2,124
09:47:15.0,19335,2,19465,1,19320,2,124
09:47:15.500,19340,5,19465,1,19320,2,124
09:47:43.500,19345,3,19465,1,19320,2,124
09:47:44.0,19350,3,19465,1,19320,2,124
09:47:44.500,19350,5,19465,1,19320,2,124
09:47:51.0,19350,5,19465,1,19320,2,124
09:48:30.0,19350,5,19470,1,19320,2,124
09:48:31.0,19350,5,19465,1,19320,2,124
09:48:33.500,19350,5,19470,1,19320,2,124
09:48:35.500,19350,5,19465,1,19320,2,124
09:48:36.0,19350,5,19470,1,19320,2,124
09:48:40.0,19350,5,19465,1,19320,2,124
09:48:45.0,19350,4,19465,1,19320,2,124
09:48:46.500,19355,1,19465,1,19320,2,124
09:48:47.0,19360,2,19465,1,19320,2,124
09:48:47.500,19360,2,19465,1,19320,2,124
09:48:57.0,19365,2,19465,1,19320,2,124
09:48:57.500,19370,2,19465,1,19320,2,124
09:48:58.0,19370,2,19465,1,19320,2,124
09:49:00.0,19370,2,19470,1,19320,2,124
09:49:14.0,19370,2,19465,1,19320,2,124
09:49:14.500,19370,1,19465,1,19320,2,124
09:49:23.0,19370,1,19460,1,19320,2,124
09:49:23.500,19370,1,19455,1,19320,2,124
09:49:24.0,19320,1,19455,1,19320,2,124
09:49:24.500,19325,4,19455,1,19320,2,124
09:49:25.0,19325,5,19455,1,19320,2,124
09:49:26.500,19325,5,19450,1,19320,2,124
09:49:27.0,19325,5,19445,1,19320,2,124
09:49:27.500,19325,5,19445,1,19320,2,124
09:49:28.0,19325,5,19470,1,19320,2,124
09:49:28.500,19325,5,19465,2,19320,2,124
09:49:56.500,19330,3,19465,2,19320,2,124
09:49:57.0,19335,3,19465,2,19320,2,124
09:49:57.500,19335,5,19465,2,19320,2,124
09:50:00.0,19335,5,19465,1,19320,2,124
09:50:19.0,19335,5,19460,1,19320,2,124
09:50:19.500,19335,5,19455,1,19320,2,124
09:50:20.0,19335,5,19455,1,19320,2,124
09:50:41.0,19335,4,19455,1,19320,2,124
09:50:43.500,19335,2,19450,1,19320,2,124
09:50:44.0,19335,2,19470,1,19320,2,124
09:50:44.500,19340,2,19465,2,19320,2,124
09:50:45.0,19345,2,19465,2,19320,2,124
09:50:45.500,19345,2,19465,2,19320,2,124
09:50:47.500,19350,1,19465,2,19320,2,124
09:50:48.0,19355,1,19465,2,19320,2,124
09:50:48.500,19355,2,19465,2,19320,2,124
09:50:50.0,19355,1,19465,2,19320,2,124
09:50:54.500,19360,1,19465,2,19320,2,124
09:50:55.0,19365,1,19465,2,19320,2,124
09:50:55.500,19365,1,19465,2,19320,2,124
09:51:00.500,19365,1,19465,1,19320,2,124
09:51:05.0,19370,3,19470,1,19320,2,124
09:51:05.500,19375,1,19465,1,19320,2,124
09:51:21.0,19310,1,19460,1,19320,2,124
09:51:21.500,19315,8,19455,1,19320,2,124
09:51:24.500,19315,8,19470,1,19320,2,124
09:51:25.0,19315,8,19465,2,19320,2,124
09:51:36.0,19315,8,19465,1,19320,2,124
09:51:46.500,19315,8,19460,1,19320,2,124
09:51:47.0,19315,8,19455,1,19320,2,124
09:51:47.500,19315,8,19455,1,19320,2,124
09:52:06.0,19315,8,19450,1,19320,2,124
09:52:06.500,19315,6,19445,1,19320,2,124
09:52:07.0,19315,6,19445,1,19320,2,124
09:52:18.500,19315,6,19470,1,19320,2,124
09:52:19.0,19315,6,19465,2,19320,2,124
09:52:53.0,19320,3,19465,2,19320,2,124
09:52:53.500,19325,3,19465,2,19320,2,124
09:52:54.0,19325,5,19465,2,19320,2,124
09:53:01.500,19325,5,19465,2,19320,2,124
09:53:33.0,19325,5,19460,1,19320,2,124
09:53:33.500,19325,5,19455,2,19320,2,124
09:53:34.0,19325,5,19455,2,19320,2,124
09:53:38.0,19325,4,19450,1,19320,2,124
09:53:38.500,19325,4,19445,2,19320,2,124
09:53:40.500,19325,2,19445,2,19320,2,124
09:53:41.0,19325,1,19440,1,19320,2,124
09:53:41.500,19325,1,19435,2,19320,2,124
09:53:42.0,19325,1,19435,2,19320,2,124
09:53:42.500,19325,1,19430,1,19320,2,124
09:53:43.0,19325,1,19425,2,19320,2,124
09:53:43.500,19255,1,19425,3,19320,2,124
09:53:44.0,19260,8,19425,3,19320,2,124
09:53:45.500,19260,8,19425,2,19320,2,124
09:53:46.0,19260,8,19420,1,19320,2,124
09:53:46.500,19260,8,19415,2,19320,2,124
09:53:47.0,19260,8,19415,2,19320,2,124
09:53:47.500,19260,6,19415,1,19320,2,124
09:53:48.0,19260,8,19415,1,19320,2,124
09:53:52.0,19260,8,19410,1,19320,2,124
09:53:52.500,19260,8,19405,1,19320,2,124
09:53:53.0,19260,8,19405,1,19320,2,124
09:53:54.500,19260,8,19470,1,19320,2,124
09:53:55.0,19260,8,19460,1,19320,2,124
09:53:55.500,19260,8,19455,3,19320,2,124
09:53:56.0,19260,8,19455,3,19320,2,124
09:53:56.500,19260,8,19450,1,19320,2,124
09:53:57.0,19260,8,19445,3,19320,2,124
09:54:50.500,19260,8,19445,2,19320,2,124
09:54:51.0,19260,6,19445,2,19320,2,124
09:54:51.500,19285,2,19445,2,19320,2,124
09:54:52.0,19290,4,19445,2,19320,2,124
09:54:52.500,19290,6,19445,2,19320,2,124
09:55:24.0,19290,6,19440,1,19320,2,124
09:55:24.500,19290,6,19435,2,19320,2,124
09:55:25.0,19290,6,19435,2,19320,2,124
09:55:35.500,19290,6,19430,1,19320,2,124
09:55:36.0,19290,6,19425,2,19320,2,124
09:55:47.0,19290,6,19425,1,19320,2,124
09:56:08.500,19290,6,19420,1,19320,2,124
09:56:09.0,19290,6,19415,1,19320,2,124
09:56:26.0,19290,6,19470,1,19320,2,124
09:56:26.500,19290,6,19465,4,19320,2,124
09:56:50.500,19290,6,19465,4,19320,2,124
09:57:23.0,19295,3,19465,4,19320,2,124
09:57:23.500,19300,3,19465,4,19320,2,124
09:57:24.0,19305,2,19465,4,19320,2,124
09:57:24.500,19310,2,19465,4,19320,2,124
09:57:25.0,19310,3,19465,4,19320,2,124
09:57:25.500,19315,2,19465,4,19320,2,124
09:57:26.0,19320,2,19465,4,19320,2,124
09:57:26.500,19320,2,19465,4,19320,2,124
09:57:31.0,19325,2,19465,4,19320,2,124
09:57:31.500,19330,2,19465,3,19320,2,124
09:57:32.0,19330,1,19465,3,19320,2,124
09:57:36.0,19335,1,19465,3,19320,2,124
09:57:36.500,19340,1,19465,3,19320,2,124
09:57:53.500,19340,1,19465,3,19320,2,124
09:58:02.0,19245,1,19465,3,19320,2,124
09:58:02.500,19280,2,19465,3,19320,2,124
09:58:03.0,19285,4,19465,3,19320,2,124
09:58:03.500,19290,2,19465,3,19320,2,124
09:58:04.0,19295,3,19465,3,19320,2,124
09:58:04.500,19295,3,19465,3,19320,2,124
09:58:05.0,19300,2,19465,3,19320,2,124
09:58:05.500,19305,3,19465,3,19320,2,124
09:58:06.0,19305,3,19465,3,19320,2,124
09:58:06.500,19310,2,19465,3,19320,2,124
09:58:07.0,19315,2,19465,3,19320,2,124
09:58:20.500,19315,2,19465,3,19320,2,124
09:58:21.0,19320,2,19465,3,19320,2,124
09:58:21.500,19325,2,19465,3,19320,2,124
09:58:22.0,19325,2,19465,3,19320,2,124
09:58:24.0,19325,1,19465,3,19320,2,124
09:59:01.0,19325,1,19460,3,19320,2,124
09:59:01.500,19325,1,19455,2,19320,2,124
09:59:02.0,19325,1,19455,3,19320,2,124
10:00:21.0,19330,3,19455,3,19320,2,124
10:00:21.500,19330,3,19455,3,19320,2,124
10:00:29.0,19280,2,19455,3,19320,2,124
10:00:29.500,19285,4,19455,3,19320,2,124
10:00:30.0,19285,5,19455,3,19320,2,124
10:00:44.0,19285,5,19455,3,19320,2,124
10:00:44.500,19285,5,19455,3,19320,2,124
10:00:45.0,19285,5,19455,4,19320,2,124
10:02:02.0,19285,5,19450,3,19320,2,124
10:02:16.500,19285,5,19450,2,19320,2,124
10:02:17.0,19290,2,19450,2,19320,2,124
10:02:17.500,19295,4,19450,2,19320,2,124
10:02:18.0,19300,2,19450,2,19320,2,124
10:02:18.500,19305,3,19450,2,19320,2,124
10:02:19.0,19305,3,19450,2,19320,2,124
10:02:19.500,19310,2,19450,2,19320,2,124
10:02:20.0,19315,3,19450,2,19320,2,124
10:02:20.500,19315,3,19450,2,19320,2,124
10:02:21.0,19320,2,19450,2,19320,2,124
10:02:21.500,19325,2,19450,2,19320,2,124
10:02:22.0,19325,2,19450,2,19320,2,124
10:02:44.0,19330,2,19450,2,19320,2,124
10:02:44.500,19335,1,19450,2,19320,2,124
10:02:50.0,19340,1,19450,2,19320,2,124
10:02:50.500,19345,1,19450,2,19320,2,124
10:03:14.0,19290,2,19450,2,19320,2,124
10:03:14.500,19295,6,19450,2,19320,2,124
10:03:17.0,19295,6,19445,1,19320,2,124
10:03:17.500,19295,6,19440,2,19320,2,124
10:03:18.0,19295,6,19440,2,19320,2,124
10:04:01.500,19300,3,19440,2,19320,2,124
10:04:02.0,19305,3,19440,2,19320,2,124
10:04:02.500,19305,5,19440,2,19320,2,124
10:04:09.0,19305,5,19440,2,19320,2,124
10:04:38.0,19305,5,19440,1,19320,2,124
10:05:12.0,19305,5,19435,1,19320,2,124
10:05:12.500,19305,5,19430,1,19320,2,124
10:05:13.500,19305,5,19430,1,19320,2,124
10:06:09.0,19305,5,19470,1,19320,2,124
10:06:09.500,19305,5,19465,3,19320,2,124
10:07:02.500,19310,3,19465,3,19320,2,124
10:07:03.0,19310,3,19465,3,19320,2,124
10:07:03.500,19315,2,19465,3,19320,2,124
10:07:04.0,19320,3,19465,3,19320,2,124
10:07:04.500,19320,3,19465,3,19320,2,124
10:07:05.0,19325,2,19465,3,19320,2,124
10:07:05.500,19330,3,19465,3,19320,2,124
10:07:06.0,19330,3,19465,3,19320,2,124
10:07:06.500,19335,2,19465,3,19320,2,124
10:07:07.0,19340,1,19465,3,19320,2,124
10:07:36.0,19345,3,19465,3,19320,2,124
10:07:36.500,19350,1,19465,3,19320,2,124
10:07:40.500,19350,1,19465,3,19320,2,124
10:07:41.0,19350,1,19465,2,19320,2,124
10:07:43.500,19350,1,19465,2,19320,2,124
10:07:52.500,19355,3,19465,2,19320,2,124
10:07:53.0,19360,1,19465,1,19320,2,124
10:07:53.500,19360,1,19465,1,19320,2,124
10:07:54.0,19365,1,19465,1,19320,2,124
10:07:54.500,19370,1,19465,1,19320,2,124
10:07:55.0,19370,1,19465,1,19320,2,124
10:07:55.500,19370,1,19465,1,19320,2,124
10:07:57.500,19375,1,19470,1,19320,2,124
10:07:58.0,19380,1,19470,1,19320,2,124
10:07:58.500,19380,1,19470,1,19320,2,124
10:08:00.0,19380,1,19465,1,19320,2,124
10:08:02.500,19320,1,19465,1,19320,2,124
10:08:03.0,19325,6,19465,1,19320,2,124
10:08:16.500,19325,6,19470,1,19320,2,124
10:08:17.500,19325,6,19465,1,19320,2,124
10:08:20.0,19325,6,19470,1,19320,2,124
10:08:20.500,19325,6,19465,1,19320,2,124
10:08:22.500,19325,6,19465,1,19320,2,124
10:08:23.0,19325,6,19470,1,19320,2,124
10:08:23.500,19330,2,19465,1,19320,2,124
10:08:24.0,19335,4,19465,1,19320,2,124
10:08:24.500,19335,6,19470,1,19320,2,124
10:08:25.0,19335,6,19465,1,19320,2,124
10:08:29.0,19335,6,19470,1,19320,2,124
10:08:32.500,19335,6,19465,1,19320,2,124
10:08:33.500,19335,6,19470,1,19320,2,124
10:08:46.500,19335,6,19470,1,19320,2,124
10:08:59.500,19335,6,19465,1,19320,2,124
10:09:00.0,19335,6,19465,1,19320,2,124
10:09:51.0,19340,3,19465,1,19320,2,124
10:09:51.500,19345,3,19465,1,19320,2,124
10:09:52.0,19345,5,19465,1,19320,2,124
10:09:52.500,19345,5,19460,1,19320,2,124
10:09:53.0,19345,4,19455,1,19320,2,124
10:09:53.500,19345,4,19455,1,19320,2,124
10:09:56.0,19345,1,19450,1,19320,2,124
10:09:56.500,19345,1,19445,1,19320,2,124
10:09:57.0,19345,1,19445,1,19320,2,124
10:09:59.500,19345,1,19445,1,19320,2,124
10:10:02.500,19345,1,19440,1,19320,2,124
10:10:03.0,19345,1,19435,1,19320,2,124
10:10:35.0,19310,1,19435,1,19320,2,124
10:10:35.500,19315,5,19435,1,19320,2,124
10:10:45.500,19315,5,19435,1,19320,2,124
10:10:46.0,19315,5,19435,1,19320,2,124
10:10:47.0,19315,5,19430,1,19320,2,124
10:10:47.500,19315,4,19425,1,19320,2,124
10:10:48.0,19315,2,19425,1,19320,2,124
10:10:51.500,19315,2,19420,1,19320,2,124
10:10:52.0,19315,2,19470,1,19320,2,124
10:10:52.500,19315,2,19415,1,19320,2,124
10:10:53.0,19315,2,19415,1,19320,2,124
10:10:54.0,19320,2,19465,1,19320,2,124
10:10:54.500,19325,2,19460,3,19320,2,124
10:10:55.0,19325,2,19460,3,19320,2,124
10:10:57.0,19330,2,19460,3,19320,2,124
10:10:57.500,19335,2,19460,3,19320,2,124
10:10:58.0,19335,2,19460,3,19320,2,124
10:11:29.0,19335,1,19460,3,19320,2,124
10:12:28.0,19340,3,19460,3,19320,2,124
10:12:28.500,19340,3,19460,3,19320,2,124
10:12:30.0,19345,1,19460,3,19320,2,124
10:12:37.500,19340,3,19460,3,19320,2,124
10:12:38.500,19290,1,19460,3,19320,2,124
10:12:39.0,19295,5,19460,3,19320,2,124
10:12:40.500,19295,5,19460,3,19320,2,124
10:13:55.500,19295,5,19455,3,19320,2,124
10:13:57.500,19295,5,19455,2,19320,2,124
10:14:05.500,19295,5,19455,1,19320,2,124
10:14:06.0,19315,2,19455,1,19320,2,124
10:14:06.500,19320,3,19455,1,19320,2,124
10:14:07.0,19320,5,19455,1,19320,2,124
10:14:10.500,19320,5,19470,1,19320,2,124
10:14:11.0,19320,5,19465,1,19320,2,124
10:14:11.500,19325,2,19465,1,19320,2,124
10:14:12.0,19330,3,19465,1,19320,2,124
10:14:12.500,19330,5,19465,1,19320,2,124
10:14:13.0,19330,5,19465,1,19320,2,124
10:14:14.0,19330,5,19460,1,19320,2,124
10:14:14.500,19330,5,19455,1,19320,2,124
10:14:20.0,19330,5,19470,1,19320,2,124
10:14:20.500,19330,5,19465,1,19320,2,124
10:14:21.500,19330,5,19460,1,19320,2,124
10:14:22.0,19330,5,19455,1,19320,2,124
10:14:40.0,19330,5,19455,1,19320,2,124
10:14:40.500,19330,5,19455,1,19320,2,124
10:14:50.0,19330,2,19470,1,19320,2,124
10:14:51.500,19330,2,19470,1,19320,2,124
10:15:00.500,19330,2,19470,1,19320,2,124
10:30:00.500,19330,2,19470,1,19320,2,124
10:30:01.0,19335,2,19465,1,19320,2,124
10:30:01.500,19335,4,19465,1,19320,2,124
10:30:02.500,19340,1,19460,1,19320,2,124
10:30:03.0,19345,1,19460,1,19320,2,124
10:30:03.500,19345,3,19460,1,19320,2,124
10:30:04.0,19350,1,19460,1,19320,2,124
10:30:04.500,19355,1,19460,1,19320,2,124
10:30:05.0,19360,1,19460,1,19320,2,124
10:30:05.500,19360,1,19460,1,19320,2,124
10:30:10.500,19360,1,19460,1,19320,2,124
10:30:26.0,19360,1,19455,1,19320,2,124
10:30:26.500,19360,1,19450,1,19320,2,124
10:30:27.0,19360,1,19450,1,19320,2,124
10:30:28.500,19290,1,19450,1,19320,2,124
10:30:29.0,19300,2,19445,1,19320,2,124
10:30:29.500,19305,4,19440,1,19320,2,124
10:30:30.0,19305,6,19440,1,19320,2,124
10:30:34.500,19305,6,19435,1,19320,2,124
10:30:35.0,19305,6,19470,1,19320,2,124
10:30:35.500,19305,6,19430,1,19320,2,124
10:30:36.0,19305,6,19430,1,19320,2,124
10:31:02.0,19305,6,19425,1,19320,2,124
10:31:02.500,19305,6,19420,1,19320,2,124
10:31:03.0,19305,6,19420,1,19320,2,124
10:31:38.500,19305,6,19470,1,19320,2,124
10:31:39.0,19305,6,19465,3,19320,2,124
10:33:11.0,19310,3,19465,2,19320,2,124
10:33:11.500,19315,3,19465,2,19320,2,124
10:33:12.0,19315,7,19465,2,19320,2,124
10:33:12.500,19315,5,19465,2,19320,2,124
10:34:44.0,19315,5,19460,2,19320,2,124
10:34:44.500,19315,7,19460,2,19320,2,124
10:34:45.0,19315,7,19460,1,19320,2,124
10:35:44.500,19315,7,19455,1,19320,2,124
10:35:45.0,19315,7,19450,1,19320,2,124
10:36:11.500,19320,2,19450,1,19320,2,124
10:36:12.0,19325,1,19450,1,19320,2,124
10:36:12.500,19330,2,19450,1,19320,2,124
10:36:13.0,19335,1,19450,1,19320,2,124
10:36:13.500,19340,4,19450,1,19320,2,124
10:36:14.0,19340,4,19450,1,19320,2,124
10:36:29.500,19345,1,19450,1,19320,2,124
10:36:30.0,19350,2,19450,1,19320,2,124
10:36:30.500,19350,2,19450,1,19320,2,124
10:36:50.500,19350,1,19450,1,19320,2,124
10:36:51.0,19350,1,19450,1,19320,2,124
10:38:05.500,19355,1,19450,1,19320,2,124
10:38:06.0,19360,1,19450,1,19320,2,124
10:38:35.500,19280,1,19450,1,19320,2,124
10:38:36.0,19300,2,19445,1,19320,2,124
10:38:36.500,19305,4,19440,1,19320,2,124
10:38:37.0,19305,6,19440,1,19320,2,124
10:38:39.0,19305,6,19435,1,19320,2,124
10:38:39.500,19305,6,19430,1,19320,2,124
10:38:54.0,19305,6,19425,1,19320,2,124
10:38:54.500,19305,6,19420,1,19320,2,124
10:38:58.0,19305,6,19470,1,19320,2,124
10:38:58.500,19305,6,19465,3,19320,2,124
10:39:08.0,19305,6,19465,2,19320,2,124
10:39:08.500,19305,8,19465,2,19320,2,124
10:39:13.0,19305,8,19460,1,19320,2,124
10:39:13.500,19305,6,19455,2,19320,2,124
10:39:14.0,19305,6,19455,2,19320,2,124
10:39:19.500,19305,6,19450,1,19320,2,124
10:39:20.0,19305,6,19445,2,19320,2,124
10:39:20.500,19305,6,19445,2,19320,2,124
10:40:07.500,19305,6,19445,2,19320,2,124
10:40:08.0,19305,6,19445,2,19320,2,124
10:40:14.0,19310,3,19445,2,19320,2,124
10:40:14.500,19315,3,19445,2,19320,2,124
10:40:15.0,19320,2,19445,2,19320,2,124
10:40:15.500,19325,2,19445,2,19320,2,124
10:40:27.0,19325,2,19445,2,19320,2,124
10:40:27.500,19330,2,19445,2,19320,2,124
10:40:28.0,19335,2,19445,2,19320,2,124
10:40:28.500,19335,2,19445,2,19320,2,124
10:40:29.500,19335,2,19445,1,19320,2,124
10:40:30.500,19340,2,19445,1,19320,2,124
10:40:31.0,19345,2,19445,1,19320,2,124
10:40:31.500,19345,2,19445,1,19320,2,124
10:40:44.0,19345,2,19445,1,19320,2,124
10:40:47.500,19345,1,19445,1,19320,2,124
10:40:50.500,19350,1,19445,1,19320,2,124
10:40:51.0,19355,1,19445,1,19320,2,124
10:40:51.500,19355,1,19445,1,19320,2,124
10:40:55.0,19355,1,19470,1,19320,2,124
10:40:55.500,19355,1,19465,2,19320,2,124
10:40:56.500,19360,1,19465,2,19320,2,124
10:40:57.0,19365,1,19465,2,19320,2,124
10:41:24.500,19270,1,19465,2,19320,2,124
10:41:25.0,19305,2,19465,2,19320,2,124
10:41:25.500,19310,4,19465,2,19320,2,124
10:41:26.0,19310,6,19465,2,19320,2,124
10:42:28.0,19310,6,19460,1,19320,2,124
10:42:28.500,19310,6,19455,2,19320,2,124
10:43:00.0,19310,6,19450,1,19320,2,124
10:43:00.500,19310,6,19445,2,19320,2,124
10:43:01.0,19310,6,19445,2,19320,2,124
10:43:26.0,19310,6,19445,1,19320,2,124
10:43:30.0,19310,6,19440,1,19320,2,124
10:43:30.500,19310,6,19435,1,19320,2,124
10:43:31.0,19310,6,19435,1,19320,2,124
10:44:00.500,19310,6,19430,1,19320,2,124
10:44:01.0,19310,6,19425,1,19320,2,124
10:44:01.500,19310,6,19425,1,19320,2,124
10:44:27.0,19315,3,19425,1,19320,2,124
10:44:27.500,19315,3,19425,1,19320,2,124
10:44:28.0,19320,2,19425,1,19320,2,124
10:44:28.500,19325,2,19425,1,19320,2,124
10:44:35.500,19325,2,19470,1,19320,2,124
10:44:36.0,19325,2,19465,3,19320,2,124
10:44:39.500,19325,2,19465,3,19320,2,124
10:45:01.500,19330,2,19465,3,19320,2,124
10:45:02.0,19335,2,19465,3,19320,2,124
10:45:02.500,19335,2,19465,3,19320,2,124
10:45:16.0,19335,1,19465,3,19320,2,124
10:45:35.500,19340,3,19465,3,19320,2,124
10:45:36.0,19345,1,19465,3,19320,2,124
10:45:44.0,19345,1,19465,3,19320,2,124
10:46:04.0,19260,1,19465,3,19320,2,124
10:46:04.500,19290,2,19465,3,19320,2,124
10:46:05.0,19295,3,19465,3,19320,2,124
10:46:05.500,19295,5,19465,3,19320,2,124
10:47:41.0,19295,5,19460,3,19320,2,124
10:48:08.0,19300,3,19460,3,19320,2,124
10:48:08.500,19305,2,19460,3,19320,2,124
10:48:09.0,19305,5,19460,3,19320,2,124
10:48:16.0,19305,5,19460,3,19320,2,124
10:50:07.500,19305,5,19460,3,19320,2,124
10:50:08.0,19305,5,19460,3,19320,2,124
10:50:23.500,19310,3,19460,3,19320,2,124
10:50:24.0,19315,3,19460,3,19320,2,124
10:50:24.500,19320,2,19460,3,19320,2,124
10:50:25.0,19325,2,19460,3,19320,2,124
10:50:42.0,19325,2,19455,3,19320,2,124
10:50:49.500,19325,2,19455,3,19320,2,124
10:50:50.0,19330,2,19455,3,19320,2,124
10:50:50.500,19335,1,19455,3,19320,2,124
10:50:54.0,19335,1,19455,3,19320,2,124
10:52:26.0,19290,2,19455,3,19320,2,124
10:52:26.500,19295,5,19455,3,19320,2,124
10:53:20.0,19295,5,19455,2,19320,2,124
10:53:20.500,19295,7,19455,2,19320,2,124
10:53:22.0,19300,3,19455,2,19320,2,124
10:53:22.500,19305,4,19455,2,19320,2,124
10:53:23.0,19310,2,19455,2,19320,2,124
10:53:23.500,19315,3,19455,2,19320,2,124
10:53:24.0,19315,3,19455,2,19320,2,124
10:53:24.500,19320,2,19455,2,19320,2,124
10:53:25.0,19325,3,19455,2,19320,2,124
10:53:25.500,19325,3,19455,2,19320,2,124
10:53:26.0,19330,2,19455,2,19320,2,124
10:53:26.500,19335,2,19455,2,19320,2,124
10:53:33.500,19335,2,19455,2,19320,2,124
10:53:34.0,19340,2,19455,2,19320,2,124
10:53:34.500,19345,2,19455,2,19320,2,124
10:53:35.0,19345,1,19455,2,19320,2,124
10:53:42.500,19345,1,19450,2,19320,2,124
10:53:52.500,19345,1,19450,2,19320,2,124
10:53:55.0,19295,2,19450,2,19320,2,124
10:53:55.500,19300,5,19450,2,19320,2,124
10:53:58.500,19300,5,19445,1,19320,2,124
10:53:59.0,19300,5,19440,2,19320,2,124
10:54:13.500,19300,5,19435,1,19320,2,124
10:54:14.0,19300,5,19430,2,19320,2,124
10:54:14.500,19300,5,19430,2,19320,2,124
10:55:24.0,19300,5,19430,1,19320,2,124
10:56:03.0,19305,3,19430,1,19320,2,124
10:56:03.500,19310,3,19430,1,19320,2,124
10:56:04.0,19310,5,19430,1,19320,2,124
10:56:11.0,19310,5,19430,1,19320,2,124
10:56:38.500,19310,5,19425,1,19320,2,124
10:56:39.0,19310,5,19420,1,19320,2,124
10:56:39.500,19310,5,19420,1,19320,2,124
10:57:15.0,19310,4,19420,1,19320,2,124
10:57:33.0,19315,1,19420,1,19320,2,124
10:57:33.500,19320,2,19420,1,19320,2,124
10:57:34.0,19320,4,19420,1,19320,2,124
10:57:59.0,19320,2,19420,1,19320,2,124
10:58:04.500,19320,2,19470,1,19320,2,124
10:58:05.0,19320,2,19465,3,19320,2,124
10:58:15.0,19325,2,19465,3,19320,2,124
10:58:15.500,19330,2,19465,3,19320,2,124
10:58:16.0,19330,2,19465,3,19320,2,124
10:58:25.500,19335,2,19465,3,19320,2,124
10:58:26.0,19340,1,19465,3,19320,2,124
10:58:31.0,19340,1,19460,6,19320,2,124
10:58:31.500,19340,1,19455,3,19320,2,124
10:58:36.500,19250,1,19455,3,19320,2,124
10:58:37.0,19280,2,19455,3,19320,2,124
10:58:37.500,19285,4,19455,3,19320,2,124
10:58:38.0,19290,2,19455,3,19320,2,124
10:58:38.500,19295,3,19455,3,19320,2,124
10:58:39.0,19295,3,19455,3,19320,2,124
10:58:39.500,19300,2,19455,3,19320,2,124
10:58:40.0,19305,3,19455,3,19320,2,124
10:58:40.500,19305,3,19455,3,19320,2,124
10:58:41.0,19310,2,19455,3,19320,2,124
10:58:41.500,19315,2,19455,3,19320,2,124
10:58:43.0,19315,2,19455,3,19320,2,124
10:58:44.500,19315,1,19455,3,19320,2,124
10:58:54.500,19320,1,19455,3,19320,2,124
10:58:55.0,19325,1,19455,3,19320,2,124
10:59:01.500,19330,1,19455,3,19320,2,124
10:59:02.0,19335,1,19455,3,19320,2,124
10:59:02.500,19335,1,19455,3,19320,2,124
10:59:04.500,19335,1,19455,2,19320,2,124
10:59:05.0,19335,1,19455,2,19320,2,124
10:59:32.500,19340,3,19455,2,19320,2,124
10:59:33.0,19340,3,19455,2,19320,2,124
10:59:33.500,19345,1,19450,1,19320,2,124
10:59:34.0,19345,1,19445,2,19320,2,124
10:59:34.500,19345,1,19445,2,19320,2,124
10:59:35.500,19340,3,19445,2,19320,2,124
10:59:40.500,19240,1,19445,2,19320,2,124
10:59:41.0,19285,2,19445,2,19320,2,124
10:59:41.500,19290,4,19445,2,19320,2,124
10:59:42.0,19295,2,19445,2,19320,2,124
10:59:42.500,19300,3,19445,2,19320,2,124
10:59:43.0,19300,3,19445,2,19320,2,124
10:59:43.500,19305,2,19445,2,19320,2,124
10:59:44.0,19310,3,19445,2,19320,2,124
10:59:44.500,19310,3,19445,2,19320,2,124
10:59:45.0,19315,2,19445,2,19320,2,124
10:59:45.500,19320,2,19445,2,19320,2,124
10:59:46.500,19320,2,19445,2,19320,2,124
10:59:47.0,19325,3,19445,2,19320,2,124
10:59:47.500,19330,2,19445,2,19320,2,124
10:59:48.0,19330,2,19445,2,19320,2,124
11:00:14.0,19330,2,19445,2,19320,2,124
11:00:14.500,19330,2,19445,2,19320,2,124
11:00:51.0,19335,2,19445,2,19320,2,124
11:00:51.500,19340,2,19445,2,19320,2,124
11:00:52.0,19340,2,19445,2,19320,2,124
11:01:07.500,19340,1,19445,2,19320,2,124
11:01:48.500,19345,3,19445,2,19320,2,124
11:01:49.0,19350,1,19445,2,19320,2,124
11:01:56.0,19345,3,19445,2,19320,2,124
11:01:57.0,19290,1,19445,2,19320,2,124
11:01:57.500,19295,6,19445,2,19320,2,124
11:01:58.0,19295,6,19445,2,19320,2,124
11:02:34.0,19295,6,19440,1,19320,2,124
11:02:34.500,19295,6,19440,2,19320,2,124
11:02:35.500,19295,6,19440,1,19320,2,124
11:02:38.0,19295,6,19435,1,19320,2,124
11:02:38.500,19295,6,19430,1,19320,2,124
11:02:39.0,19295,6,19470,1,19320,2,124
11:02:39.500,19295,6,19465,3,19320,2,124
11:04:19.500,19295,6,19465,3,19320,2,124
11:04:20.0,19295,6,19465,3,19320,2,124
11:04:20.500,19295,6,19465,3,19320,2,124
11:04:21.0,19295,6,19455,1,19320,2,124
11:04:21.500,19295,6,19450,3,19320,2,124
11:04:22.0,19295,6,19450,3,19320,2,124
11:04:22.500,19295,6,19450,3,19320,2,124
11:04:23.0,19295,6,19450,3,19320,2,124
11:04:23.500,19295,6,19450,3,19320,2,124
11:04:24.0,19295,6,19450,3,19320,2,124
11:04:24.500,19295,6,19450,3,19320,2,124
11:04:46.0,19300,3,19450,3,19320,2,124
11:04:46.500,19305,3,19450,3,19320,2,124
11:04:47.0,19305,5,19450,3,19320,2,124
11:04:51.0,19305,5,19450,2,19320,2,124
11:04:54.500,19305,5,19450,2,19320,2,124
11:05:17.0,19305,5,19445,1,19320,2,124
11:05:17.500,19305,5,19440,2,19320,2,124
11:05:18.0,19305,5,19440,2,19320,2,124
11:05:48.0,19305,5,19440,1,19320,2,124
11:07:15.500,19310,3,19440,1,19320,2,124
11:07:16.0,19315,3,19440,1,19320,2,124
11:07:16.500,19320,2,19440,1,19320,2,124
11:07:17.0,19325,3,19440,1,19320,2,124
11:07:17.500,19325,3,19440,1,19320,2,124
11:07:18.0,19330,2,19440,1,19320,2,124
11:07:18.500,19335,2,19440,1,19320,2,124
11:07:19.0,19335,2,19440,1,19320,2,124
11:07:19.500,19340,2,19440,1,19320,2,124
11:07:20.0,19345,1,19440,1,19320,2,124
11:07:46.0,19345,1,19440,1,19320,2,124
11:08:18.500,19345,1,19435,1,19320,2,124
11:08:38.500,19345,1,19470,1,19320,2,124
11:08:39.0,19345,1,19465,3,19320,2,124
11:10:15.0,19345,1,19465,3,19320,2,124
11:10:15.500,19345,1,19465,3,19320,2,124
11:10:22.0,19350,1,19465,3,19320,2,124
11:10:47.0,19355,3,19465,3,19320,2,124
11:10:47.500,19355,3,19465,3,19320,2,124
11:10:55.500,19240,1,19465,3,19320,2,124
11:10:56.0,19295,2,19465,3,19320,2,124
11:10:56.500,19300,4,19465,3,19320,2,124
11:10:57.0,19305,2,19465,3,19320,2,124
11:10:57.500,19310,3,19465,3,19320,2,124
11:10:58.0,19310,3,19465,3,19320,2,124
11:10:58.500,19315,2,19465,3,19320,2,124
11:10:59.0,19320,3,19465,3,19320,2,124
11:10:59.500,19320,3,19465,3,19320,2,124
11:11:00.0,19325,2,19465,3,19320,2,124
11:11:00.500,19330,2,19465,3,19320,2,124
11:11:18.0,19330,2,19465,3,19320,2,124
11:11:39.0,19330,2,19460,2,19320,2,124
11:11:39.500,19330,2,19455,1,19320,2,124
11:11:40.0,19330,2,19450,1,19320,2,124
11:11:40.500,19330,2,19445,1,19320,2,124
11:11:41.0,19330,2,19440,1,19320,2,124
11:11:41.500,19330,2,19435,1,19320,2,124
11:11:42.0,19330,2,19435,1,19320,2,124
11:12:18.500,19330,2,19435,1,19320,2,124
11:13:11.0,19335,3,19435,1,19320,2,124
11:13:11.500,19340,1,19435,1,19320,2,124
11:14:07.500,19340,1,19430,1,19320,2,124
11:14:08.0,19340,1,19425,1,19320,2,124
11:14:08.500,19335,3,19425,1,19320,2,124
11:14:09.0,19335,3,19425,1,19320,2,124
11:14:09.500,19285,1,19425,1,19320,2,124
11:14:10.0,19290,5,19425,1,19320,2,124
11:14:15.0,19290,5,19420,1,19320,2,124
11:14:15.500,19290,5,19415,1,19320,2,124
11:14:16.0,19290,5,19415,1,19320,2,124
11:14:21.500,19290,5,19470,1,19320,2,124
11:14:22.0,19290,5,19465,3,19320,2,124
11:16:12.500,19295,3,19465,3,19320,2,124
11:16:13.0,19300,4,19465,3,19320,2,124
11:16:13.500,19300,6,19465,3,19320,2,124
11:16:20.500,19300,6,19465,3,19320,2,124
11:17:22.500,19300,6,19460,3,19320,2,124
11:17:29.500,19310,1,19460,3,19320,2,124
11:17:30.0,19315,3,19460,3,19320,2,124
11:17:30.500,19315,5,19460,3,19320,2,124
11:17:31.0,19320,2,19460,3,19320,2,124
11:17:31.500,19325,3,19460,3,19320,2,124
11:17:32.0,19325,3,19460,3,19320,2,124
11:17:32.500,19330,2,19460,3,19320,2,124
11:17:33.0,19335,2,19460,3,19320,2,124
11:17:33.500,19335,2,19460,3,19320,2,124
11:17:36.500,19335,2,19460,3,19320,2,124
11:17:37.0,19335,2,19460,3,19320,2,124
11:18:37.500,19340,3,19460,3,19320,2,124
11:18:38.0,19345,1,19460,3,19320,2,124
11:18:46.0,19345,1,19460,3,19320,2,124
11:20:23.0,19345,1,19455,2,19320,2,124
11:21:44.500,19350,3,19455,2,19320,2,124
11:21:45.0,19350,3,19455,2,19320,2,124
11:21:52.500,19295,2,19455,2,19320,2,124
11:21:53.0,19300,6,19455,2,19320,2,124
11:22:40.0,19300,6,19450,1,19320,2,124
11:22:40.500,19300,6,19445,2,19320,2,124
11:22:41.0,19300,6,19445,2,19320,2,124
11:23:17.500,19300,6,19445,1,19320,2,124
11:23:18.0,19305,2,19445,1,19320,2,124
11:23:18.500,19310,4,19445,1,19320,2,124
11:23:19.0,19310,6,19445,1,19320,2,124
11:23:19.500,19310,6,19470,1,19320,2,124
11:23:20.0,19310,6,19465,2,19320,2,124
11:24:06.500,19310,6,19460,1,19320,2,124
11:24:07.0,19310,6,19455,2,19320,2,124
11:24:07.500,19310,6,19455,2,19320,2,124
11:24:41.500,19315,3,19455,2,19320,2,124
11:24:42.0,19320,3,19455,2,19320,2,124
11:24:42.500,19325,2,19455,2,19320,2,124
11:24:43.0,19330,3,19455,2,19320,2,124
11:24:43.500,19330,3,19455,2,19320,2,124
11:24:44.0,19335,2,19455,2,19320,2,124
11:24:44.500,19340,2,19455,2,19320,2,124
11:24:45.0,19340,2,19455,2,19320,2,124
11:25:03.0,19345,2,19455,2,19320,2,124
11:25:03.500,19350,1,19455,2,19320,2,124
11:25:12.500,19350,1,19455,2,19320,2,124
11:25:31.0,19305,2,19455,2,19320,2,124
11:25:31.500,19310,5,19455,2,19320,2,124
11:26:48.500,19310,5,19450,1,19320,2,124
11:26:49.0,19310,5,19445,2,19320,2,124
11:26:52.0,19310,5,19440,1,19320,2,124
11:26:52.500,19310,5,19435,2,19320,2,124
11:26:53.0,19310,5,19435,2,19320,2,124
11:27:13.500,19310,4,19435,2,19320,2,124
11:27:24.500,19315,1,19435,2,19320,2,124
11:27:25.0,19320,2,19435,2,19320,2,124
11:27:25.500,19320,2,19435,2,19320,2,124
11:27:30.500,19325,2,19435,2,19320,2,124
11:27:31.0,19330,1,19435,2,19320,2,124
11:27:54.500,19335,3,19435,2,19320,2,124
11:27:55.0,19340,1,19435,2,19320,2,124
11:28:11.500,19340,1,19435,1,19320,2,124
11:28:38.0,19340,1,19435,1,19320,2,124
11:29:00.0,19340,1,19430,1,19320,2,124
11:29:00.500,19340,1,19425,1,19320,2,124
11:29:06.0,19340,1,19470,1,19320,2,124
11:29:06.500,19340,1,19465,3,19320,2,124
11:29:50.0,19275,1,19470,1,19320,2,124
11:29:50.500,19295,2,19470,1,19320,2,124
11:29:51.0,19295,2,19470,1,19320,2,124
11:29:51.500,19300,2,19470,1,19320,2,124
11:29:55.500,19300,2,19470,1,19320,2,124
11:29:56.0,19300,2,19470,1,19320,2,124
11:29:56.500,19285,1,19470,1,19320,2,124
11:29:57.500,19275,1,19470,1,19320,2,124
11:29:58.0,19265,1,19470,1,19320,2,124
11:29:58.500,19255,1,19470,1,19320,2,124
13:30:00.500,18065,2,19465,1,19320,2,124
13:30:01.0,18545,10,19460,1,19320,2,124
13:30:01.500,19305,2,19460,1,19320,2,124
13:30:02.0,19310,2,19460,1,19320,2,124
13:30:02.500,19310,4,19455,1,19320,2,124
13:30:03.0,19315,6,19455,1,19320,2,124
13:30:03.500,19320,1,19455,1,19320,2,124
13:30:04.0,19320,1,19455,1,19320,2,124
13:30:04.500,19325,3,19455,1,19320,2,124
13:30:05.0,19330,4,19455,1,19320,2,124
13:30:05.500,19335,1,19455,1,19320,2,124
13:30:06.0,19340,2,19455,1,19320,2,124
13:30:06.500,19345,1,19455,1,19320,2,124
13:30:07.0,19350,5,19455,1,19320,2,124
13:30:07.500,19355,1,19455,1,19320,2,124
13:30:08.0,19355,1,19455,1,19320,2,124
13:30:08.500,19360,4,19455,1,19320,2,124
13:30:09.0,19365,1,19455,1,19320,2,124
13:30:09.500,19365,1,19455,1,19320,2,124
13:30:15.500,19365,1,19455,1,19320,2,124
13:30:29.0,19305,2,19455,1,19320,2,124
13:30:29.500,19310,10,19455,1,19320,2,124
13:30:30.0,19310,10,19450,1,19320,2,124
13:30:30.500,19310,10,19445,1,19320,2,124
13:30:31.0,19310,10,19445,1,19320,2,124
13:30:41.0,19310,10,19445,1,19320,2,124
13:30:48.500,19310,12,19445,1,19320,2,124
13:31:05.0,19310,12,19440,3,19320,2,124
13:31:05.500,19310,12,19470,1,19320,2,124
13:31:06.0,19310,12,19465,2,19320,2,124
13:31:07.0,19310,12,19460,3,19320,2,124
13:31:07.500,19310,12,19455,2,19320,2,124
13:31:08.500,19310,12,19450,3,19320,2,124
13:31:09.0,19310,12,19445,1,19320,2,124
13:31:10.0,19310,12,19440,3,19320,2,124
13:31:10.500,19310,12,19440,3,19320,2,124
13:31:11.500,19310,12,19470,1,19320,2,124
13:31:12.0,19310,12,19465,3,19320,2,124
13:31:13.0,19310,12,19460,3,19320,2,124
13:31:13.500,19310,12,19455,2,19320,2,124
13:31:14.0,19310,12,19455,2,19320,2,124
13:31:21.0,19310,12,19455,2,19320,2,124
13:31:28.0,19310,10,19455,2,19320,2,124
13:31:50.500,19310,10,19450,3,19320,2,124
13:31:51.0,19310,10,19445,1,19320,2,124
13:33:14.0,19310,10,19445,1,19320,2,124
13:33:33.500,19315,3,19445,1,19320,2,124
13:33:34.0,19315,3,19445,1,19320,2,124
13:33:34.500,19320,6,19445,1,19320,2,124
13:33:35.0,19325,3,19445,1,19320,2,124
13:33:36.500,19325,3,19445,1,19320,2,124
13:33:37.0,19330,6,19445,1,19320,2,124
13:33:37.500,19335,3,19445,1,19320,2,124
13:33:55.500,19335,3,19445,1,19320,2,124
13:33:56.0,19340,2,19445,1,19320,2,124
13:33:56.500,19345,2,19445,1,19320,2,124
13:33:57.0,19345,2,19445,1,19320,2,124
13:34:42.500,19350,3,19445,1,19320,2,124
13:34:43.0,19355,1,19445,1,19320,2,124
13:34:50.500,19355,1,19470,1,19320,2,124
13:34:51.0,19355,1,19465,2,19320,2,124
13:35:58.0,19355,1,19465,2,19320,2,124
13:35:58.500,19360,6,19465,2,19320,2,124
13:35:59.0,19365,1,19465,2,19320,2,124
13:35:59.500,19365,1,19465,2,19320,2,124
13:36:00.0,19370,6,19465,2,19320,2,124
13:36:00.500,19370,6,19465,2,19320,2,124
13:36:50.500,19370,6,19460,1,19320,2,124
13:36:51.0,19370,6,19455,2,19320,2,124
13:36:51.500,19370,6,19455,2,19320,2,124
13:36:52.0,19370,6,19450,1,19320,2,124
13:36:52.500,19370,6,19445,2,19320,2,124
13:36:53.0,19295,1,19445,2,19320,2,124
13:36:53.500,19300,9,19445,2,19320,2,124
13:36:54.500,19300,9,19445,2,19320,2,124
13:36:57.500,19300,9,19445,2,19320,2,124
13:36:59.500,19300,9,19440,3,19320,2,124
13:37:00.0,19300,9,19435,2,19320,2,124
13:37:00.500,19300,9,19435,1,19320,2,124
13:37:01.0,19300,9,19435,1,19320,2,124
13:37:02.0,19300,9,19430,3,19320,2,124
13:37:02.500,19300,9,19470,1,19320,2,124
13:37:03.0,19300,9,19465,3,19320,2,124
13:37:07.0,19300,9,19465,3,19320,2,124
13:37:09.500,19300,9,19465,3,19320,2,124
13:37:19.0,19300,9,19465,2,19320,2,124
13:37:19.500,19305,2,19465,2,19320,2,124
13:37:20.0,19310,4,19465,2,19320,2,124
13:37:20.500,19315,4,19465,2,19320,2,124
13:37:21.0,19320,3,19465,2,19320,2,124
13:37:22.0,19320,3,19465,2,19320,2,124
13:37:22.500,19325,6,19465,2,19320,2,124
13:37:23.0,19330,3,19465,2,19320,2,124
13:38:03.0,19335,3,19465,2,19320,2,124
13:38:03.500,19340,3,19465,2,19320,2,124
13:38:11.0,19340,3,19465,2,19320,2,124
13:38:20.500,19345,6,19465,2,19320,2,124
13:38:21.0,19350,2,19465,2,19320,2,124
13:38:21.500,19350,2,19465,2,19320,2,124
13:38:22.0,19355,6,19465,2,19320,2,124
13:38:22.500,19360,1,19465,2,19320,2,124
13:38:23.0,19360,1,19465,2,19320,2,124
13:38:23.500,19365,6,19465,2,19320,2,124
13:38:24.0,19365,6,19465,2,19320,2,124
13:38:54.500,19370,1,19465,2,19320,2,124
13:38:55.0,19370,1,19465,2,19320,2,124
13:38:55.500,19375,4,19465,2,19320,2,124
13:38:56.0,19375,6,19465,2,19320,2,124
13:40:05.0,19375,6,19460,2,19320,2,124
13:40:33.0,19380,3,19460,2,19320,2,124
13:40:33.500,19380,3,19460,2,19320,2,124
13:40:34.0,19385,6,19460,2,19320,2,124
13:40:41.500,19385,6,19460,2,19320,2,124
13:40:42.0,19385,6,19460,2,19320,2,124
13:41:29.0,19385,6,19460,2,19320,2,124
13:41:29.500,19380,3,19460,2,19320,2,124
13:41:30.0,19290,1,19455,3,19320,2,124
13:41:30.500,19315,2,19455,3,19320,2,124
13:41:31.0,19320,10,19455,3,19320,2,124
13:41:31.500,19320,10,19470,1,19320,2,124
13:41:32.0,19320,10,19465,2,19320,2,124
13:41:32.500,19320,10,19465,2,19320,2,124
13:41:33.0,19320,10,19460,3,19320,2,124
13:41:33.500,19320,10,19455,1,19320,2,124
13:41:34.500,19320,10,19450,3,19320,2,124
13:41:35.0,19320,10,19450,3,19320,2,124
13:41:36.0,19320,10,19470,1,19320,2,124
13:41:36.500,19320,10,19465,2,19320,2,124
13:41:37.0,19320,10,19460,3,19320,2,124
13:41:37.500,19320,10,19455,1,19320,2,124
13:41:38.500,19320,10,19450,3,19320,2,124
13:41:39.0,19320,10,19470,1,19320,2,124
13:41:39.500,19320,10,19465,2,19320,2,124
13:41:40.500,19320,10,19460,3,19320,2,124
13:41:41.0,19320,10,19455,1,19320,2,124
13:41:42.0,19320,10,19450,3,19320,2,124
13:41:42.500,19320,10,19450,3,19320,2,124
13:41:43.500,19320,10,19470,1,19320,2,124
13:41:44.0,19320,10,19465,2,19320,2,124
13:41:45.0,19320,10,19460,3,19320,2,124
13:41:45.500,19320,10,19455,1,19320,2,124
13:41:46.500,19320,10,19450,3,19320,2,124
13:41:47.0,19320,10,19450,3,19320,2,124
13:41:47.500,19320,10,19470,1,19320,2,124
13:41:48.0,19320,10,19465,2,19320,2,124
13:41:49.0,19320,10,19460,3,19320,2,124
13:41:49.500,19320,10,19455,1,19320,2,124
13:41:50.500,19320,10,19450,3,19320,2,124
13:41:51.0,19320,10,19470,1,19320,2,124
13:41:51.500,19320,10,19465,2,19320,2,124
13:41:52.0,19320,10,19460,3,19320,2,124
13:41:52.500,19320,10,19455,1,19320,2,124
13:41:53.500,19320,10,19450,3,19320,2,124
13:41:54.0,19320,10,19470,1,19320,2,124
13:41:54.500,19320,10,19465,2,19320,2,124
13:41:55.500,19320,10,19460,3,19320,2,124
13:41:56.0,19320,10,19455,1,19320,2,124
13:41:57.0,19320,10,19450,3,19320,2,124
13:41:57.500,19320,10,19450,3,19320,2,124
13:41:58.0,19320,10,19470,1,19320,2,124
13:41:58.500,19320,10,19465,2,19320,2,124
13:41:59.500,19320,10,19460,3,19320,2,124
13:42:00.0,19320,10,19455,1,19320,2,124
13:42:01.0,19320,10,19450,3,19320,2,124
13:42:01.500,19320,10,19470,1,19320,2,124
13:42:02.0,19320,10,19465,2,19320,2,124
13:42:03.0,19320,10,19460,3,19320,2,124
13:42:03.500,19320,10,19460,3,19320,2,124
13:42:04.0,19320,10,19455,1,19320,2,124
13:42:05.0,19320,10,19450,3,19320,2,124
13:42:05.500,19320,10,19470,1,19320,2,124
13:42:06.0,19320,10,19465,2,19320,2,124
13:42:06.500,19320,10,19465,5,19320,2,124
13:42:07.500,19320,10,19460,3,19320,2,124
13:42:08.0,19320,10,19455,1,19320,2,124
13:42:09.0,19320,10,19450,3,19320,2,124
13:42:09.500,19320,10,19470,1,19320,2,124
13:42:10.0,19320,10,19465,2,19320,2,124
13:42:11.0,19320,10,19460,3,19320,2,124
13:42:11.500,19320,10,19455,1,19320,2,124
13:42:12.500,19320,10,19450,3,19320,2,124
13:42:13.0,19320,10,19470,1,19320,2,124
13:42:13.500,19320,10,19465,5,19320,2,124
13:42:14.500,19320,10,19460,3,19320,2,124
13:42:15.0,19320,10,19455,1,19320,2,124
13:42:16.0,19320,10,19450,3,19320,2,124
13:42:16.500,19320,10,19470,1,19320,2,124
13:42:17.0,19320,10,19465,2,19320,2,124
13:42:18.0,19320,10,19460,3,19320,2,124
13:42:18.500,19320,10,19455,1,19320,2,124
13:42:19.500,19320,10,19450,3,19320,2,124
13:42:20.0,19320,10,19450,3,19320,2,124
13:42:20.500,19320,10,19470,1,19320,2,124
13:42:21.0,19320,10,19465,2,19320,2,124
13:42:22.0,19320,10,19460,3,19320,2,124
13:42:22.500,19320,10,19455,1,19320,2,124
13:42:23.500,19320,10,19450,3,19320,2,124
13:42:24.0,19320,10,19450,3,19320,2,124
13:42:24.500,19320,10,19470,1,19320,2,124
13:42:25.0,19320,10,19465,2,19320,2,124
13:42:26.0,19320,10,19460,3,19320,2,124
13:42:26.500,19320,10,19455,1,19320,2,124
13:42:27.500,19320,10,19450,3,19320,2,124
13:42:28.0,19320,10,19450,3,19320,2,124
13:42:28.500,19320,10,19470,1,19320,2,124
13:42:29.0,19320,10,19465,2,19320,2,124
13:42:30.0,19320,10,19460,3,19320,2,124
13:42:30.500,19320,10,19455,1,19320,2,124
13:42:31.0,19320,10,19450,3,19320,2,124
13:42:31.500,19320,10,19450,3,19320,2,124
13:42:32.0,19320,10,19470,1,19320,2,124
13:42:32.500,19320,10,19465,2,19320,2,124
13:42:33.500,19320,10,19460,3,19320,2,124
13:42:34.0,19320,10,19455,1,19320,2,124
13:42:35.0,19320,10,19450,3,19320,2,124
13:42:35.500,19320,10,19450,3,19320,2,124
13:42:36.0,19320,10,19470,1,19320,2,124
13:42:36.500,19320,10,19465,2,19320,2,124
13:42:37.500,19320,10,19460,3,19320,2,124
13:42:38.0,19320,10,19455,1,19320,2,124
13:42:38.500,19320,10,19450,3,19320,2,124
13:42:39.0,19320,10,19450,3,19320,2,124
13:42:39.500,19320,10,19470,1,19320,2,124
13:42:40.0,19320,10,19465,2,19320,2,124
13:42:41.0,19320,10,19460,3,19320,2,124
13:42:41.500,19320,10,19455,1,19320,2,124
13:42:42.500,19320,10,19450,3,19320,2,124
13:42:43.0,19320,10,19470,1,19320,2,124
13:42:43.500,19320,10,19465,2,19320,2,124
13:42:44.500,19320,10,19460,3,19320,2,124
13:42:45.0,19320,10,19455,1,19320,2,124
13:42:46.0,19320,10,19450,3,19320,2,124
13:42:46.500,19320,10,19450,3,19320,2,124
13:42:47.500,19320,10,19470,1,19320,2,124
13:42:48.0,19320,10,19465,2,19320,2,124
13:42:48.500,19320,10,19465,2,19320,2,124
13:42:49.0,19320,10,19460,3,19320,2,124
13:42:49.500,19320,10,19455,1,19320,2,124
13:42:50.500,19320,10,19450,3,19320,2,124
13:42:51.0,19320,10,19445,1,19320,2,124
13:42:52.0,19320,10,19445,1,19320,2,124
13:42:52.500,19320,10,19445,4,19320,2,124
13:43:07.500,19320,10,19445,3,19320,2,124
13:43:08.0,19320,10,19470,1,19320,2,124
13:43:08.500,19320,10,19465,2,19320,2,124
13:43:09.500,19320,10,19460,3,19320,2,124
13:43:10.0,19320,10,19455,1,19320,2,124
13:43:11.0,19320,10,19450,3,19320,2,124
13:43:11.500,19320,10,19450,3,19320,2,124
13:43:12.0,19320,10,19470,1,19320,2,124
13:43:12.500,19320,10,19465,2,19320,2,124
13:43:13.0,19320,10,19465,5,19320,2,124
13:43:14.0,19320,10,19460,3,19320,2,124
13:43:14.500,19320,10,19455,1,19320,2,124
13:43:15.500,19320,10,19450,3,19320,2,124
13:43:16.0,19320,10,19450,3,19320,2,124
13:43:16.500,19320,10,19470,1,19320,2,124
13:43:17.0,19320,10,19465,2,19320,2,124
13:43:17.500,19320,10,19465,2,19320,2,124
13:43:18.0,19320,10,19460,3,19320,2,124
13:43:18.500,19320,10,19455,1,19320,2,124
13:43:19.500,19320,10,19450,3,19320,2,124
13:43:20.0,19320,10,19450,3,19320,2,124
13:43:21.0,19320,10,19470,1,19320,2,124
13:43:21.500,19320,10,19465,2,19320,2,124
13:43:22.0,19320,10,19460,3,19320,2,124
13:43:22.500,19320,10,19455,1,19320,2,124
13:43:23.0,19320,10,19455,2,19320,2,124
13:43:23.500,19320,10,19455,1,19320,2,124
13:43:25.500,19320,10,19450,3,19320,2,124
13:43:26.0,19320,10,19470,1,19320,2,124
13:43:26.500,19320,10,19465,2,19320,2,124
13:43:27.500,19320,10,19460,3,19320,2,124
13:43:28.0,19320,10,19455,1,19320,2,124
13:43:29.0,19320,10,19450,3,19320,2,124
13:43:29.500,19320,10,19470,1,19320,2,124
13:43:30.0,19320,10,19465,2,19320,2,124
13:43:30.500,19320,10,19465,2,19320,2,124
13:43:31.0,19320,10,19460,3,19320,2,124
13:43:31.500,19320,10,19455,1,19320,2,124
13:43:32.500,19320,10,19450,3,19320,2,124
13:43:33.0,19320,10,19470,1,19320,2,124
13:43:33.500,19320,10,19465,2,19320,2,124
13:43:54.0,19320,10,19460,3,19320,2,124
13:43:54.500,19320,10,19455,1,19320,2,124
13:44:24.0,19325,3,19455,1,19320,2,124
13:44:24.500,19330,3,19455,1,19320,2,124
13:44:25.0,19335,6,19455,1,19320,2,124
13:44:25.500,19340,3,19455,1,19320,2,124
13:44:26.0,19340,3,19455,1,19320,2,124
13:44:26.500,19345,6,19455,1,19320,2,124
13:44:27.0,19350,2,19455,1,19320,2,124
13:44:31.500,19350,1,19450,1,19320,2,124
13:44:32.0,19350,1,19445,1,19320,2,124
13:44:43.0,19350,1,19470,1,19320,2,124
13:44:43.500,19350,1,19465,2,19320,2,124
13:44:54.500,19350,1,19465,2,19320,2,124
13:46:10.500,19355,1,19465,2,19320,2,124
13:46:11.0,19360,1,19465,2,19320,2,124
13:46:11.500,19360,1,19465,2,19320,2,124
13:47:00.0,19365,3,19465,2,19320,2,124
13:47:00.500,19370,1,19465,2,19320,2,124
13:47:08.0,19370,1,19465,2,19320,2,124
13:47:44.0,19370,1,19460,1,19320,2,124
13:48:44.500,19375,1,19470,1,19320,2,124
13:48:45.0,19380,1,19465,1,19320,2,124
13:48:51.500,19400,3,19465,1,19320,2,124
13:48:52.0,19400,3,19465,1,19320,2,124
13:49:01.500,19400,3,19460,1,19320,2,124
13:49:02.0,19400,3,19460,1,19320,2,124
13:49:08.0,19400,3,19455,1,19320,2,124
13:49:08.500,19400,3,19455,1,19320,2,124
13:49:09.0,19400,3,19450,1,19320,2,124
13:49:09.500,19400,3,19450,1,19320,2,124
13:50:01.0,19400,3,19445,3,19320,2,124
13:50:01.500,19400,3,19445,3,19320,2,124
13:50:02.0,19400,3,19440,1,19320,2,124
13:50:43.0,19400,3,19440,1,19320,2,124
13:50:43.500,19400,3,19440,1,19320,2,124
13:51:14.500,19400,2,19440,1,19400,4,122
13:52:01.500,19400,2,19435,3,19400,4,122
13:52:02.500,19400,2,19470,1,19400,4,122
13:52:03.0,19400,2,19465,3,19400,4,122
13:52:04.0,19400,2,19460,3,19400,4,122
13:52:04.500,19400,2,19455,1,19400,4,122
13:52:05.0,19400,2,19450,3,19400,4,122
13:52:05.500,19400,2,19445,1,19400,4,122
13:52:06.500,19400,2,19440,3,19400,4,122
13:52:07.0,19400,2,19470,1,19400,4,122
13:52:07.500,19400,2,19465,3,19400,4,122
13:52:08.0,19400,2,19465,3,19400,4,122
13:53:14.0,19400,5,19465,3,19400,4,122
13:53:48.500,19400,5,19465,3,19400,4,122
13:54:26.500,19345,4,19465,3,19400,14,122
13:54:27.0,19350,2,19465,3,19400,14,122
13:55:01.0,19350,2,19465,3,19400,14,122
13:55:01.500,19355,6,19465,3,19400,14,122
13:55:02.0,19360,1,19465,3,19400,14,122
13:55:06.500,19360,1,19465,3,19400,14,122
13:55:07.0,19365,6,19465,3,19400,14,122
13:55:07.500,19365,6,19460,1,19400,14,122
13:55:08.0,19365,6,19455,1,19400,14,122
13:55:08.500,19365,6,19450,1,19400,14,122
13:55:09.0,19365,6,19450,1,19400,14,122
13:55:20.0,19370,1,19450,1,19400,14,122
13:55:20.500,19280,1,19445,1,19400,14,122
13:55:21.0,19305,2,19450,1,19400,14,122
13:55:21.500,19310,4,19445,1,19400,14,122
13:55:22.0,19310,4,19440,1,19400,14,122
13:55:22.500,19315,6,19440,1,19400,14,122
13:55:23.0,19320,3,19440,1,19400,14,122
13:55:23.500,19320,3,19440,1,19400,14,122
13:55:24.0,19325,6,19440,1,19400,14,122
13:55:24.500,19330,3,19440,1,19400,14,122
13:55:25.0,19330,3,19440,1,19400,14,122
13:55:25.500,19335,6,19440,1,19400,14,122
13:55:26.0,19340,3,19440,1,19400,14,122
13:55:26.500,19340,3,19440,1,19400,14,122
13:55:27.0,19345,6,19440,1,19400,14,122
13:55:27.500,19350,2,19440,1,19400,14,122
13:55:28.500,19350,2,19440,1,19400,14,122
13:55:29.0,19355,6,19440,1,19400,14,122
13:55:29.500,19360,1,19440,1,19400,14,122
13:57:25.0,19360,1,19440,1,19400,14,122
13:57:25.500,19360,1,19470,1,19400,14,122
13:57:26.0,19360,1,19465,2,19400,14,122
13:57:29.500,19360,1,19460,1,19400,14,122
13:57:30.0,19360,1,19455,2,19400,14,122
13:57:31.0,19360,1,19455,2,19400,14,122
13:57:31.500,19360,1,19450,1,19400,14,122
13:57:32.0,19360,1,19445,1,19400,14,122
13:57:34.500,19360,1,19445,1,19400,14,122
13:57:35.0,19360,1,19440,1,19400,14,122
13:57:35.500,19360,1,19440,1,19400,14,122
13:57:36.500,19360,1,19400,1,19400,14,122
13:57:37.500,19360,1,19400,1,19400,14,122
13:57:38.0,19360,1,19395,1,19400,14,122
13:57:45.500,19360,1,19395,1,19400,14,122
13:58:37.500,19365,1,19395,1,19400,14,122
13:58:42.0,19305,2,19395,1,19400,14,122
13:58:42.500,19310,10,19395,1,19400,14,122
13:59:40.500,19310,10,19550,1,19400,14,122
13:59:41.0,19310,10,19490,1,19400,14,122
13:59:41.500,19310,10,19485,3,19400,14,122
13:59:44.500,19310,10,19480,1,19400,14,122
13:59:45.0,19310,10,19475,3,19400,14,122
13:59:45.500,19310,10,19475,3,19400,14,122
13:59:55.0,19310,10,19470,1,19400,14,122
13:59:55.500,19310,10,19465,2,19400,14,122
13:59:56.0,19310,10,19465,2,19400,14,122
13:59:56.500,19310,10,19460,1,19400,14,122
13:59:57.0,19310,10,19455,2,19400,14,122
13:59:57.500,19310,10,19455,2,19400,14,122
13:59:58.0,19310,10,19450,1,19400,14,122
13:59:58.500,19310,10,19445,1,19400,14,122
13:59:59.0,19310,10,19445,1,19400,14,122
13:59:59.500,19310,10,19440,1,19400,14,122
14:00:00.0,19310,10,19440,1,19400,14,122
14:00:46.0,19310,10,19440,1,19400,14,122
14:00:46.500,19310,10,19440,1,19400,14,122
14:01:20.0,19310,10,19435,1,19400,14,122
14:01:20.500,19310,10,19440,1,19400,14,122
14:01:21.0,19310,10,19490,1,19400,14,122
14:01:21.500,19310,10,19435,1,19400,14,122
14:01:22.0,19310,10,19435,1,19400,14,122
14:01:46.0,19315,3,19435,1,19400,14,122
14:01:46.500,19315,3,19435,1,19400,14,122
14:01:47.0,19320,6,19435,1,19400,14,122
14:01:47.500,19325,3,19435,1,19400,14,122
14:01:48.0,19325,3,19435,1,19400,14,122
14:01:48.500,19330,6,19435,1,19400,14,122
14:01:49.0,19335,3,19435,1,19400,14,122
14:01:49.500,19335,3,19435,1,19400,14,122
14:01:50.0,19340,6,19435,1,19400,14,122
14:01:50.500,19345,2,19435,1,19400,14,122
14:01:51.0,19345,2,19435,1,19400,14,122
14:01:51.500,19350,4,19435,1,19400,14,122
14:01:52.0,19355,1,19435,1,19400,14,122
14:01:58.0,19355,1,19435,1,19400,14,122
14:01:58.500,19355,1,19430,6,19400,14,122
14:01:59.0,19355,1,19490,1,19400,14,122
14:01:59.500,19355,1,19485,4,19400,14,122
14:02:00.500,19355,1,19485,4,19400,14,122
14:03:13.500,19305,2,19485,4,19400,14,122
14:03:14.0,19310,3,19485,4,19400,14,122
14:03:14.500,19315,4,19475,1,19400,14,122
14:03:15.0,19320,3,19470,3,19400,14,122
14:03:15.500,19320,3,19470,3,19400,14,122
14:03:16.0,19325,6,19470,3,19400,14,122
14:03:16.500,19330,2,19470,3,19400,14,122
14:03:17.0,19330,2,19470,3,19400,14,122
14:03:17.500,19335,4,19470,3,19400,14,122
14:03:18.0,19340,1,19470,3,19400,14,122
14:03:27.500,19340,1,19470,3,19400,14,122
14:04:05.0,19270,1,19470,3,19400,14,122
14:04:05.500,19275,6,19470,3,19400,14,122
14:04:06.0,19275,12,19460,1,19400,14,122
14:04:06.500,19275,12,19455,3,19400,14,122
14:04:07.0,19275,12,19455,3,19400,14,122
14:04:13.0,19275,12,19450,6,19400,14,122
14:04:13.500,19275,12,19445,3,19400,14,122
14:04:14.0,19275,12,19445,3,19400,14,122
14:04:59.0,19275,12,19445,3,19400,14,122
14:05:00.500,19275,12,19445,3,19400,14,122
14:05:12.500,19275,12,19445,2,19400,14,122
14:05:13.0,19275,12,19445,2,19400,14,122
14:05:13.500,19275,10,19445,2,19400,14,122
14:05:14.0,19285,2,19445,2,19400,14,122
14:05:14.500,19290,4,19445,2,19400,14,122
14:05:15.0,19290,4,19445,2,19400,14,122
14:05:15.500,19295,6,19445,2,19400,14,122
14:05:16.0,19300,3,19445,2,19400,14,122
14:05:21.500,19300,3,19440,3,19400,14,122
14:05:22.0,19300,3,19435,2,19400,14,122
14:05:23.0,19300,3,19430,3,19400,14,122
14:05:23.500,19300,3,19425,2,19400,14,122
14:05:24.500,19300,3,19420,3,19400,14,122
14:05:25.0,19300,3,19420,3,19400,14,122
14:05:25.500,19300,3,19475,1,19400,14,122
14:05:26.0,19300,3,19415,1,19400,14,122
14:05:26.500,19300,3,19460,1,19400,14,122
14:05:27.0,19300,3,19455,3,19400,14,122
14:05:28.0,19300,3,19450,3,19400,14,122
14:05:28.500,19300,3,19445,3,19400,14,122
14:05:29.500,19300,3,19440,3,19400,14,122
14:05:30.0,19300,3,19435,2,19400,14,122
14:05:31.0,19300,3,19430,3,19400,14,122
14:05:31.500,19300,3,19425,2,19400,14,122
14:05:32.500,19300,3,19420,3,19400,14,122
14:05:33.0,19300,3,19415,1,19400,14,122
14:05:34.0,19300,3,19410,3,19400,14,122
14:05:34.500,19300,3,19410,3,19400,14,122
14:05:35.0,19300,3,19460,1,19400,14,122
14:05:35.500,19300,3,19455,3,19400,14,122
14:05:36.500,19300,3,19450,3,19400,14,122
14:05:37.0,19300,3,19445,3,19400,14,122
14:05:38.0,19300,3,19440,3,19400,14,122
14:05:38.500,19300,3,19435,2,19400,14,122
14:05:39.500,19300,3,19430,3,19400,14,122
14:05:40.0,19300,3,19425,2,19400,14,122
14:05:41.0,19300,3,19420,3,19400,14,122
14:05:41.500,19300,3,19415,1,19400,14,122
14:05:42.500,19300,3,19410,3,19400,14,122
14:05:43.0,19300,3,19460,1,19400,14,122
14:05:43.500,19300,3,19455,3,19400,14,122
14:05:44.500,19300,3,19450,3,19400,14,122
14:05:45.0,19300,3,19445,3,19400,14,122
14:05:46.0,19300,3,19440,3,19400,14,122
14:05:46.500,19300,3,19435,2,19400,14,122
14:05:47.0,19300,3,19435,2,19400,14,122
14:05:47.500,19300,3,19430,6,19400,14,122
14:05:48.0,19300,3,19425,2,19400,14,122
14:05:48.500,19300,3,19425,2,19400,14,122
14:06:15.500,19300,3,19425,2,19400,14,122
14:07:30.0,19300,3,19425,1,19400,14,122
14:07:56.500,19300,3,19420,1,19400,14,122
14:07:57.0,19300,3,19415,1,19400,14,122
14:07:57.500,19300,3,19415,1,19400,14,122
14:08:16.0,19305,1,19415,1,19400,14,122
14:08:16.500,19310,1,19415,1,19400,14,122
14:08:17.0,19315,1,19415,1,19400,14,122
14:08:17.500,19320,1,19415,1,19400,14,122
14:08:18.0,19320,1,19415,1,19400,14,122
14:10:19.500,19320,1,19410,1,19400,14,122
14:10:20.0,19320,1,19405,1,19400,14,122
14:10:20.500,19320,1,19405,1,19400,14,122
14:10:24.0,19320,1,19485,1,19400,14,122
14:10:24.500,19320,1,19455,1,19400,14,122
14:10:25.0,19320,1,19450,3,19400,14,122
14:10:28.0,19320,1,19450,3,19400,14,122
14:10:43.0,19320,1,19445,1,19400,14,122
14:10:43.500,19320,1,19440,3,19400,14,122
14:10:44.0,19320,1,19440,3,19400,14,122
14:10:46.0,19320,1,19440,3,19400,14,122
14:10:46.500,19320,1,19440,3,19400,14,122
14:10:48.500,19265,1,19440,3,19400,14,122
14:10:49.0,19270,4,19440,3,19400,14,122
14:10:49.500,19270,10,19440,3,19400,14,122
14:10:50.0,19270,10,19440,3,19400,14,122
14:10:50.500,19270,10,19440,4,19400,14,122
14:10:59.500,19270,10,19440,4,19400,14,122
14:11:00.0,19270,10,19440,4,19400,14,122
14:12:41.0,19270,10,19435,3,19400,14,122
14:12:41.500,19270,10,19430,3,19400,14,122
14:13:06.0,19270,10,19430,3,19400,14,122
14:13:06.500,19270,10,19430,5,19400,14,122
14:13:07.0,19270,9,19415,1,19400,14,122
14:13:07.500,19270,9,19410,3,19400,14,122
14:13:08.500,19270,9,19405,6,19400,14,122
14:13:09.0,19270,9,19400,3,19400,14,122
14:13:09.500,19270,3,19400,3,19400,14,122
14:13:10.0,19270,3,19395,3,19400,14,122
14:13:10.500,19270,3,19390,2,19400,14,122
14:13:11.500,19270,3,19385,3,19400,14,122
14:13:12.0,19270,3,19380,2,19400,14,122
14:13:13.0,19270,2,19375,3,19400,14,122
14:13:13.500,19270,2,19370,2,19400,14,122
14:13:14.0,19275,1,19370,1,19400,14,122
14:13:14.500,19280,1,19365,3,19400,14,122
14:13:15.0,19280,1,19415,1,19400,14,122
14:13:15.500,19280,1,19410,3,19400,14,122
14:13:16.500,19280,1,19405,3,19400,14,122
14:13:17.0,19280,1,19400,3,19400,14,122
14:13:17.500,19280,1,19395,6,19400,14,122
14:13:18.0,19280,1,19390,2,19400,14,122
14:13:18.500,19280,1,19390,2,19400,14,122
14:13:19.500,19280,1,19385,6,19400,14,122
14:13:20.0,19280,1,19380,2,19400,14,122
14:13:21.0,19280,1,19375,6,19400,14,122
14:13:21.500,19280,1,19370,1,19400,14,122
14:13:22.500,19280,1,19365,6,19400,14,122
14:13:23.0,19280,1,19415,1,19400,14,122
14:13:23.500,19280,1,19410,3,19400,14,122
14:13:24.0,19280,1,19410,3,19400,14,122
14:13:24.500,19280,1,19405,6,19400,14,122
14:13:25.0,19280,1,19400,3,19400,14,122
14:13:26.0,19280,1,19395,6,19400,14,122
14:13:26.500,19280,1,19390,3,19400,14,122
14:13:27.500,19280,1,19385,6,19400,14,122
14:13:28.0,19280,1,19380,2,19400,14,122
14:13:29.0,19280,1,19375,6,19400,14,122
14:13:29.500,19280,1,19370,1,19400,14,122
14:13:30.500,19280,1,19365,6,19400,14,122
14:13:31.0,19280,1,19415,1,19400,14,122
14:13:31.500,19280,1,19410,9,19400,14,122
14:13:32.500,19280,1,19405,6,19400,14,122
14:13:33.0,19280,1,19400,3,19400,14,122
14:13:34.0,19280,1,19395,6,19400,14,122
14:13:34.500,19280,1,19390,2,19400,14,122
14:13:35.500,19280,1,19385,6,19400,14,122
14:13:36.0,19280,1,19380,1,19400,14,122
14:13:36.500,19280,1,19380,1,19400,14,122
14:13:37.0,19280,1,19375,6,19400,14,122
14:13:37.500,19280,1,19415,1,19400,14,122
14:13:38.0,19280,1,19410,2,19400,14,122
14:13:38.500,19280,1,19410,3,19400,14,122
14:13:39.0,19280,1,19405,6,19400,14,122
14:13:39.500,19280,1,19400,3,19400,14,122
14:13:40.0,19280,1,19395,6,19400,14,122
14:13:40.500,19280,1,19390,2,19400,14,122
14:13:41.500,19280,1,19385,6,19400,14,122
14:13:42.0,19280,1,19380,1,19400,14,122
14:13:43.0,19280,1,19375,6,19400,14,122
14:13:43.500,19280,1,19370,1,19400,14,122
14:13:44.500,19280,1,19365,6,19400,14,122
14:13:45.0,19280,1,19365,6,19400,14,122
14:13:45.500,19280,1,19415,1,19400,14,122
14:13:46.0,19280,1,19410,8,19400,14,122
14:13:46.500,19280,1,19410,9,19400,14,122
14:13:47.0,19280,1,19405,6,19400,14,122
14:13:47.500,19280,1,19400,3,19400,14,122
14:13:48.500,19280,1,19395,6,19400,14,122
14:13:49.0,19280,1,19390,2,19400,14,122
14:13:50.0,19280,1,19385,6,19400,14,122
14:13:50.500,19280,1,19380,2,19400,14,122
14:13:51.500,19280,1,19375,6,19400,14,122
14:13:52.0,19280,1,19370,1,19400,14,122
14:13:53.0,19280,1,19365,6,19400,14,122
14:13:53.500,19280,1,19360,1,19400,14,122
14:13:54.0,19280,1,19415,1,19400,14,122
14:13:54.500,19280,1,19410,3,19400,14,122
14:13:55.500,19280,1,19405,6,19400,14,122
14:13:56.0,19280,1,19400,3,19400,14,122
14:13:57.0,19280,1,19395,6,19400,14,122
14:13:57.500,19280,1,19390,2,19400,14,122
14:13:58.500,19280,1,19385,6,19400,14,122
14:13:59.0,19280,1,19380,2,19400,14,122
14:14:00.0,19280,1,19375,6,19400,14,122
14:14:00.500,19280,1,19370,1,19400,14,122
14:14:01.500,19280,1,19365,6,19400,14,122
14:14:02.0,19280,1,19365,6,19400,14,122
14:14:03.0,19280,1,19415,1,19400,14,122
14:14:03.500,19280,1,19410,3,19400,14,122
14:14:04.0,19280,1,19410,3,19400,14,122
14:14:04.500,19280,1,19405,6,19400,14,122
14:14:05.0,19280,1,19400,3,19400,14,122
14:14:06.0,19280,1,19395,6,19400,14,122
14:14:06.500,19280,1,19390,3,19400,14,122
14:14:07.500,19280,1,19385,6,19400,14,122
14:14:08.0,19280,1,19380,2,19400,14,122
14:14:09.0,19280,1,19375,6,19400,14,122
14:14:09.500,19280,1,19370,1,19400,14,122
14:14:10.0,19280,1,19370,1,19400,14,122
14:14:10.500,19280,1,19365,6,19400,14,122
14:14:11.0,19280,1,19365,6,19400,14,122
14:14:11.500,19280,1,19415,1,19400,14,122
14:14:12.0,19280,1,19410,3,19400,14,122
14:14:12.500,19280,1,19410,3,19400,14,122
14:14:13.0,19280,1,19405,6,19400,14,122
14:14:13.500,19280,1,19400,3,19400,14,122
14:14:14.500,19280,1,19395,6,19400,14,122
14:14:15.0,19280,1,19390,1,19400,14,122
14:14:15.500,19280,1,19390,2,19400,14,122
14:14:16.0,19280,1,19385,6,19400,14,122
14:14:16.500,19280,1,19380,1,19400,14,122
14:14:17.500,19280,1,19375,6,19400,14,122
14:14:18.0,19280,1,19375,6,19400,14,122
14:14:18.500,19280,1,19470,1,19400,14,122
14:14:19.0,19280,1,19420,1,19400,14,122
14:14:19.500,19280,1,19415,3,19400,14,122
14:14:20.0,19280,1,19415,3,19400,14,122
14:14:20.500,19280,1,19410,6,19400,14,122
14:14:21.0,19280,1,19405,3,19400,14,122
14:14:21.500,19280,1,19400,6,19400,14,122
14:14:22.0,19280,1,19395,2,19400,14,122
14:14:23.0,19280,1,19390,6,19400,14,122
14:14:23.500,19280,1,19385,2,19400,14,122
14:14:24.0,19280,1,19380,6,19400,14,122
14:14:24.500,19280,1,19375,1,19400,14,122
14:14:25.0,19280,1,19420,1,19400,14,122
14:14:25.500,19280,1,19415,3,19400,14,122
14:14:26.500,19280,1,19410,6,19400,14,122
14:14:27.0,19280,1,19405,2,19400,14,122
14:14:27.500,19280,1,19405,3,19400,14,122
14:14:28.0,19280,1,19400,3,19400,14,122
14:14:28.500,19280,1,19395,3,19400,14,122
14:14:29.0,19280,1,19390,3,19400,14,122
14:14:29.500,19280,1,19385,2,19400,14,122
14:14:58.0,19280,1,19380,6,19400,14,122
14:14:58.500,19280,1,19375,1,19400,14,122
14:14:59.500,19280,1,19370,6,19400,14,122
14:15:00.0,19280,1,19370,6,19400,14,122
14:15:00.500,19280,1,19420,1,19400,14,122
14:15:01.0,19280,1,19415,3,19400,14,122
14:15:02.0,19280,1,19415,3,19400,14,122
14:15:03.0,19280,1,19410,3,19400,14,122
14:15:03.500,19280,1,19405,3,19400,14,122
14:15:04.500,19285,1,19400,3,19400,14,122
14:15:05.0,19290,1,19395,2,19400,14,122
14:15:06.0,19290,1,19390,3,19400,14,122
14:15:06.500,19290,1,19385,2,19400,14,122
14:15:07.500,19290,1,19380,3,19400,14,122
14:15:08.0,19290,1,19375,1,19400,14,122
14:16:44.0,19290,1,19380,3,19400,14,122
14:16:44.500,19290,1,19375,1,19400,14,122
14:16:50.0,19290,1,19420,1,19400,14,122
14:16:50.500,19290,1,19415,3,19400,14,122
14:16:51.500,19290,1,19410,3,19400,14,122
14:16:52.0,19290,1,19405,3,19400,14,122
14:16:53.0,19290,1,19400,3,19400,14,122
14:16:53.500,19290,1,19395,2,19400,14,122
14:16:54.500,19290,1,19390,3,19400,14,122
14:16:55.0,19290,1,19385,1,19400,14,122
14:16:56.0,19290,1,19380,3,19400,14,122
14:16:56.500,19290,1,19420,1,19400,14,122
14:16:57.0,19290,1,19415,6,19400,14,122
14:16:58.0,19290,1,19410,3,19400,14,122
14:16:58.500,19290,1,19405,3,19400,14,122
14:16:59.500,19290,1,19400,3,19400,14,122
14:17:00.0,19290,1,19395,1,19400,14,122
14:17:00.500,19290,1,19395,2,19400,14,122
14:17:01.0,19290,1,19390,3,19400,14,122
14:17:01.500,19290,1,19385,1,19400,14,122
14:17:02.500,19290,1,19380,3,19400,14,122
14:17:03.0,19290,1,19380,3,19400,14,122
14:17:04.0,19290,1,19440,1,19400,14,122
14:17:04.500,19290,1,19430,1,19400,14,122
14:17:05.0,19290,1,19425,3,19400,14,122
14:17:05.500,19290,1,19420,3,19400,14,122
14:17:06.0,19290,1,19415,3,19400,14,122
14:17:07.0,19290,1,19410,3,19400,14,122
14:17:07.500,19290,1,19405,2,19400,14,122
14:17:08.500,19290,1,19400,3,19400,14,122
14:17:09.0,19290,1,19395,2,19400,14,122
14:17:10.0,19290,1,19390,3,19400,14,122
14:17:10.500,19290,1,19385,1,19400,14,122
14:17:11.500,19290,1,19380,3,19400,14,122
14:17:12.0,19290,1,19430,1,19400,14,122
14:17:12.500,19290,1,19425,3,19400,14,122
14:17:13.500,19290,1,19420,3,19400,14,122
14:17:14.0,19295,1,19415,3,19400,14,122
14:17:14.500,19300,1,19415,3,19400,14,122
14:17:15.0,19300,1,19410,3,19400,14,122
14:17:15.500,19300,1,19405,2,19400,14,122
14:17:16.500,19225,1,19400,3,19400,14,122
14:17:17.0,19240,2,19395,2,19400,14,122
14:17:17.500,19245,4,19395,2,19400,14,122
14:17:18.0,19245,4,19390,3,19400,14,122
14:17:18.500,19250,6,19385,1,19400,14,122
14:17:19.0,19255,3,19385,1,19400,14,122
14:17:19.500,19255,3,19380,3,19400,14,122
14:17:20.0,19255,3,19380,3,19400,14,122
14:17:20.500,19260,6,19430,1,19400,14,122
14:17:21.0,19265,3,19425,3,19400,14,122
14:17:21.500,19265,3,19425,6,19400,14,122
14:17:22.0,19265,3,19420,3,19400,14,122
14:17:22.500,19265,3,19415,3,19400,14,122
14:17:23.500,19265,3,19410,3,19400,14,122
14:17:24.0,19265,3,19405,3,19400,14,122
14:17:25.0,19265,3,19400,3,19400,14,122
14:17:25.500,19265,3,19395,2,19400,14,122
14:17:26.500,19265,3,19390,3,19400,14,122
14:17:27.0,19265,3,19385,1,19400,14,122
14:17:28.0,19265,3,19380,3,19400,14,122
14:17:28.500,19265,3,19380,3,19400,14,122
14:17:29.0,19265,3,19430,1,19400,14,122
14:17:29.500,19265,3,19425,3,19400,14,122
14:17:30.0,19265,3,19425,6,19400,14,122
14:17:30.500,19265,3,19420,3,19400,14,122
14:17:31.0,19265,3,19415,3,19400,14,122
14:17:32.0,19265,3,19410,3,19400,14,122
14:17:32.500,19265,3,19405,3,19400,14,122
14:17:33.500,19265,3,19400,3,19400,14,122
14:17:34.0,19265,3,19395,2,19400,14,122
14:17:35.0,19265,3,19390,3,19400,14,122
14:17:35.500,19265,3,19385,1,19400,14,122
14:17:36.500,19265,3,19380,3,19400,14,122
14:17:37.0,19265,3,19380,3,19400,14,122
14:17:38.0,19265,3,19430,1,19400,14,122
14:17:38.500,19265,3,19425,3,19400,14,122
14:17:39.500,19265,3,19420,3,19400,14,122
14:17:40.0,19265,3,19415,3,19400,14,122
14:17:41.0,19265,3,19410,3,19400,14,122
14:17:41.500,19265,3,19405,3,19400,14,122
14:17:42.500,19265,3,19400,3,19400,14,122
14:17:43.0,19265,3,19395,2,19400,14,122
14:17:44.0,19265,3,19390,3,19400,14,122
14:17:44.500,19265,3,19385,1,19400,14,122
14:17:45.500,19265,3,19380,3,19400,14,122
14:17:46.0,19265,3,19430,1,19400,14,122
14:17:46.500,19265,3,19425,3,19400,14,122
14:17:47.0,19265,3,19425,3,19400,14,122
14:18:42.500,19265,3,19425,2,19400,14,122
14:18:43.0,19270,6,19425,2,19400,14,122
14:18:43.500,19275,3,19425,2,19400,14,122
14:18:46.0,19275,3,19425,2,19400,14,122
14:18:46.500,19280,6,19425,2,19400,14,122
14:18:47.0,19285,3,19425,2,19400,14,122
14:18:48.0,19285,3,19420,3,19400,14,122
14:18:48.500,19290,6,19415,2,19400,14,122
14:18:49.0,19295,3,19415,2,19400,14,122
14:18:49.500,19295,3,19410,3,19400,14,122
14:18:50.0,19300,6,19405,1,19400,14,122
14:18:50.500,19305,2,19405,1,19400,14,122
14:18:51.500,19305,2,19400,6,19400,14,122
14:18:52.0,19305,2,19400,6,19400,14,122
14:18:52.500,19305,2,19445,1,19400,14,122
14:18:53.0,19305,2,19440,9,19400,14,122
14:18:53.500,19305,2,19440,3,19400,14,122
14:18:54.500,19305,2,19435,6,19400,14,122
14:18:55.0,19305,2,19430,3,19400,14,122
14:18:56.0,19305,2,19430,3,19400,14,122
14:18:57.0,19305,2,19425,6,19400,14,122
14:18:57.500,19305,2,19420,2,19400,14,122
14:18:58.0,19305,1,19420,3,19400,14,122
14:18:58.500,19305,1,19415,6,19400,14,122
14:18:59.0,19305,1,19410,2,19400,14,122
14:18:59.500,19305,1,19410,2,19400,14,122
14:19:00.500,19305,1,19410,2,19400,14,122
14:19:01.0,19310,6,19410,2,19400,14,122
14:19:01.500,19315,1,19410,2,19400,14,122
14:19:02.500,19315,1,19410,2,19400,14,122
14:19:03.0,19320,6,19410,2,19400,14,122
14:19:03.500,19320,6,19410,2,19400,14,122
14:19:06.0,19240,1,19410,2,19400,14,122
14:19:06.500,19255,2,19410,2,19400,14,122
14:19:07.0,19260,10,19410,2,19400,14,122
14:19:09.0,19260,10,19405,3,19400,14,122
14:19:09.500,19260,10,19400,1,19400,14,122
14:19:10.500,19260,10,19400,1,19400,14,122
14:19:12.500,19260,10,19400,1,19400,14,122
14:19:14.0,19260,10,19395,6,19400,14,122
14:19:14.500,19260,10,19395,6,19400,14,122
14:19:15.0,19260,10,19445,1,19400,14,122
14:19:15.500,19260,10,19440,3,19400,14,122
14:19:16.500,19260,10,19435,6,19400,14,122
14:19:17.0,19260,10,19430,3,19400,14,122
14:19:18.0,19260,10,19430,3,19400,14,122
14:20:48.500,19260,10,19430,3,19400,14,122
14:20:49.0,19260,10,19430,3,19400,14,122
14:22:10.0,19265,3,19430,3,19400,14,122
14:22:10.500,19265,3,19430,3,19400,14,122
14:22:11.0,19270,6,19430,3,19400,14,122
14:22:11.500,19275,3,19430,3,19400,14,122
14:22:12.0,19275,3,19430,3,19400,14,122
14:22:12.500,19280,6,19430,3,19400,14,122
14:22:13.0,19285,3,19430,3,19400,14,122
14:22:13.500,19285,3,19430,3,19400,14,122
14:22:14.0,19290,6,19430,3,19400,14,122
14:22:14.500,19295,2,19430,3,19400,14,122
14:22:15.0,19295,2,19430,3,19400,14,122
14:22:15.500,19300,6,19430,3,19400,14,122
14:22:16.0,19305,1,19430,3,19400,14,122
14:22:16.500,19305,1,19430,3,19400,14,122
14:22:17.0,19310,4,19425,1,19400,14,122
14:22:17.500,19310,6,19420,2,19400,14,122
14:22:18.0,19310,6,19415,1,19400,14,122
14:22:18.500,19310,6,19410,2,19400,14,122
14:22:19.0,19310,6,19410,2,19400,14,122
14:22:56.0,19310,4,19410,2,19400,14,122
14:22:56.500,19310,6,19410,2,19400,14,122
14:23:32.0,19310,6,19405,6,19400,14,122
14:23:32.500,19255,2,19400,2,19400,14,122
14:23:33.0,19260,9,19400,2,19400,14,122
14:23:33.500,19260,9,19395,6,19400,14,122
14:23:34.0,19260,9,19390,1,19400,14,122
14:23:35.0,19260,9,19385,6,19400,14,122
14:23:35.500,19260,9,19385,6,19400,14,122
14:23:36.0,19260,9,19460,1,19400,14,122
14:23:36.500,19260,9,19430,1,19400,14,122
14:23:37.0,19260,9,19425,3,19400,14,122
14:23:38.0,19260,9,19420,6,19400,14,122
14:23:38.500,19260,9,19415,3,19400,14,122
14:23:39.500,19260,9,19410,6,19400,14,122
14:23:40.0,19260,9,19405,3,19400,14,122
14:23:41.0,19260,9,19400,6,19400,14,122
14:23:41.500,19260,9,19395,2,19400,14,122
14:23:42.500,19260,9,19390,6,19400,14,122
14:23:43.0,19260,9,19385,1,19400,14,122
14:23:44.0,19260,9,19380,3,19400,14,122
14:23:44.500,19260,9,19380,3,19400,14,122
14:23:45.500,19260,9,19430,1,19400,14,122
14:23:46.0,19260,9,19425,3,19400,14,122
14:23:46.500,19260,9,19420,6,19400,14,122
14:23:47.0,19260,9,19415,3,19400,14,122
14:23:48.0,19260,9,19410,6,19400,14,122
14:23:48.500,19260,9,19405,3,19400,14,122
14:23:49.500,19260,9,19400,6,19400,14,122
14:23:50.0,19260,9,19395,2,19400,14,122
14:23:51.0,19260,9,19390,6,19400,14,122
14:23:51.500,19260,9,19385,1,19400,14,122
14:23:52.0,19260,9,19380,3,19400,14,122
14:23:52.500,19260,9,19430,1,19400,14,122
14:23:53.0,19260,9,19425,3,19400,14,122
14:23:53.500,19260,9,19425,3,19400,14,122
14:23:54.0,19260,9,19420,6,19400,14,122
14:23:54.500,19260,9,19415,3,19400,14,122
14:23:55.500,19260,9,19410,6,19400,14,122
14:23:56.0,19260,9,19405,2,19400,14,122
14:23:56.500,19260,9,19405,3,19400,14,122
14:23:57.0,19260,9,19400,6,19400,14,122
14:23:57.500,19260,9,19395,2,19400,14,122
14:23:58.500,19260,9,19390,6,19400,14,122
14:23:59.0,19260,9,19385,1,19400,14,122
14:23:59.500,19260,9,19380,3,19400,14,122
14:24:00.0,19260,9,19380,3,19400,14,122
14:24:00.500,19260,9,19430,1,19400,14,122
14:24:01.0,19260,9,19425,3,19400,14,122
14:24:02.0,19260,9,19420,6,19400,14,122
14:24:02.500,19260,9,19415,3,19400,14,122
14:24:03.500,19260,9,19410,6,19400,14,122
14:24:04.0,19260,9,19405,3,19400,14,122
14:24:04.500,19260,9,19400,6,19400,14,122
14:24:05.0,19260,9,19395,2,19400,14,122
14:24:06.0,19260,9,19390,6,19400,14,122
14:24:06.500,19260,9,19385,1,19400,14,122
14:24:07.500,19260,9,19380,3,19400,14,122
14:24:08.0,19260,9,19380,3,19400,14,122
14:24:08.500,19260,9,19430,1,19400,14,122
14:24:09.0,19260,9,19425,3,19400,14,122
14:24:10.0,19260,9,19420,6,19400,14,122
14:24:10.500,19260,9,19415,3,19400,14,122
14:24:11.500,19260,9,19410,6,19400,14,122
14:24:12.0,19260,9,19405,3,19400,14,122
14:24:13.0,19260,9,19400,6,19400,14,122
14:24:13.500,19260,9,19395,2,19400,14,122
14:24:14.500,19260,9,19390,6,19400,14,122
14:24:15.0,19260,9,19385,1,19400,14,122
14:24:16.0,19260,9,19380,3,19400,14,122
14:24:16.500,19260,9,19380,3,19400,14,122
14:24:17.500,19260,9,19430,1,19400,14,122
14:24:18.0,19260,9,19425,3,19400,14,122
14:24:19.0,19260,9,19420,6,19400,14,122
14:24:19.500,19260,9,19415,3,19400,14,122
14:24:20.500,19260,9,19410,6,19400,14,122
14:24:21.0,19260,9,19405,3,19400,14,122
14:24:22.0,19260,9,19400,6,19400,14,122
14:24:22.500,19260,9,19395,2,19400,14,122
14:24:23.500,19260,9,19390,6,19400,14,122
14:24:24.0,19260,9,19385,1,19400,14,122
14:24:24.500,19260,9,19380,3,19400,14,122
14:24:25.0,19260,9,19380,3,19400,14,122
14:24:25.500,19260,9,19430,1,19400,14,122
14:24:26.0,19260,9,19425,3,19400,14,122
14:24:27.0,19260,9,19420,6,19400,14,122
14:24:27.500,19260,9,19415,3,19400,14,122
14:26:36.0,19265,3,19415,3,19400,14,122
14:26:36.500,19265,3,19415,3,19400,14,122
14:26:37.0,19270,6,19415,3,19400,14,122
14:26:37.500,19275,3,19415,3,19400,14,122
14:26:38.0,19275,3,19415,3,19400,14,122
14:26:38.500,19280,6,19415,3,19400,14,122
14:26:39.0,19285,2,19415,3,19400,14,122
14:27:23.0,19285,2,19415,3,19400,14,122
14:27:31.500,19285,2,19410,3,19400,14,122
14:29:39.500,19290,1,19410,3,19400,14,122
14:30:33.0,19290,1,19405,3,19400,14,122
14:30:50.0,19290,1,19405,3,19400,14,122
14:30:50.500,19290,1,19405,3,19400,14,122
14:32:42.0,19295,1,19405,3,19400,14,122
14:33:37.0,19295,1,19400,2,19400,14,122
14:35:29.0,19230,1,19400,2,19400,14,122
14:35:29.500,19235,4,19395,1,19400,14,122
14:35:30.0,19235,8,19390,2,19400,14,122
14:35:30.500,19235,8,19390,2,19400,14,122
14:35:31.500,19235,10,19390,2,19400,14,122
14:36:41.500,19235,10,19385,1,19400,14,122
14:36:42.0,19235,10,19380,2,19400,14,122
14:37:10.0,19235,10,19380,2,19400,14,122
14:37:10.500,19235,10,19380,2,19400,14,122
14:37:13.0,19235,10,19375,1,19400,14,122
14:37:13.500,19235,10,19370,2,19400,14,122
14:37:32.500,19235,10,19370,1,19400,14,122
14:37:34.500,19235,10,19470,1,19400,14,122
14:37:35.0,19235,10,19430,2,19400,14,122
14:37:35.500,19235,10,19420,1,19400,14,122
14:37:36.0,19235,10,19415,3,19400,14,122
14:38:29.500,19240,3,19415,3,19400,14,122
14:38:30.0,19240,3,19415,3,19400,14,122
14:38:30.500,19240,3,19405,1,19400,14,122
14:38:31.0,19245,6,19400,3,19400,14,122
14:38:31.500,19250,3,19400,3,19400,14,122
14:39:10.500,19250,3,19400,3,19400,14,122
14:39:11.0,19255,6,19400,3,19400,14,122
14:39:11.500,19260,3,19400,3,19400,14,122
14:39:20.0,19260,3,19400,3,19400,14,122
14:39:20.500,19260,3,19400,3,19400,14,122
14:39:43.0,19260,3,19400,2,19400,14,122
14:39:44.0,19265,6,19400,2,19400,14,122
14:39:44.500,19270,3,19400,2,19400,14,122
14:39:45.0,19270,3,19400,2,19400,14,122
14:39:45.500,19275,6,19400,2,19400,14,122
14:39:46.0,19280,2,19400,2,19400,14,122
14:39:46.500,19280,2,19400,2,19400,14,122
14:39:47.0,19285,6,19400,2,19400,14,122
14:39:47.500,19290,1,19400,2,19400,14,122
14:39:48.500,19290,1,19400,2,19400,14,122
14:39:49.0,19295,4,19400,2,19400,14,122
14:39:49.500,19230,2,19400,2,19400,14,122
14:39:50.0,19235,4,19400,2,19400,14,122
14:39:50.500,19240,6,19400,2,19400,14,122
14:39:51.0,19245,4,19400,2,19400,14,122
14:39:51.500,19245,4,19400,2,19400,14,122
14:39:52.0,19250,6,19400,2,19400,14,122
14:39:52.500,19255,3,19400,2,19400,14,122
14:39:53.500,19255,3,19400,2,19400,14,122
14:39:54.0,19260,6,19400,2,19400,14,122
14:39:54.500,19265,3,19400,2,19400,14,122
14:39:55.0,19265,3,19400,2,19400,14,122
14:39:55.500,19270,4,19400,2,19400,14,122
14:39:56.0,19275,2,19400,2,19400,14,122
14:39:56.500,19275,3,19400,2,19400,14,122
14:39:57.0,19275,2,19400,2,19400,14,122
14:40:00.0,19275,2,19400,2,19400,14,122
14:40:02.0,19280,6,19400,2,19400,14,122
14:40:02.500,19285,2,19400,2,19400,14,122
14:40:03.0,19285,2,19400,2,19400,14,122
14:40:06.0,19285,1,19400,2,19400,14,122
14:40:09.500,19285,1,19395,1,19400,14,122
14:40:10.0,19285,1,19390,2,19400,14,122
14:40:50.500,19285,1,19390,2,19400,14,122
14:40:51.0,19285,1,19390,2,19400,14,122
14:43:03.500,19290,1,19390,2,19400,14,122
14:43:10.0,19290,1,19385,2,19400,14,122
14:43:12.0,19295,1,19480,1,19400,14,122
14:43:12.500,19300,1,19430,1,19400,14,122
14:43:13.0,19300,7,19425,3,19400,14,122
14:43:13.500,19300,1,19425,3,19400,14,122
14:43:31.500,19300,1,19425,2,19400,14,122
14:43:32.0,19305,1,19425,2,19400,14,122
14:43:32.500,19310,1,19425,2,19400,14,122
14:43:33.0,19310,1,19425,2,19400,14,122
14:43:34.500,19310,1,19420,1,19400,14,122
14:43:35.0,19310,1,19415,2,19400,14,122
14:43:35.500,19310,1,19415,2,19400,14,122
14:45:01.0,19315,6,19415,2,19400,14,122
14:45:01.500,19320,1,19415,2,19400,14,122
14:45:20.0,19320,1,19415,2,19400,14,122
14:45:20.500,19325,6,19415,2,19400,14,122
14:45:21.0,19325,6,19415,2,19400,14,122
14:45:29.500,19195,1,19415,2,19400,14,122
14:45:30.0,19260,2,19415,2,19400,14,122
14:45:30.500,19265,10,19415,2,19400,14,122
14:45:32.500,19265,10,19415,2,19400,14,122
14:46:09.0,19265,10,19410,1,19400,14,122
14:46:09.500,19265,10,19405,2,19400,14,122
14:46:10.0,19265,10,19405,2,19400,14,122
14:46:11.0,19265,10,19405,2,19400,14,122
14:47:56.0,19265,10,19400,1,19400,14,122
14:47:56.500,19265,10,19395,2,19400,14,122
14:47:57.0,19265,10,19395,2,19400,14,122
14:48:17.0,19265,10,19395,2,19400,14,122
14:48:32.0,19270,2,19395,2,19400,14,122
14:48:32.500,19270,3,19395,2,19400,14,122
14:48:33.0,19270,2,19395,2,19400,14,122
14:48:33.500,19275,6,19395,2,19400,14,122
14:48:34.0,19280,1,19395,2,19400,14,122
14:48:34.500,19280,1,19395,2,19400,14,122
14:48:35.0,19285,2,19395,2,19400,14,122
14:48:35.500,19290,1,19395,2,19400,14,122
14:49:06.0,19290,1,19395,2,19400,14,122
14:50:00.0,19290,1,19395,2,19400,14,122
14:50:04.500,19290,1,19395,1,19400,14,122
14:50:06.500,19295,1,19395,1,19400,14,122
14:50:07.0,19300,1,19395,1,19400,14,122
14:50:51.500,19300,1,19395,1,19400,14,122
14:50:52.0,19300,1,19395,1,19400,14,122
14:50:57.500,19300,1,19430,1,19400,14,122
14:50:58.0,19300,1,19425,3,19400,14,122
14:51:00.0,19300,1,19420,6,19400,14,122
14:51:00.500,19300,1,19415,3,19400,14,122
14:51:01.500,19300,1,19410,6,19400,14,122
14:51:02.0,19300,1,19405,2,19400,14,122
14:51:03.0,19300,1,19400,6,19400,14,122
14:51:03.500,19300,1,19400,6,19400,14,122
14:51:04.0,19300,1,19395,1,19400,14,122
14:51:05.0,19300,1,19390,6,19400,14,122
14:51:05.500,19300,1,19390,6,19400,14,122
14:51:06.0,19300,1,19435,1,19400,14,122
14:51:06.500,19300,1,19430,3,19400,14,122
14:51:07.500,19300,1,19425,6,19400,14,122
14:51:08.0,19300,1,19420,3,19400,14,122
14:51:09.0,19300,1,19415,6,19400,14,122
14:51:09.500,19300,1,19410,2,19400,14,122
14:51:10.500,19300,1,19405,6,19400,14,122
14:51:11.0,19300,1,19400,1,19400,14,122
14:51:12.0,19300,1,19395,6,19400,14,122
14:51:13.0,19300,1,19395,6,19400,14,122
14:51:13.500,19300,1,19440,1,19400,14,122
14:51:14.0,19300,1,19435,3,19400,14,122
14:51:14.500,19300,1,19435,3,19400,14,122
14:51:15.0,19300,1,19430,6,19400,14,122
14:51:15.500,19300,1,19425,2,19400,14,122
14:51:16.0,19300,1,19425,3,19400,14,122
14:51:16.500,19300,1,19420,6,19400,14,122
14:51:17.0,19300,1,19415,2,19400,14,122
14:51:18.0,19300,1,19410,6,19400,14,122
14:51:18.500,19300,1,19405,1,19400,14,122
14:51:19.0,19300,1,19405,2,19400,14,122
14:51:19.500,19305,1,19400,6,19400,14,122
14:51:20.0,19310,1,19400,6,19400,14,122
14:51:20.500,19310,1,19440,1,19400,14,122
14:51:21.0,19310,1,19435,2,19400,14,122
14:51:21.500,19310,1,19435,6,19400,14,122
14:51:22.500,19310,1,19430,3,19400,14,122
14:51:23.0,19310,1,19425,2,19400,14,122
14:51:23.500,19310,1,19425,3,19400,14,122
14:51:24.0,19310,1,19420,3,19400,14,122
14:51:24.500,19310,1,19415,2,19400,14,122
14:51:25.500,19310,1,19410,3,19400,14,122
14:51:26.0,19310,1,19405,1,19400,14,122
14:51:26.500,19310,1,19405,1,19400,14,122
14:54:21.500,19315,1,19405,1,19400,14,122
14:54:22.0,19315,1,19405,1,19400,14,122
14:54:27.500,19315,1,19410,3,19400,14,122
14:54:28.0,19315,1,19405,1,19400,14,122
14:54:48.0,19315,1,19400,3,19400,14,122
14:54:48.500,19315,1,19400,3,19400,14,122
14:54:49.0,19315,1,19400,6,19400,14,122
14:54:49.500,19315,1,19450,1,19400,14,122
14:54:50.0,19315,1,19445,3,19400,14,122
14:54:51.0,19315,1,19440,6,19400,14,122
14:54:51.500,19315,1,19435,3,19400,14,122
14:54:52.500,19315,1,19430,6,19400,14,122
14:54:53.0,19315,1,19425,3,19400,14,122
14:54:54.0,19315,1,19425,3,19400,14,122
14:54:55.0,19315,1,19425,2,19400,14,122
14:55:04.500,19320,2,19425,1,19400,14,122
14:55:05.0,19325,1,19425,1,19400,14,122
14:55:05.500,19325,1,19425,1,19400,14,122
14:55:37.0,19325,1,19420,1,19400,14,122
14:55:37.500,19325,1,19415,1,19400,14,122
14:55:38.0,19325,1,19415,1,19400,14,122
14:56:41.500,19325,1,19455,1,19400,14,122
14:56:42.0,19325,1,19450,3,19400,14,122
14:56:42.500,19325,1,19450,3,19400,14,122
14:56:50.500,19325,1,19350,1,19400,14,122
14:56:51.0,19325,1,19350,1,19400,14,122
14:57:24.0,19220,1,19350,1,19400,14,122
14:57:24.500,19260,2,19350,1,19400,14,122
14:57:25.0,19265,10,19350,1,19400,14,122
14:57:59.500,19265,4,19350,1,19400,14,122
14:58:00.0,19270,4,19350,1,19400,14,122
14:58:00.500,19275,3,19350,1,19400,14,122
14:58:01.0,19275,3,19350,1,19400,14,122
14:58:01.500,19280,4,19350,1,19400,14,122
14:58:02.0,19285,3,19350,1,19400,14,122
14:58:10.0,19285,1,19350,1,19400,14,122
14:58:10.500,19290,1,19350,1,19400,14,122
14:58:11.0,19295,1,19350,1,19400,14,122
14:58:11.500,19295,1,19350,1,19400,14,122
14:58:23.500,19300,1,19350,1,19400,14,122
14:58:24.0,19305,1,19350,1,19400,14,122
14:58:24.500,19305,1,19350,1,19400,14,122
14:58:51.500,19280,6,19350,1,19400,14,122
14:58:52.0,19285,2,19350,1,19400,14,122
14:58:58.0,19290,1,19350,1,19400,14,122
14:58:58.500,19295,2,19350,1,19400,14,122
14:58:59.500,19295,2,19350,1,19400,14,122
14:59:22.0,19295,1,19350,1,19400,14,122
14:59:38.0,19295,1,19350,1,19400,14,122
14:59:46.0,19295,1,19350,1,19400,14,122
14:59:46.500,19295,1,19350,1,19400,14,122
14:59:49.500,18890,1,19350,1,19400,14,122
14:59:50.0,19235,2,19350,1,19400,14,122
14:59:50.500,19235,2,19350,1,19400,14,122
14:59:51.0,19235,2,19350,1,19400,14,122
14:59:55.500,18895,1,19350,1,19400,14,122
14:59:56.0,18900,2,19350,1,19400,14,122
14:59:57.500,18895,1,19350,1,19400,14,122
15:00:00.500,18895,1,19350,1,19400,14,122
15:00:00.500,18895,1,19350,1,19400,14,122
15:22:06.500,18895,1,19350,1,19400,14,122
