21:53:11.500,142020,4,144240,4,142020,2,76
21:53:12.500,142030,2,144240,4,142020,2,76
21:53:13.0,142030,2,144240,4,142020,2,76
21:53:13.500,142040,4,144240,4,142020,2,76
21:53:14.500,142050,2,144240,4,142020,2,76
21:53:15.0,142050,2,144240,4,142020,2,76
21:53:15.500,142060,4,144240,4,142020,2,76
21:53:16.500,142070,2,144240,4,142020,2,76
21:53:17.0,142070,2,144240,4,142020,2,76
21:53:17.500,142080,4,144240,4,142020,2,76
21:53:18.500,142090,2,144240,4,142020,2,76
21:53:19.0,142090,2,144240,4,142020,2,76
21:53:19.500,142100,4,144240,4,142020,2,76
21:53:20.500,142110,2,144240,4,142020,2,76
21:53:21.0,142110,2,144240,4,142020,2,76
21:53:21.500,142120,4,144240,4,142020,2,76
21:53:22.500,142130,2,144240,4,142020,2,76
21:53:23.0,142130,2,144240,4,142020,2,76
21:53:23.500,142140,4,144240,4,142020,2,76
21:53:24.500,142150,2,144240,4,142020,2,76
21:53:25.0,142150,2,144240,4,142020,2,76
21:53:25.500,142160,4,144240,4,142020,2,76
21:53:26.500,142170,2,144240,4,142020,2,76
21:53:27.0,142170,2,144240,4,142020,2,76
21:53:27.500,142180,4,144240,4,142020,2,76
21:53:28.0,142190,2,144240,4,142020,2,76
21:53:28.500,142190,2,144240,4,142020,2,76
21:53:29.0,142200,4,144240,4,142020,2,76
21:53:29.500,142210,2,144240,4,142020,2,76
21:53:30.0,142210,2,144240,4,142020,2,76
21:53:30.500,142220,4,144240,4,142020,2,76
21:53:31.0,142230,2,144240,4,142020,2,76
21:53:31.500,142230,2,144240,4,142020,2,76
21:53:32.0,142240,4,144240,4,142020,2,76
21:53:32.500,142250,2,144240,4,142020,2,76
21:53:33.0,142250,2,144240,4,142020,2,76
21:53:33.500,142260,4,144230,1,142020,2,76
21:53:34.0,142270,1,144220,4,142020,2,76
21:53:34.500,142270,1,144220,4,142020,2,76
21:53:35.0,142280,4,144220,4,142020,2,76
21:53:35.500,142290,1,144220,4,142020,2,76
21:53:36.0,142290,1,144220,4,142020,2,76
21:53:36.500,142300,4,144220,4,142020,2,76
21:53:37.0,142310,1,144220,4,142020,2,76
21:53:37.500,142310,1,144220,4,142020,2,76
21:53:38.0,142320,4,144220,4,142020,2,76
21:53:38.500,142330,1,144220,4,142020,2,76
21:53:39.0,142330,1,144220,4,142020,2,76
21:53:39.500,142340,4,144220,4,142020,2,76
21:53:40.0,142350,1,144220,4,142020,2,76
21:53:40.500,142350,1,144220,4,142020,2,76
21:53:41.0,142360,4,144220,4,142020,2,76
21:53:41.500,142370,1,144220,4,142020,2,76
21:53:42.0,142370,1,144220,4,142020,2,76
21:53:42.500,142380,4,144220,4,142020,2,76
21:53:43.0,142390,1,144220,4,142020,2,76
21:53:43.500,142390,1,144220,4,142020,2,76
21:53:44.0,142400,4,144220,4,142020,2,76
21:53:44.500,142400,4,144220,4,142020,2,76
21:53:54.0,142410,1,144220,4,142020,2,76
21:53:54.500,142410,1,144220,4,142020,2,76
21:53:55.0,142420,4,144220,4,142020,2,76
21:53:55.500,142420,4,144220,4,142020,2,76
21:53:57.0,142430,1,144220,4,142020,2,76
21:53:57.500,142430,1,144220,4,142020,2,76
21:53:58.0,142440,4,144220,4,142020,2,76
21:53:58.500,142440,4,144220,4,142020,2,76
21:54:01.0,142450,1,144220,4,142020,2,76
21:54:01.500,142450,1,144220,4,142020,2,76
21:54:02.0,142460,4,144220,4,142020,2,76
21:54:02.500,142460,4,144220,4,142020,2,76
21:54:08.0,142460,4,144210,1,142020,2,76
21:54:08.500,142460,4,144200,4,142020,2,76
21:54:09.0,142460,4,144200,4,142020,2,76
21:54:09.500,142460,4,144190,1,142020,2,76
21:54:10.0,142460,4,144180,4,142020,2,76
21:54:10.500,142470,1,144180,4,142020,2,76
21:54:11.0,142480,4,144170,1,142020,2,76
21:54:11.500,142480,4,144160,4,142020,2,76
21:54:12.0,142480,4,144160,4,142020,2,76
21:54:12.500,142480,4,144150,1,142020,2,76
21:54:13.0,142480,4,144140,4,142020,2,76
21:54:13.500,142480,4,144140,4,142020,2,76
21:54:14.0,142480,4,144130,1,142020,2,76
21:54:14.500,142480,4,144120,4,142020,2,76
21:54:15.0,142480,4,144120,4,142020,2,76
21:54:15.500,141890,1,144110,1,142020,2,76
21:54:16.0,141900,2,144100,4,142020,2,76
21:54:21.500,141900,2,144100,4,142020,2,76
21:54:23.500,141900,2,144100,4,142020,2,76
21:57:17.500,141910,2,144090,4,142020,2,76
22:00:34.500,141920,2,144080,4,142020,2,76
22:03:37.500,141930,2,144070,4,142020,2,76
22:06:39.500,141940,2,144060,4,142020,2,76
22:09:42.500,141950,2,144050,4,142020,2,76
22:12:43.0,141960,2,144040,4,142020,2,76
22:15:45.0,141970,2,144030,4,142020,2,76
22:18:45.0,141980,2,144020,4,142020,2,76
22:21:45.500,141990,2,144010,4,142020,2,76
22:24:45.500,142000,2,144000,4,142020,2,76
22:27:49.500,142010,1,143990,4,142020,2,76
22:30:48.500,142010,1,143990,4,142020,2,76
22:30:49.500,142020,1,143980,4,142020,2,76
22:30:52.500,141880,1,143980,4,142020,2,76
22:30:53.0,141890,1,143980,4,142020,2,76
22:30:57.0,141890,1,143980,4,142020,2,76
22:33:52.500,141890,1,143970,4,142020,2,76
22:33:53.0,141900,1,143970,4,142020,2,76
22:36:56.0,141910,2,143960,4,142020,2,76
22:39:57.500,141920,2,143950,4,142020,2,76
22:43:01.0,141930,2,143940,4,142020,2,76
22:46:03.0,141940,2,143930,4,142020,2,76
22:46:03.0,141940,2,143930,4,142020,2,76
22:49:14.0,141950,2,143920,4,142020,2,76
22:52:36.0,141860,1,144010,1,142020,2,76
22:52:36.500,141870,2,144000,4,142020,2,76
22:52:53.500,141870,2,144000,4,142020,2,76
22:52:59.500,141870,2,144000,4,142020,2,76
22:55:54.0,141880,2,143990,4,142020,2,76
22:58:55.0,141890,2,143980,4,142020,2,76
23:02:04.500,141900,2,143970,4,142020,2,76
23:05:13.0,141910,2,143960,4,142020,2,76
23:08:13.500,141920,2,143950,4,142020,2,76
23:11:15.0,141930,2,143940,4,142020,2,76
23:14:26.0,141940,2,143930,4,142020,2,76
23:17:27.0,141950,2,143920,4,142020,2,76
23:20:31.0,141960,2,143910,4,142020,2,76
23:23:40.0,141970,2,143900,4,142020,2,76
23:26:42.0,141980,2,143890,4,142020,2,76
23:29:55.500,141990,2,143880,4,142020,2,76
23:33:07.0,142000,1,143870,4,142020,2,76
23:36:12.500,142010,2,143860,4,142020,2,76
23:39:16.0,142020,2,143850,4,142020,2,76
23:42:18.500,142030,2,143840,4,142020,2,76
23:45:22.0,142040,1,143830,4,142020,2,76
23:49:09.0,142050,1,143820,4,142020,2,76
23:52:17.500,142060,1,143810,4,142020,2,76
23:55:19.500,142070,1,143800,4,142020,2,76
23:59:03.0,142080,1,143790,4,142020,2,76
00:02:03.0,142090,1,143780,4,142020,2,76
00:05:03.0,142100,2,143770,4,142020,2,76
00:08:05.0,142110,2,143760,4,142020,2,76
00:11:05.0,142120,1,143750,4,142020,2,76
00:11:40.500,141850,1,143750,4,142020,2,76
00:11:41.0,141860,2,143750,4,142020,2,76
00:14:13.500,141860,2,143740,4,142020,2,76
00:14:41.500,141870,2,143740,4,142020,2,76
00:17:13.500,141870,2,143730,4,142020,2,76
00:17:48.500,141880,2,143730,4,142020,2,76
00:20:33.500,141880,2,143720,4,142020,2,76
00:21:05.0,141890,2,143720,4,142020,2,76
00:23:33.500,141890,2,143710,4,142020,2,76
00:24:11.0,141900,2,143710,4,142020,2,76
00:26:34.500,141900,2,143700,4,142020,2,76
00:27:11.0,141910,1,143700,4,142020,2,76
00:28:19.0,141830,1,143700,4,142020,2,76
00:28:19.500,141840,1,143700,4,142020,2,76
00:28:20.0,141840,1,143700,4,142020,2,76
00:29:35.500,141840,1,143690,4,142020,2,76
00:30:02.0,141730,1,143690,4,142020,2,76
00:30:02.500,141740,1,143690,4,142020,2,76
00:30:56.500,141660,1,143690,4,142020,2,76
00:30:57.0,141670,1,143690,4,142020,2,76
00:32:37.500,141670,1,143680,4,142020,2,76
00:34:01.0,141680,1,143680,4,142020,2,76
00:35:41.0,141680,1,143670,4,142020,2,76
00:37:01.500,141690,1,143670,4,142020,2,76
00:38:45.0,141690,1,143660,4,142020,2,76
00:40:06.0,141700,2,143660,4,142020,2,76
00:41:49.500,141700,2,143650,4,142020,2,76
00:43:06.0,141710,2,143650,4,142020,2,76
00:44:51.0,141710,2,143640,4,142020,2,76
00:46:30.0,141720,2,143640,4,142020,2,76
00:47:51.500,141720,2,143630,4,142020,2,76
00:49:31.500,141730,2,143630,4,142020,2,76
00:50:56.0,141730,2,143620,4,142020,2,76
00:51:17.500,141570,1,143620,4,142020,2,76
00:51:18.0,141580,1,143620,4,142020,2,76
00:53:56.0,141580,1,143610,4,142020,2,76
00:54:25.0,141590,2,143610,4,142020,2,76
00:56:56.500,141590,2,143600,4,142020,2,76
00:57:25.0,141600,2,143600,4,142020,2,76
00:59:00.0,141600,2,143600,4,142020,2,76
00:59:49.0,140510,1,145190,1,142020,2,76
09:00:11.500,140670,1,145360,1,142020,2,76
09:00:12.0,140670,1,145350,5,142020,2,76
09:00:13.0,140680,2,145340,4,142020,2,76
09:00:13.500,140680,2,145340,4,142020,2,76
09:00:14.0,140680,6,145330,1,142020,2,76
09:00:14.500,140680,6,145330,1,142020,2,76
09:00:15.500,140680,6,145320,4,142020,2,76
09:00:16.0,140680,6,145320,8,142020,2,76
09:00:16.500,140680,6,145310,1,142020,2,76
09:00:17.0,140680,6,145300,4,142020,2,76
09:00:17.500,140680,6,145300,4,142020,2,76
09:00:18.0,140680,6,145290,5,142020,2,76
09:00:18.500,140680,6,145290,5,142020,2,76
09:00:21.500,140680,6,145290,5,142020,2,76
09:00:22.500,140680,6,145280,4,142020,2,76
09:00:23.0,140680,6,145280,4,142020,2,76
09:00:23.500,140680,6,145270,5,142020,2,76
09:00:24.0,140680,6,145270,5,142020,2,76
09:00:24.500,140680,6,145260,4,142020,2,76
09:00:25.0,140680,6,145260,4,142020,2,76
09:00:25.500,140680,6,145250,5,142020,2,76
09:00:26.0,140680,6,145240,4,142020,2,76
09:00:26.500,140680,6,145240,4,142020,2,76
09:00:27.0,140680,6,145230,5,142020,2,76
09:00:27.500,140680,6,145230,5,142020,2,76
09:00:28.0,140680,6,145220,4,142020,2,76
09:00:28.500,140680,6,145220,4,142020,2,76
09:00:29.0,140680,6,145210,5,142020,2,76
09:00:29.500,140680,6,145200,4,142020,2,76
09:00:30.0,140680,6,145200,4,142020,2,76
09:00:30.500,140680,6,145190,5,142020,2,76
09:00:31.0,140680,6,145180,4,142020,2,76
09:00:31.500,140680,6,145180,4,142020,2,76
09:00:32.0,140680,6,145170,5,142020,2,76
09:00:32.500,140680,6,145160,4,142020,2,76
09:00:33.0,140680,6,145160,4,142020,2,76
09:00:33.500,140680,6,145150,5,142020,2,76
09:00:34.0,140680,6,145150,5,142020,2,76
09:00:35.0,140680,6,145140,4,142020,2,76
09:00:35.500,140680,6,145140,4,142020,2,76
09:00:36.0,140680,6,145130,5,142020,2,76
09:00:36.500,140680,6,145120,4,142020,2,76
09:00:37.0,140680,6,145120,4,142020,2,76
09:00:37.500,140680,6,145110,5,142020,2,76
09:00:38.0,140680,6,145100,4,142020,2,76
09:00:38.500,140680,6,145100,4,142020,2,76
09:00:39.0,140680,6,145090,5,142020,2,76
09:00:39.500,140680,6,145080,4,142020,2,76
09:00:40.0,140680,6,145080,4,142020,2,76
09:00:40.500,140680,6,145070,5,142020,2,76
09:00:41.0,140680,6,145060,4,142020,2,76
09:00:41.500,140680,6,145060,4,142020,2,76
09:00:42.0,140680,6,145050,5,142020,2,76
09:00:42.500,140680,6,145040,4,142020,2,76
09:00:43.0,140680,6,145040,4,142020,2,76
09:00:43.500,140680,6,145030,5,142020,2,76
09:00:44.0,140680,6,145020,4,142020,2,76
09:00:44.500,140680,6,145020,4,142020,2,76
09:00:45.0,140680,6,145010,5,142020,2,76
09:00:45.500,140680,6,145000,4,142020,2,76
09:00:46.0,140680,6,145000,4,142020,2,76
09:00:46.500,140680,6,144990,5,142020,2,76
09:00:47.0,140680,6,144980,4,142020,2,76
09:00:47.500,140680,6,144980,4,142020,2,76
09:00:48.0,140680,6,144970,5,142020,2,76
09:00:48.500,140680,6,144960,4,142020,2,76
09:00:49.0,140680,6,144960,4,142020,2,76
09:00:49.500,140680,6,144950,5,142020,2,76
09:00:50.0,140680,6,144940,4,142020,2,76
09:00:50.500,140680,6,144940,4,142020,2,76
09:00:51.0,140680,6,144930,5,142020,2,76
09:00:51.500,140680,6,144920,4,142020,2,76
09:00:52.0,140680,6,144920,4,142020,2,76
09:00:52.500,140680,6,144910,5,142020,2,76
09:00:53.0,140680,6,144900,4,142020,2,76
09:00:53.500,140680,6,144900,4,142020,2,76
09:00:54.0,140680,6,144890,5,142020,2,76
09:00:54.500,140680,6,144880,4,142020,2,76
09:00:55.0,140680,6,144880,4,142020,2,76
09:00:55.500,140680,6,144870,5,142020,2,76
09:00:56.0,140680,6,144860,4,142020,2,76
09:00:56.500,140680,6,144860,4,142020,2,76
09:00:57.0,140680,6,144850,5,142020,2,76
09:00:57.500,140680,6,144840,4,142020,2,76
09:00:58.0,140680,6,144840,4,142020,2,76
09:00:58.500,140680,6,144830,5,142020,2,76
09:00:59.0,140680,6,144820,4,142020,2,76
09:00:59.500,140680,6,144820,4,142020,2,76
09:01:00.0,140680,6,144810,5,142020,2,76
09:01:00.500,140680,6,144800,4,142020,2,76
09:01:01.0,140680,6,144800,4,142020,2,76
09:01:01.500,140680,6,144790,5,142020,2,76
09:01:02.0,140680,6,144780,4,142020,2,76
09:01:02.500,140680,6,144780,4,142020,2,76
09:01:03.0,140680,6,144770,5,142020,2,76
09:01:03.500,140680,6,144760,4,142020,2,76
09:01:04.0,140680,6,144760,4,142020,2,76
09:01:04.500,140680,6,144750,5,142020,2,76
09:01:05.0,140680,6,144740,4,142020,2,76
09:01:05.500,140680,6,144740,4,142020,2,76
09:01:06.0,140680,6,144730,5,142020,2,76
09:01:06.500,140680,6,144720,4,142020,2,76
09:01:07.0,140680,6,144720,4,142020,2,76
09:01:07.500,140680,6,144710,4,142020,2,76
09:01:08.0,140680,6,144700,4,142020,2,76
09:01:08.500,140680,6,144690,1,142020,2,76
09:01:09.0,140680,6,144680,4,142020,2,76
09:01:09.500,140680,6,144680,8,142020,2,76
09:01:10.0,140680,6,144670,1,142020,2,76
09:01:10.500,140680,6,144660,4,142020,2,76
09:01:11.0,140680,6,144650,4,142020,2,76
09:01:11.500,140680,6,144640,5,142020,2,76
09:01:12.0,140680,6,144640,5,142020,2,76
09:01:12.500,140680,6,144630,4,142020,2,76
09:01:13.0,140680,6,144620,4,142020,2,76
09:01:13.500,140680,6,144610,1,142020,2,76
09:01:14.0,140680,6,144600,8,142020,2,76
09:01:14.500,140680,6,144600,8,142020,2,76
09:01:15.0,140680,6,144590,1,142020,2,76
09:01:15.500,140680,6,144580,4,142020,2,76
09:01:16.0,140680,6,144570,4,142020,2,76
09:01:16.500,140680,6,144560,5,142020,2,76
09:01:17.0,140680,6,144560,5,142020,2,76
09:01:17.500,140680,6,144550,4,142020,2,76
09:01:18.0,140680,6,144540,4,142020,2,76
09:01:18.500,140680,6,144530,1,142020,2,76
09:01:19.0,140680,6,144520,8,142020,2,76
09:01:19.500,140680,6,144520,8,142020,2,76
09:01:20.0,140680,6,144510,1,142020,2,76
09:01:20.500,140680,6,144500,4,142020,2,76
09:01:21.0,140680,6,144490,4,142020,2,76
09:01:21.500,140680,6,144480,5,142020,2,76
09:01:22.0,140680,6,144480,5,142020,2,76
09:01:22.500,140680,6,144470,4,142020,2,76
09:01:23.0,140680,6,144460,4,142020,2,76
09:01:23.500,140680,6,144450,1,142020,2,76
09:01:24.0,140680,6,144440,8,142020,2,76
09:01:24.500,140680,6,144440,8,142020,2,76
09:01:25.0,140680,6,144430,1,142020,2,76
09:01:25.500,140680,6,144420,4,142020,2,76
09:01:26.0,140680,6,144410,4,142020,2,76
09:01:26.500,140680,6,144400,5,142020,2,76
09:01:27.0,140680,6,144400,5,142020,2,76
09:01:27.500,140680,6,144390,4,142020,2,76
09:01:28.0,140680,6,144380,4,142020,2,76
09:01:28.500,140680,6,144370,1,142020,2,76
09:01:29.0,140680,6,144360,8,142020,2,76
09:01:29.500,140680,6,144360,8,142020,2,76
09:01:30.0,140680,6,144350,1,142020,2,76
09:01:30.500,140680,6,144340,4,142020,2,76
09:01:31.0,140680,6,144330,4,142020,2,76
09:01:31.500,140680,6,144320,5,142020,2,76
09:01:32.0,140680,6,144320,5,142020,2,76
09:01:32.500,140680,6,144310,4,142020,2,76
09:01:33.0,140680,6,144300,4,142020,2,76
09:01:33.500,140680,6,144290,1,142020,2,76
09:01:34.0,140680,6,144280,8,142020,2,76
09:01:34.500,140680,6,144280,8,142020,2,76
09:01:35.0,140680,6,144270,1,142020,2,76
09:01:35.500,140680,6,144260,4,142020,2,76
09:01:36.0,140680,6,144250,4,142020,2,76
09:01:36.500,140680,6,144240,5,142020,2,76
09:01:37.0,140680,6,144240,5,142020,2,76
09:01:37.500,140680,6,144230,4,142020,2,76
09:01:38.0,140680,6,144220,4,142020,2,76
09:01:38.500,140680,6,144210,1,142020,2,76
09:01:39.0,140680,6,144200,8,142020,2,76
09:01:39.500,140680,6,144200,8,142020,2,76
09:01:40.0,140680,6,144190,1,142020,2,76
09:01:40.500,140680,6,144180,4,142020,2,76
09:01:41.0,140680,6,144170,4,142020,2,76
09:01:41.500,140680,6,144160,5,142020,2,76
09:01:42.0,140680,6,144160,5,142020,2,76
09:01:42.500,140680,6,144150,4,142020,2,76
09:01:43.0,140680,6,144140,4,142020,2,76
09:01:43.500,140680,6,144130,1,142020,2,76
09:01:44.0,140680,6,144120,8,142020,2,76
09:01:44.500,140680,6,144120,8,142020,2,76
09:01:45.0,140680,6,144110,1,142020,2,76
09:01:45.500,140680,6,144100,4,142020,2,76
09:01:46.0,140680,6,144090,4,142020,2,76
09:01:46.500,140680,6,144080,5,142020,2,76
09:01:47.0,140680,6,144080,5,142020,2,76
09:01:47.500,140680,6,144070,4,142020,2,76
09:01:48.0,140680,6,144060,4,142020,2,76
09:01:48.500,140680,6,144050,1,142020,2,76
09:01:49.0,140680,6,144040,8,142020,2,76
09:01:49.500,140680,6,144040,8,142020,2,76
09:01:50.0,140680,6,144030,1,142020,2,76
09:01:50.500,140680,6,144020,4,142020,2,76
09:01:51.0,140680,6,144010,4,142020,2,76
09:01:51.500,140680,6,144000,5,142020,2,76
09:01:52.0,140680,6,144000,5,142020,2,76
09:02:41.500,140680,6,143990,4,142020,2,76
09:02:42.0,140680,6,143980,4,142020,2,76
09:02:42.500,140680,6,143970,1,142020,2,76
09:02:43.0,140680,6,143960,4,142020,2,76
09:02:43.500,140680,6,143960,4,142020,2,76
09:02:44.0,140680,6,143950,1,142020,2,76
09:02:44.500,140680,6,143940,4,142020,2,76
09:02:45.0,140680,6,143940,4,142020,2,76
09:02:45.500,140680,6,143930,1,142020,2,76
09:02:46.0,140680,6,143920,4,142020,2,76
09:02:46.500,140680,6,143920,4,142020,2,76
09:02:47.0,140680,6,143910,1,142020,2,76
09:02:47.500,140680,6,143900,4,142020,2,76
09:02:48.0,140680,6,143900,4,142020,2,76
09:02:48.500,140680,6,143890,1,142020,2,76
09:02:49.0,140680,6,143880,4,142020,2,76
09:02:49.500,140680,6,143880,4,142020,2,76
09:02:50.0,140680,6,143870,1,142020,2,76
09:02:50.500,140680,6,143860,4,142020,2,76
09:02:51.0,140680,6,143860,4,142020,2,76
09:02:51.500,140680,6,143850,1,142020,2,76
09:02:52.0,140680,6,143840,4,142020,2,76
09:02:52.500,140680,6,143840,4,142020,2,76
09:02:53.0,140680,6,143830,1,142020,2,76
09:02:53.500,140680,6,143820,4,142020,2,76
09:02:54.0,140680,6,143820,4,142020,2,76
09:02:54.500,140680,6,143810,1,142020,2,76
09:02:55.0,140680,6,143800,4,142020,2,76
09:02:55.500,140680,6,143800,4,142020,2,76
09:02:56.0,140680,6,143790,1,142020,2,76
09:02:56.500,140680,6,143780,4,142020,2,76
09:02:57.0,140680,6,143780,4,142020,2,76
09:02:57.500,140680,6,143770,1,142020,2,76
09:02:58.0,140680,6,143760,4,142020,2,76
09:02:58.500,140680,6,143760,4,142020,2,76
09:02:59.0,140680,6,143750,1,142020,2,76
09:02:59.500,140680,6,143740,4,142020,2,76
09:03:00.0,140680,6,143740,4,142020,2,76
09:03:00.500,140680,6,143730,1,142020,2,76
09:03:01.0,140680,6,143720,4,142020,2,76
09:03:01.500,140680,6,143720,4,142020,2,76
09:03:02.0,140680,6,143710,1,142020,2,76
09:03:02.500,140680,6,143700,4,142020,2,76
09:03:03.0,140680,6,143700,4,142020,2,76
09:03:03.500,140680,6,143690,1,142020,2,76
09:03:04.0,140680,6,143680,4,142020,2,76
09:03:04.500,140680,6,143680,4,142020,2,76
09:03:05.0,140680,6,143670,1,142020,2,76
09:03:05.500,140680,6,143660,4,142020,2,76
09:03:06.0,140680,6,143660,4,142020,2,76
09:03:06.500,140680,6,143650,1,142020,2,76
09:03:07.0,140680,6,143640,4,142020,2,76
09:03:07.500,140680,6,143640,4,142020,2,76
09:03:08.0,140680,6,143630,1,142020,2,76
09:03:08.500,140680,6,143620,4,142020,2,76
09:03:09.0,140680,6,143620,4,142020,2,76
09:03:09.500,140680,6,143610,1,142020,2,76
09:03:10.0,140680,6,143600,4,142020,2,76
09:03:10.500,140680,6,143600,4,142020,2,76
09:03:11.0,140680,6,143590,1,142020,2,76
09:03:11.500,140680,6,143580,4,142020,2,76
09:03:12.0,140680,6,143580,4,142020,2,76
09:03:12.500,140680,6,143570,1,142020,2,76
09:03:13.0,140680,6,143560,4,142020,2,76
09:03:13.500,140690,2,143560,4,142020,2,76
09:03:14.0,140690,2,143550,1,142020,2,76
09:03:14.500,140700,4,143540,4,142020,2,76
09:03:15.0,140710,2,143540,4,142020,2,76
09:03:15.500,140710,2,143530,1,142020,2,76
09:03:16.0,140720,4,143520,4,142020,2,76
09:03:16.500,140730,2,143520,4,142020,2,76
09:03:17.0,140730,2,143510,1,142020,2,76
09:03:17.500,140740,4,143500,4,142020,2,76
09:03:18.0,140750,2,143500,4,142020,2,76
09:03:18.500,140750,2,143490,1,142020,2,76
09:03:19.0,140760,4,143480,4,142020,2,76
09:03:19.500,140770,2,143480,4,142020,2,76
09:03:20.0,140770,2,143470,1,142020,2,76
09:03:20.500,140780,4,143460,4,142020,2,76
09:03:21.0,140790,2,143460,4,142020,2,76
09:03:21.500,140790,2,143450,1,142020,2,76
09:03:22.0,140800,4,143440,4,142020,2,76
09:03:22.500,140810,2,143440,4,142020,2,76
09:03:23.0,140810,2,143430,1,142020,2,76
09:03:23.500,140820,4,143420,4,142020,2,76
09:03:24.0,140830,2,143420,4,142020,2,76
09:03:24.500,140830,2,143410,1,142020,2,76
09:03:25.0,140840,4,143400,4,142020,2,76
09:03:25.500,140850,2,143400,4,142020,2,76
09:03:26.0,140850,2,143390,1,142020,2,76
09:03:26.500,140860,4,143380,4,142020,2,76
09:03:27.0,140870,2,143380,4,142020,2,76
09:03:27.500,140870,2,143370,1,142020,2,76
09:03:28.0,140880,4,143360,4,142020,2,76
09:03:28.500,140890,2,143360,4,142020,2,76
09:03:29.0,140890,2,143350,1,142020,2,76
09:03:29.500,140900,4,143340,4,142020,2,76
09:03:30.0,140910,2,143340,4,142020,2,76
09:03:30.500,140910,2,143330,1,142020,2,76
09:03:31.0,140920,4,143320,4,142020,2,76
09:03:31.500,140930,2,143320,4,142020,2,76
09:03:32.0,140930,2,143310,1,142020,2,76
09:03:32.500,140940,4,143300,4,142020,2,76
09:03:33.0,140950,2,143300,4,142020,2,76
09:03:33.500,140950,2,143290,1,142020,2,76
09:03:34.0,140950,2,143280,4,142020,2,76
09:03:34.500,140950,2,143280,4,142020,2,76
09:03:35.0,140950,2,143270,1,142020,2,76
09:03:35.500,140950,2,143260,4,142020,2,76
09:03:36.0,140950,2,143260,4,142020,2,76
09:03:36.500,140950,2,143250,1,142020,2,76
09:03:37.0,140950,2,143240,4,142020,2,76
09:03:37.500,140950,2,143240,4,142020,2,76
09:03:38.0,140950,2,143230,1,142020,2,76
09:03:38.500,140950,2,143220,4,142020,2,76
09:03:39.0,140950,2,143220,4,142020,2,76
09:03:39.500,140950,2,143210,1,142020,2,76
09:03:40.0,140950,2,143200,4,142020,2,76
09:03:40.500,140950,2,143200,4,142020,2,76
09:03:41.0,140950,2,143190,1,142020,2,76
09:03:41.500,140950,2,143180,4,142020,2,76
09:03:42.0,140950,2,143180,4,142020,2,76
09:03:42.500,140950,2,143170,1,142020,2,76
09:03:43.0,140950,2,143160,4,142020,2,76
09:03:43.500,140950,2,143160,4,142020,2,76
09:03:44.0,140950,2,143150,1,142020,2,76
09:03:44.500,140950,2,143140,4,142020,2,76
09:03:45.0,140950,2,143140,4,142020,2,76
09:03:45.500,140950,2,143130,1,142020,2,76
09:03:46.0,140950,2,143120,4,142020,2,76
09:03:46.500,140950,2,143120,4,142020,2,76
09:03:47.0,140950,2,143110,1,142020,2,76
09:03:47.500,140950,2,143100,4,142020,2,76
09:03:48.0,140950,2,143100,4,142020,2,76
09:03:48.500,140950,2,143090,1,142020,2,76
09:03:49.0,140950,2,143080,4,142020,2,76
09:03:49.500,140950,2,143080,4,142020,2,76
09:03:50.0,140950,2,143070,1,142020,2,76
09:03:50.500,140950,2,143060,4,142020,2,76
09:03:51.0,140950,2,143060,4,142020,2,76
09:03:51.500,140950,2,143050,1,142020,2,76
09:03:52.0,140950,2,143040,4,142020,2,76
09:03:52.500,140950,2,143040,4,142020,2,76
09:03:53.0,140950,2,143030,1,142020,2,76
09:03:53.500,140950,2,143020,4,142020,2,76
09:03:54.0,140950,2,143020,4,142020,2,76
09:03:54.500,140950,2,143010,1,142020,2,76
09:03:55.0,140950,2,143000,4,142020,2,76
09:03:55.500,140950,2,143000,4,142020,2,76
09:03:56.0,140950,2,142990,1,142020,2,76
09:03:56.500,140950,2,142980,4,142020,2,76
09:03:57.0,140950,2,142980,4,142020,2,76
09:03:57.500,140950,2,142970,1,142020,2,76
09:03:58.0,140950,2,142960,4,142020,2,76
09:03:58.500,140960,4,142960,4,142020,2,76
09:03:59.0,140970,2,142950,1,142020,2,76
09:03:59.500,140970,2,142940,4,142020,2,76
09:04:00.0,140970,2,142940,4,142020,2,76
09:04:00.500,140970,2,142930,1,142020,2,76
09:04:01.0,140970,2,142920,4,142020,2,76
09:04:01.500,140970,2,142920,4,142020,2,76
09:04:02.0,140970,2,142910,1,142020,2,76
09:04:02.500,140970,2,142900,4,142020,2,76
09:04:03.0,140970,2,142900,4,142020,2,76
09:04:03.500,140970,2,142890,1,142020,2,76
09:04:04.0,140970,2,142880,4,142020,2,76
09:04:04.500,140970,2,142880,4,142020,2,76
09:04:05.0,140970,2,142870,1,142020,2,76
09:04:05.500,140970,2,142860,4,142020,2,76
09:04:06.0,140970,2,142860,4,142020,2,76
09:04:06.500,140970,2,142850,1,142020,2,76
09:04:07.0,140970,2,142840,4,142020,2,76
09:04:07.500,140970,2,142840,4,142020,2,76
09:04:08.0,140970,2,142830,1,142020,2,76
09:04:08.500,140970,2,142820,4,142020,2,76
09:04:09.0,140970,2,142820,4,142020,2,76
09:04:09.500,140970,2,142810,1,142020,2,76
09:04:10.0,140970,2,142800,4,142020,2,76
09:04:10.500,140970,2,142800,4,142020,2,76
09:04:11.0,140970,2,142790,1,142020,2,76
09:04:11.500,140970,2,142780,4,142020,2,76
09:04:12.0,140970,2,142780,4,142020,2,76
09:04:12.500,140970,2,142770,1,142020,2,76
09:04:13.0,140970,2,142760,4,142020,2,76
09:04:13.500,140970,2,142760,4,142020,2,76
09:04:14.0,140970,2,142750,1,142020,2,76
09:04:14.500,140970,2,142740,4,142020,2,76
09:04:15.0,140970,2,142740,4,142020,2,76
09:04:15.500,140970,2,142730,1,142020,2,76
09:04:16.0,140970,2,142720,4,142020,2,76
09:04:16.500,140970,2,142720,4,142020,2,76
09:04:17.0,140970,2,142710,1,142020,2,76
09:04:17.500,140970,2,142700,4,142020,2,76
09:04:18.0,140970,2,142700,4,142020,2,76
09:04:18.500,140970,2,142690,1,142020,2,76
09:04:19.0,140970,2,142680,4,142020,2,76
09:04:19.500,140970,2,142680,4,142020,2,76
09:04:20.0,140970,2,142670,1,142020,2,76
09:04:20.500,140970,2,142660,4,142020,2,76
09:05:52.0,140980,4,142660,4,142020,2,76
09:05:52.500,140990,2,142660,4,142020,2,76
09:05:53.0,140990,2,142660,4,142020,2,76
09:06:00.500,141000,4,142660,4,142020,2,76
09:06:01.0,141010,2,142660,4,142020,2,76
09:06:04.500,141010,2,142660,4,142020,2,76
09:06:14.500,141010,2,142660,3,142660,4,76
09:06:48.0,141020,4,142660,3,142660,4,76
09:06:49.0,141030,3,142660,3,142660,4,76
09:06:49.500,141030,3,142660,3,142660,4,76
09:06:50.0,141040,4,142660,3,142660,4,76
09:06:50.500,141050,3,142660,3,142660,4,76
09:06:51.0,141050,3,142660,3,142660,4,76
09:06:51.500,141060,4,142660,3,142660,4,76
09:06:52.0,141070,3,142660,3,142660,4,76
09:06:52.500,141070,3,142660,3,142660,4,76
09:06:54.0,141070,3,142660,3,142660,4,76
09:07:12.0,141080,4,142660,3,142660,4,76
09:07:13.0,141090,3,142660,3,142660,4,76
09:07:13.500,141090,3,142660,3,142660,4,76
09:07:14.0,141100,4,142660,3,142660,4,76
09:07:15.0,141110,3,142660,3,142660,4,76
09:07:15.500,141110,3,142660,3,142660,4,76
09:07:22.500,141110,3,142650,2,142660,4,76
09:07:24.500,141110,3,142650,2,142660,4,76
09:07:26.0,141120,4,142650,2,142660,4,76
09:07:26.500,141130,3,142650,2,142660,4,76
09:07:27.0,141130,3,142650,2,142660,4,76
09:07:47.500,141140,4,142650,2,142660,4,76
09:07:48.0,141150,3,142650,2,142660,4,76
09:07:48.500,141150,3,142650,2,142660,4,76
09:07:49.0,141160,4,142650,2,142660,4,76
09:07:49.500,141170,3,142650,2,142660,4,76
09:07:51.0,141170,3,143600,1,142650,8,80
09:07:51.500,141170,3,143590,5,142650,8,80
09:07:52.0,141170,3,143590,5,142650,8,80
09:09:11.500,141180,4,143590,5,142650,8,80
09:09:12.0,141190,4,143590,5,142650,8,80
09:09:12.500,141190,4,143590,5,142650,8,80
09:09:17.0,141200,4,143590,5,142650,8,80
09:09:17.500,141210,4,143590,5,142650,8,80
09:09:18.0,141210,4,143590,5,142650,8,80
09:09:20.500,141210,4,143590,5,142650,8,80
09:09:29.500,141220,4,143590,5,142650,8,80
09:09:30.0,141230,4,143590,5,142650,8,80
09:09:30.500,141230,4,143590,5,142650,8,80
09:09:32.0,141230,4,143590,5,142650,8,80
09:09:43.500,141230,4,143590,5,142650,8,80
09:09:44.0,141240,4,143590,5,142650,8,80
09:09:44.500,141250,4,143590,5,142650,8,80
09:09:45.0,141250,4,143590,5,142650,8,80
09:09:45.500,141260,4,143590,5,142650,8,80
09:09:46.0,141270,4,143590,5,142650,8,80
09:09:46.500,141270,4,143590,5,142650,8,80
09:09:47.0,141280,4,143590,5,142650,8,80
09:09:47.500,141290,4,143590,5,142650,8,80
09:09:48.0,141290,4,143590,5,142650,8,80
09:09:51.0,141290,4,143590,5,142650,8,80
09:10:12.500,141300,4,143590,5,142650,8,80
09:10:13.0,141310,4,143590,5,142650,8,80
09:10:13.500,141310,4,143590,5,142650,8,80
09:10:15.500,141310,4,143590,5,142650,8,80
09:10:53.0,141310,4,143580,4,142650,8,80
09:10:53.500,141310,4,143580,4,142650,8,80
09:10:54.0,141310,4,143570,1,142650,8,80
09:10:54.500,141310,4,143560,4,142650,8,80
09:10:55.0,141310,4,143560,4,142650,8,80
09:10:55.500,141310,4,143550,1,142650,8,80
09:10:56.0,141310,4,143540,4,142650,8,80
09:10:56.500,141310,4,143540,4,142650,8,80
09:10:57.0,141310,4,143530,1,142650,8,80
09:10:57.500,141310,4,143520,4,142650,8,80
09:10:58.0,141310,4,143520,4,142650,8,80
09:10:58.500,141310,4,143510,1,142650,8,80
09:10:59.0,141310,4,143500,4,142650,8,80
09:10:59.500,141310,4,143500,4,142650,8,80
09:11:00.0,141310,4,143490,1,142650,8,80
09:11:00.500,141310,4,143480,4,142650,8,80
09:11:01.0,141310,4,143480,4,142650,8,80
09:11:01.500,141310,4,143470,1,142650,8,80
09:11:02.0,141310,4,143460,4,142650,8,80
09:11:02.500,141310,4,143460,4,142650,8,80
09:11:03.0,141310,4,143450,1,142650,8,80
09:11:03.500,141310,4,143440,4,142650,8,80
09:11:04.0,141310,4,143440,4,142650,8,80
09:11:04.500,141310,4,143430,1,142650,8,80
09:11:05.0,141310,4,143420,4,142650,8,80
09:11:05.500,141310,4,143420,4,142650,8,80
09:11:06.0,141310,4,143410,1,142650,8,80
09:11:06.500,141310,4,143400,4,142650,8,80
09:11:07.0,141310,4,143400,4,142650,8,80
09:11:07.500,141310,4,143390,1,142650,8,80
09:11:08.0,141310,4,143380,4,142650,8,80
09:11:08.500,141310,4,143380,4,142650,8,80
09:11:09.0,141310,4,143370,1,142650,8,80
09:11:09.500,141310,4,143360,4,142650,8,80
09:11:10.0,141310,4,143360,4,142650,8,80
09:11:10.500,141310,4,143350,1,142650,8,80
09:11:11.500,141310,4,143340,4,142650,8,80
09:11:12.0,141310,4,143340,4,142650,8,80
09:11:12.500,141310,4,143330,1,142650,8,80
09:11:13.500,141310,4,143320,4,142650,8,80
09:11:14.0,141310,4,143320,4,142650,8,80
09:11:14.500,141310,4,143310,1,142650,8,80
09:11:15.500,141310,4,143300,4,142650,8,80
09:11:16.0,141310,4,143300,4,142650,8,80
09:11:16.500,141310,4,143290,1,142650,8,80
09:11:17.500,141310,4,143280,4,142650,8,80
09:11:18.0,141310,4,143280,4,142650,8,80
09:11:18.500,141310,4,143270,1,142650,8,80
09:11:19.500,141310,4,143260,3,142650,8,80
09:11:20.0,141310,4,143260,3,142650,8,80
09:11:20.500,141310,4,143250,1,142650,8,80
09:11:21.0,141310,4,143240,3,142650,8,80
09:11:21.500,141310,4,143240,3,142650,8,80
09:11:22.0,141310,4,143230,1,142650,8,80
09:11:23.500,141310,4,143220,3,142650,8,80
09:11:24.0,141310,4,143220,3,142650,8,80
09:11:24.500,141310,4,143210,1,142650,8,80
09:11:25.500,141310,4,143200,3,142650,8,80
09:11:26.0,141310,4,143200,3,142650,8,80
09:11:26.500,141310,4,143190,1,142650,8,80
09:11:27.500,141310,4,143180,3,142650,8,80
09:11:28.0,141310,4,143180,3,142650,8,80
09:11:28.500,141310,4,143170,1,142650,8,80
09:11:30.0,141310,4,143160,3,142650,8,80
09:11:30.500,141310,4,143160,3,142650,8,80
09:11:31.0,141310,4,143150,1,142650,8,80
09:11:32.0,141310,4,143140,3,142650,8,80
09:11:32.500,141310,4,143140,3,142650,8,80
09:11:33.0,141310,4,143130,1,142650,8,80
09:11:34.500,141310,4,143120,3,142650,8,80
09:11:35.0,141310,4,143120,3,142650,8,80
09:11:35.500,141310,4,143110,1,142650,8,80
09:11:36.500,141310,4,143100,2,142650,8,80
09:11:37.0,141310,4,143100,2,142650,8,80
09:11:37.500,141310,4,143090,1,142650,8,80
09:11:38.500,141310,4,143080,2,142650,8,80
09:11:39.0,141310,4,143080,2,142650,8,80
09:11:39.500,141310,4,143070,1,142650,8,80
09:11:40.500,141310,4,143060,2,142650,8,80
09:11:41.0,141310,4,143060,2,142650,8,80
09:11:41.500,141310,4,143050,1,142650,8,80
09:11:42.500,141310,4,143040,2,142650,8,80
09:11:43.0,141310,4,143040,2,142650,8,80
09:11:43.500,141310,4,143030,1,142650,8,80
09:11:44.0,141310,4,143020,2,142650,8,80
09:11:44.500,141310,4,143020,2,142650,8,80
09:11:45.0,141310,4,143010,1,142650,8,80
09:11:46.0,141310,4,143000,2,142650,8,80
09:11:46.500,141310,4,143000,2,142650,8,80
09:11:47.0,141310,4,142990,1,142650,8,80
09:11:48.0,141310,4,142980,2,142650,8,80
09:11:48.500,141310,4,142980,2,142650,8,80
09:11:49.0,141310,4,142970,1,142650,8,80
09:11:50.0,141310,4,142960,2,142650,8,80
09:11:50.500,141310,4,142960,2,142650,8,80
09:11:51.0,141310,4,142950,1,142650,8,80
09:11:52.0,141310,4,142940,2,142650,8,80
09:11:52.500,141310,4,142940,2,142650,8,80
09:11:53.0,141310,4,142930,1,142650,8,80
09:11:54.0,141310,4,142920,2,142650,8,80
09:11:54.500,141310,4,142920,2,142650,8,80
09:11:55.0,141310,4,142910,1,142650,8,80
09:11:56.0,141310,4,142900,1,142650,8,80
09:11:56.500,141310,4,142900,1,142650,8,80
09:11:57.0,141310,4,142890,1,142650,8,80
09:11:58.0,141310,4,142880,1,142650,8,80
09:11:58.500,141310,4,142880,1,142650,8,80
09:11:59.0,141310,4,142870,1,142650,8,80
09:12:00.0,141310,4,142860,1,142650,8,80
09:12:08.500,141310,4,142860,1,142650,8,80
09:12:09.0,141310,4,142850,1,142650,8,80
09:12:10.0,141310,4,142840,1,142650,8,80
09:12:10.500,141310,4,142840,1,142650,8,80
09:12:11.0,141310,4,142830,1,142650,8,80
09:12:12.0,141310,4,142820,1,142650,8,80
09:12:12.500,141310,4,142820,1,142650,8,80
09:12:13.0,141310,4,142810,1,142650,8,80
09:12:14.0,141310,4,142800,1,142650,8,80
09:12:14.500,141310,4,142800,1,142650,8,80
09:12:15.0,141310,4,142790,1,142650,8,80
09:12:16.0,141310,4,142780,1,142650,8,80
09:12:16.500,141310,4,142780,1,142650,8,80
09:12:17.0,141310,4,142770,1,142650,8,80
09:12:18.0,141310,4,142760,1,142650,8,80
09:12:18.500,141310,4,142760,1,142650,8,80
09:12:40.0,141310,4,143780,1,142650,8,80
09:12:40.500,141310,4,143770,1,142650,8,80
09:12:41.0,141310,4,143770,5,142650,8,80
09:13:13.0,141320,4,143770,5,142650,8,80
09:15:42.500,141320,4,143760,4,142650,8,80
09:15:43.0,141320,4,143760,4,142650,8,80
09:15:43.500,141320,4,143750,1,142650,8,80
09:15:44.0,141320,4,143740,4,142650,8,80
09:15:44.500,141320,4,143740,4,142650,8,80
09:15:45.0,141320,4,143730,1,142650,8,80
09:15:45.500,141320,4,143720,4,142650,8,80
09:15:46.0,141320,4,143720,4,142650,8,80
09:15:46.500,141320,4,143710,1,142650,8,80
09:15:47.0,141320,4,143700,4,142650,8,80
09:15:47.500,141320,4,143700,4,142650,8,80
09:15:48.0,141320,4,143690,1,142650,8,80
09:15:48.500,141320,4,143680,4,142650,8,80
09:15:49.0,141320,4,143680,4,142650,8,80
09:15:49.500,141320,4,143670,1,142650,8,80
09:15:50.0,141320,4,143660,4,142650,8,80
09:15:50.500,141320,4,143660,4,142650,8,80
09:15:51.0,141320,4,143650,1,142650,8,80
09:15:51.500,141320,4,143640,4,142650,8,80
09:15:52.0,141320,4,143640,4,142650,8,80
09:15:52.500,141320,4,143630,1,142650,8,80
09:15:53.0,141320,4,143620,4,142650,8,80
09:15:53.500,141320,4,143620,4,142650,8,80
09:15:54.0,141320,4,143610,1,142650,8,80
09:15:54.500,141320,4,143600,4,142650,8,80
09:15:55.0,141320,4,143600,4,142650,8,80
09:15:55.500,141320,4,143590,1,142650,8,80
09:15:56.0,141320,4,143580,4,142650,8,80
09:15:56.500,141320,4,143580,4,142650,8,80
09:15:57.0,141320,4,143570,1,142650,8,80
09:15:57.500,141320,4,143560,4,142650,8,80
09:15:58.0,141320,4,143560,4,142650,8,80
09:15:58.500,141320,4,143550,1,142650,8,80
09:15:59.0,141320,4,143540,4,142650,8,80
09:15:59.500,141320,4,143540,4,142650,8,80
09:16:00.0,141320,4,143530,1,142650,8,80
09:16:00.500,141320,4,143520,4,142650,8,80
09:16:01.0,141320,4,143520,4,142650,8,80
09:16:01.500,141320,4,143510,1,142650,8,80
09:16:02.0,141320,4,143500,4,142650,8,80
09:16:02.500,141320,4,143500,4,142650,8,80
09:16:03.0,141320,4,143490,1,142650,8,80
09:16:03.500,141320,4,143480,4,142650,8,80
09:16:04.0,141320,4,143480,4,142650,8,80
09:16:04.500,141320,4,143470,1,142650,8,80
09:16:05.0,141320,4,143460,4,142650,8,80
09:16:05.500,141320,4,143460,4,142650,8,80
09:16:06.0,141320,4,143450,1,142650,8,80
09:16:06.500,141320,4,143440,4,142650,8,80
09:16:07.0,141320,4,143440,4,142650,8,80
09:16:07.500,141320,4,143430,1,142650,8,80
09:16:08.0,141320,4,143420,4,142650,8,80
09:16:08.500,141320,4,143420,4,142650,8,80
09:16:09.0,141320,4,143410,1,142650,8,80
09:16:09.500,141320,4,143400,4,142650,8,80
09:16:10.0,141320,4,143400,4,142650,8,80
09:16:10.500,141320,4,143390,1,142650,8,80
09:16:11.0,141320,4,143380,4,142650,8,80
09:16:11.500,141320,4,143380,4,142650,8,80
09:16:12.0,141320,4,143370,1,142650,8,80
09:16:12.500,141320,4,143360,4,142650,8,80
09:16:13.0,141320,4,143360,4,142650,8,80
09:16:13.500,141330,4,143350,1,142650,8,80
09:16:14.0,141330,4,143340,4,142650,8,80
09:16:14.500,141330,4,143340,4,142650,8,80
09:16:15.0,141330,4,143330,1,142650,8,80
09:16:15.500,141330,4,143320,4,142650,8,80
09:16:16.0,141330,4,143320,4,142650,8,80
09:16:16.500,141330,4,143310,1,142650,8,80
09:16:17.0,141330,4,143300,4,142650,8,80
09:16:17.500,141330,4,143300,4,142650,8,80
09:16:18.0,141330,4,143290,1,142650,8,80
09:16:18.500,141330,4,143280,4,142650,8,80
09:16:19.0,141330,4,143280,4,142650,8,80
09:16:19.500,141330,4,143270,1,142650,8,80
09:16:20.0,141330,4,143260,4,142650,8,80
09:16:20.500,141330,4,143260,4,142650,8,80
09:16:21.0,141330,4,143250,1,142650,8,80
09:16:21.500,141330,4,143240,4,142650,8,80
09:16:22.0,141330,4,143240,4,142650,8,80
09:16:22.500,141330,4,143230,1,142650,8,80
09:16:23.0,141330,4,143220,4,142650,8,80
09:16:23.500,141330,4,143220,4,142650,8,80
09:16:24.0,141330,4,143210,1,142650,8,80
09:16:24.500,141330,4,143200,4,142650,8,80
09:16:25.0,141330,4,143200,4,142650,8,80
09:16:25.500,141330,4,143190,1,142650,8,80
09:16:26.0,141330,4,143180,4,142650,8,80
09:16:26.500,141330,4,143180,4,142650,8,80
09:16:27.0,141330,4,143170,1,142650,8,80
09:16:27.500,141330,4,143160,4,142650,8,80
09:16:28.0,141330,4,143160,4,142650,8,80
09:16:28.500,141330,4,143150,1,142650,8,80
09:16:29.0,141330,4,143140,4,142650,8,80
09:16:34.500,141330,4,143140,4,142650,8,80
09:19:14.500,141340,4,143140,4,142650,8,80
09:19:36.500,141340,4,143130,4,142650,8,80
09:22:14.500,141350,4,143130,4,142650,8,80
09:22:38.500,141350,4,143120,3,142650,8,80
09:25:15.0,141360,4,143120,3,142650,8,80
09:25:40.0,141360,4,143110,2,142650,8,80
09:28:19.0,141370,4,143110,2,142650,8,80
09:28:40.500,141370,4,143100,2,142650,8,80
09:30:07.500,141370,4,143100,2,142650,8,80
09:31:19.500,141380,4,143100,2,142650,8,80
09:31:41.0,141380,4,143090,2,142650,8,80
09:34:21.0,141390,4,143090,2,142650,8,80
09:34:41.500,141390,4,143080,2,142650,8,80
09:37:21.0,141400,4,143080,2,142650,8,80
09:37:42.0,141400,4,143070,1,142650,8,80
09:40:23.0,141410,4,143070,1,142650,8,80
09:40:43.500,141410,4,143060,1,142650,8,80
09:43:30.0,141420,4,143060,1,142650,8,80
09:43:53.0,141420,4,143050,2,142650,8,80
09:46:30.0,141430,4,143050,2,142650,8,80
09:47:11.0,141430,4,143040,2,142650,8,80
09:49:30.500,141440,4,143040,2,142650,8,80
09:50:12.0,141440,4,143030,3,142650,8,80
09:52:38.0,141450,4,143030,3,142650,8,80
09:53:12.0,141450,4,143020,3,142650,8,80
09:56:10.500,141460,4,143020,3,142650,8,80
09:56:39.0,141460,4,143010,3,142650,8,80
09:59:12.0,141470,4,143010,3,142650,8,80
09:59:40.0,141470,4,143000,2,142650,8,80
10:02:12.0,141480,4,143000,2,142650,8,80
10:02:40.0,141480,4,142990,4,142650,8,80
10:04:01.500,141480,4,142990,4,142650,8,80
10:04:13.0,141480,4,142990,4,142650,8,80
10:05:12.0,141490,4,142990,4,142650,8,80
10:05:40.500,141490,4,142980,4,142650,8,80
10:08:13.500,141500,4,142980,4,142650,8,80
10:08:40.500,141500,4,142970,4,142650,8,80
10:11:15.0,141510,4,142970,4,142650,8,80
10:11:41.500,141510,4,142960,4,142650,8,80
10:14:16.0,141520,4,142960,4,142650,8,80
10:14:42.500,141520,4,142960,4,142650,8,80
10:14:43.0,141520,4,142950,4,142650,8,80
10:14:50.0,141350,1,143170,1,142650,8,80
10:30:02.500,133490,4,150540,4,142650,8,80
10:30:03.0,133500,4,150530,4,142650,8,80
10:30:03.500,133500,4,150530,4,142650,8,80
10:30:04.0,133510,4,150520,4,142650,8,80
10:30:04.500,133520,4,150510,4,142650,8,80
10:30:05.0,133530,4,150510,4,142650,8,80
10:30:05.500,133530,4,150500,4,142650,8,80
10:30:06.0,133540,4,150490,4,142650,8,80
10:30:06.500,133550,4,150490,4,142650,8,80
10:30:07.0,133550,4,150480,4,142650,8,80
10:30:07.500,133560,4,150470,4,142650,8,80
10:30:08.0,133570,4,150460,4,142650,8,80
10:30:08.500,133580,4,150450,4,142650,8,80
10:30:09.0,133590,4,150440,4,142650,8,80
10:30:09.500,133600,4,150430,4,142650,8,80
10:30:10.0,133600,4,150430,4,142650,8,80
10:30:10.500,140230,1,144850,1,142650,8,80
10:30:11.0,140240,8,144840,8,142650,8,80
10:30:13.0,140240,8,144840,8,142650,8,80
10:33:27.500,140250,4,144830,4,142650,8,80
10:33:28.0,140260,4,144820,4,142650,8,80
10:33:28.500,140270,4,144810,4,142650,8,80
10:33:29.0,140280,4,144800,4,142650,8,80
10:33:29.500,140290,4,144790,4,142650,8,80
10:33:30.0,140300,4,144780,4,142650,8,80
10:33:30.500,140310,4,144770,4,142650,8,80
10:33:31.0,140320,4,144760,4,142650,8,80
10:33:31.500,140330,4,144750,4,142650,8,80
10:33:32.0,140340,4,144740,4,142650,8,80
10:33:32.500,140350,4,144730,4,142650,8,80
10:33:33.0,140360,4,144720,4,142650,8,80
10:33:33.500,140370,4,144710,4,142650,8,80
10:33:34.0,140380,4,144700,4,142650,8,80
10:33:34.500,140390,4,144690,4,142650,8,80
10:33:35.0,140400,4,144680,4,142650,8,80
10:33:35.500,140410,4,144670,4,142650,8,80
10:33:36.0,140420,4,144660,4,142650,8,80
10:33:36.500,140430,4,144650,4,142650,8,80
10:33:37.0,140440,4,144640,4,142650,8,80
10:33:37.500,140450,4,144630,4,142650,8,80
10:33:38.0,140460,4,144620,4,142650,8,80
10:33:38.500,140470,4,144610,4,142650,8,80
10:33:39.0,140480,4,144600,4,142650,8,80
10:33:39.500,140490,4,144590,4,142650,8,80
10:33:40.0,140500,4,144580,4,142650,8,80
10:33:40.500,140510,4,144570,4,142650,8,80
10:33:41.0,140520,4,144560,4,142650,8,80
10:33:41.500,140530,4,144550,4,142650,8,80
10:33:42.0,140540,4,144540,4,142650,8,80
10:33:42.500,140550,4,144530,4,142650,8,80
10:33:43.0,140560,4,144520,4,142650,8,80
10:33:43.500,140570,4,144510,4,142650,8,80
10:33:44.0,140580,4,144500,4,142650,8,80
10:33:44.500,140590,4,144490,4,142650,8,80
10:33:45.0,140600,4,144480,4,142650,8,80
10:33:45.500,140610,4,144470,4,142650,8,80
10:33:46.0,140620,4,144460,4,142650,8,80
10:33:46.500,140630,4,144450,4,142650,8,80
10:33:47.0,140640,4,144440,4,142650,8,80
10:33:47.500,140650,4,144430,4,142650,8,80
10:33:48.0,140660,4,144420,4,142650,8,80
10:33:48.500,140670,4,144410,4,142650,8,80
10:33:49.0,140680,4,144400,4,142650,8,80
10:33:49.500,140690,4,144390,4,142650,8,80
10:33:50.0,140700,4,144380,4,142650,8,80
10:33:50.500,140710,4,144370,4,142650,8,80
10:33:51.0,140720,4,144360,4,142650,8,80
10:33:51.500,140730,4,144350,4,142650,8,80
10:33:52.0,140740,4,144340,4,142650,8,80
10:33:52.500,140750,4,144330,4,142650,8,80
10:33:53.0,140760,4,144320,4,142650,8,80
10:33:53.500,140770,4,144310,4,142650,8,80
10:33:54.0,140780,4,144300,4,142650,8,80
10:33:54.500,140790,4,144290,4,142650,8,80
10:33:55.0,140790,4,144280,4,142650,8,80
10:33:55.500,140790,4,144270,4,142650,8,80
10:33:56.0,140790,4,144270,4,142650,8,80
10:33:56.500,140790,4,144260,4,142650,8,80
10:33:57.0,140790,4,144250,4,142650,8,80
10:33:57.500,140790,4,144250,4,142650,8,80
10:33:58.0,140790,4,144240,4,142650,8,80
10:33:58.500,140790,4,144230,4,142650,8,80
10:33:59.0,140790,4,144230,4,142650,8,80
10:33:59.500,140790,4,144220,4,142650,8,80
10:34:00.0,140790,4,144210,4,142650,8,80
10:34:00.500,140790,4,144210,4,142650,8,80
10:34:01.0,140790,4,144200,4,142650,8,80
10:34:01.500,140790,4,144190,4,142650,8,80
10:34:02.0,140790,4,144190,4,142650,8,80
10:34:02.500,140790,4,144180,4,142650,8,80
10:34:03.0,140790,4,144170,4,142650,8,80
10:34:03.500,140790,4,144170,4,142650,8,80
10:34:04.0,140790,4,144160,4,142650,8,80
10:34:04.500,140790,4,144150,4,142650,8,80
10:34:05.0,140790,4,144150,4,142650,8,80
10:34:05.500,140790,4,144140,4,142650,8,80
10:34:06.0,140790,4,144130,4,142650,8,80
10:34:06.500,140790,4,144130,4,142650,8,80
10:34:07.0,140790,4,144120,4,142650,8,80
10:34:07.500,140790,4,144110,4,142650,8,80
10:34:08.0,140790,4,144110,4,142650,8,80
10:34:08.500,140790,4,144100,4,142650,8,80
10:34:09.0,140800,4,144090,4,142650,8,80
10:34:09.500,140810,4,144090,4,142650,8,80
10:34:10.0,140810,4,144080,4,142650,8,80
10:34:10.500,140820,4,144070,4,142650,8,80
10:34:11.0,140830,4,144060,4,142650,8,80
10:34:11.500,140830,4,144050,4,142650,8,80
10:34:12.0,140830,4,144050,4,142650,8,80
10:34:12.500,140830,4,144040,4,142650,8,80
10:34:13.0,140830,4,144030,4,142650,8,80
10:34:13.500,140830,4,144030,4,142650,8,80
10:34:14.0,140830,4,144020,4,142650,8,80
10:34:14.500,140830,4,144010,4,142650,8,80
10:34:15.0,140830,4,144010,4,142650,8,80
10:34:15.500,140830,4,144000,4,142650,8,80
10:34:16.0,140830,4,143990,4,142650,8,80
10:34:16.500,140830,4,143990,4,142650,8,80
10:34:17.0,140830,4,143980,4,142650,8,80
10:34:17.500,140830,4,143970,4,142650,8,80
10:34:18.0,140830,4,143970,4,142650,8,80
10:34:18.500,140830,4,143960,4,142650,8,80
10:34:19.0,140830,4,143950,4,142650,8,80
10:34:19.500,140830,4,143950,4,142650,8,80
10:34:20.0,140830,4,143940,4,142650,8,80
10:34:20.500,140830,4,143930,4,142650,8,80
10:34:21.0,140830,4,143930,4,142650,8,80
10:34:21.500,140830,4,143930,4,142650,8,80
10:34:22.0,140830,4,143920,4,142650,8,80
10:34:22.500,140830,4,143910,4,142650,8,80
10:34:23.0,140840,4,143910,4,142650,8,80
10:34:23.500,140850,4,143910,4,142650,8,80
10:34:24.0,140850,4,143910,4,142650,8,80
10:34:24.500,140860,4,143910,4,142650,8,80
10:34:25.0,140870,4,143910,4,142650,8,80
10:34:35.500,140870,4,143910,4,142650,8,80
10:34:36.0,140880,4,143910,4,142650,8,80
10:34:36.500,140890,4,143910,4,142650,8,80
10:34:37.0,140890,4,143910,4,142650,8,80
10:34:40.500,140900,4,143910,4,142650,8,80
10:34:41.0,140910,4,143910,4,142650,8,80
10:34:41.500,140910,4,143910,4,142650,8,80
10:34:42.0,140920,4,143910,4,142650,8,80
10:34:42.500,140930,4,143910,4,142650,8,80
10:34:59.500,140930,4,143910,4,142650,8,80
10:35:08.500,140940,4,143910,4,142650,8,80
10:35:09.0,140950,4,143910,4,142650,8,80
10:35:09.500,140950,4,143910,4,142650,8,80
10:35:36.500,140960,4,143910,4,142650,8,80
10:35:37.0,140970,4,143910,4,142650,8,80
10:35:38.500,140970,4,143910,4,142650,8,80
10:35:39.0,140980,4,143910,4,142650,8,80
10:35:39.500,140990,4,143910,4,142650,8,80
10:35:40.0,140990,4,143910,4,142650,8,80
10:35:53.500,141000,4,143910,4,142650,8,80
10:35:54.0,141010,4,143910,4,142650,8,80
10:35:54.500,141010,4,143910,4,142650,8,80
10:36:02.500,141010,4,143910,4,142650,8,80
10:36:12.0,141020,4,143910,4,142650,8,80
10:36:12.500,141030,4,143910,4,142650,8,80
10:36:13.0,141030,4,143910,4,142650,8,80
10:36:14.0,141040,4,143910,4,142650,8,80
10:36:14.500,141050,4,143910,4,142650,8,80
10:37:23.0,141050,4,143900,4,142650,8,80
10:39:24.500,141060,4,143900,4,142650,8,80
10:40:24.500,141060,4,143890,4,142650,8,80
10:41:04.0,141060,4,143880,4,142650,8,80
10:41:04.500,141060,4,143870,4,142650,8,80
10:41:05.500,141060,4,143870,4,142650,8,80
10:41:06.0,141060,4,143860,4,142650,8,80
10:41:06.500,141060,4,143850,4,142650,8,80
10:41:13.500,141060,4,143840,4,142650,8,80
10:41:14.0,141060,4,143830,4,142650,8,80
10:41:14.500,141060,4,143830,4,142650,8,80
10:41:15.0,141060,4,143820,4,142650,8,80
10:41:15.500,141060,4,143810,4,142650,8,80
10:41:16.0,141060,4,143810,4,142650,8,80
10:41:26.0,141060,4,143800,4,142650,8,80
10:41:26.500,141060,4,143790,4,142650,8,80
10:41:27.0,141060,4,143790,4,142650,8,80
10:41:27.500,141060,4,143780,4,142650,8,80
10:41:28.0,141060,4,143770,4,142650,8,80
10:41:31.500,141060,4,143760,4,142650,8,80
10:41:32.0,141060,4,143750,4,142650,8,80
10:41:37.500,141060,4,143750,4,142650,8,80
10:42:25.0,141070,4,143750,4,142650,8,80
10:44:36.500,141070,4,143740,4,142650,8,80
10:45:37.0,141080,4,143740,4,142650,8,80
10:47:42.0,141080,4,143730,4,142650,8,80
10:48:41.500,141090,4,143730,4,142650,8,80
10:50:49.500,141090,4,143870,1,142650,8,80
10:50:50.0,141090,4,143860,4,142650,8,80
10:50:51.500,141090,4,143860,4,142650,8,80
10:51:46.500,141100,4,143860,4,142650,8,80
10:53:50.0,141100,4,143850,4,142650,8,80
10:54:49.0,141110,4,143850,4,142650,8,80
10:57:11.0,141110,4,143840,4,142650,8,80
10:57:52.500,141120,4,143840,4,142650,8,80
11:00:14.500,141120,4,143830,4,142650,8,80
11:00:53.0,141130,4,143830,4,142650,8,80
11:03:31.500,141130,4,143820,4,142650,8,80
11:03:55.500,141140,4,143820,4,142650,8,80
11:04:09.500,141140,4,143820,4,142650,8,80
11:05:22.0,141150,4,143820,4,142650,8,80
11:05:22.500,141160,4,143820,4,142650,8,80
11:05:23.0,141160,4,143820,4,142650,8,80
11:06:34.500,141160,4,143810,4,142650,8,80
11:08:22.500,141170,4,143810,4,142650,8,80
11:09:34.500,141170,4,143800,4,142650,8,80
11:11:29.500,141180,4,143800,4,142650,8,80
11:12:37.500,141180,4,143790,4,142650,8,80
11:14:34.500,141190,4,143790,4,142650,8,80
11:15:38.500,141190,4,143780,4,142650,8,80
11:16:15.0,141190,4,143780,4,142650,8,80
11:16:44.0,141200,4,143780,4,142650,8,80
11:16:44.500,141210,4,143780,4,142650,8,80
11:16:45.500,141210,4,143780,4,142650,8,80
11:16:46.0,141220,4,143780,4,142650,8,80
11:16:46.500,141230,4,143780,4,142650,8,80
11:16:47.0,141230,4,143780,4,142650,8,80
11:16:47.500,141240,4,143780,4,142650,8,80
11:16:48.0,141250,4,143780,4,142650,8,80
11:16:48.500,141250,4,143780,4,142650,8,80
11:18:18.0,141260,4,143780,4,142650,8,80
11:18:18.500,141270,4,143780,4,142650,8,80
11:18:40.0,141270,4,143770,4,142650,8,80
11:22:17.0,141280,4,143760,4,142650,8,80
11:25:17.500,141290,4,143750,4,142650,8,80
11:28:18.0,141300,4,143740,4,142650,8,80
11:29:50.0,141230,1,143880,1,142650,8,80
13:30:10.0,140730,1,145390,1,142650,8,80
13:30:10.500,140740,4,145380,5,142650,8,80
13:30:11.0,140750,4,145370,4,142650,8,80
13:30:11.500,140760,4,145360,4,142650,8,80
13:30:12.0,140760,4,145350,1,142650,8,80
13:30:12.500,140770,4,145340,4,142650,8,80
13:30:13.0,140770,4,145330,4,142650,8,80
13:30:13.500,140780,4,145320,1,142650,8,80
13:30:14.0,140790,4,145310,4,142650,8,80
13:30:14.500,140790,4,145300,4,142650,8,80
13:30:15.0,140800,4,145290,5,142650,8,80
13:30:15.500,140810,4,145290,5,142650,8,80
13:30:16.0,140810,4,145280,4,142650,8,80
13:30:16.500,140820,4,145270,4,142650,8,80
13:30:17.0,140830,4,145260,1,142650,8,80
13:30:17.500,140830,4,145250,8,142650,8,80
13:30:18.0,140840,4,145250,8,142650,8,80
13:30:18.500,140850,4,145240,1,142650,8,80
13:30:19.0,140860,4,145230,8,142650,8,80
13:30:19.500,140870,4,145230,8,142650,8,80
13:30:20.0,140870,4,145220,1,142650,8,80
13:30:20.500,140880,4,145210,8,142650,8,80
13:30:21.0,140890,4,145210,8,142650,8,80
13:30:21.500,140890,4,145200,1,142650,8,80
13:30:22.0,140900,4,145190,8,142650,8,80
13:30:22.500,140910,4,145190,8,142650,8,80
13:30:23.0,140910,4,145180,1,142650,8,80
13:30:23.500,140920,4,145170,8,142650,8,80
13:30:24.0,140930,4,145170,8,142650,8,80
13:30:24.500,140930,4,145160,1,142650,8,80
13:30:25.0,140940,4,145150,8,142650,8,80
13:30:25.500,140950,4,145150,8,142650,8,80
13:30:26.0,140950,4,145140,1,142650,8,80
13:30:26.500,140960,4,145130,8,142650,8,80
13:30:27.0,140970,4,145130,8,142650,8,80
13:30:27.500,140970,4,145120,1,142650,8,80
13:30:28.0,140980,4,145110,8,142650,8,80
13:30:28.500,140990,4,145110,8,142650,8,80
13:30:29.0,140990,4,145100,1,142650,8,80
13:30:29.500,141000,4,145090,8,142650,8,80
13:30:30.0,141010,4,145090,8,142650,8,80
13:30:30.500,141010,4,145080,1,142650,8,80
13:30:31.0,141020,4,145070,8,142650,8,80
13:30:31.500,141030,4,145070,8,142650,8,80
13:30:32.0,141030,4,145060,1,142650,8,80
13:30:32.500,141040,4,145050,8,142650,8,80
13:30:33.0,141050,4,145050,8,142650,8,80
13:30:33.500,141050,4,145040,1,142650,8,80
13:30:34.0,141060,4,145030,8,142650,8,80
13:30:34.500,141070,4,145030,8,142650,8,80
13:30:35.0,141070,4,145020,1,142650,8,80
13:30:35.500,141080,4,145010,8,142650,8,80
13:30:36.0,141090,4,145010,8,142650,8,80
13:30:36.500,141090,4,145000,1,142650,8,80
13:30:37.0,141100,4,144990,8,142650,8,80
13:30:37.500,141110,4,144990,8,142650,8,80
13:30:38.0,141110,4,144980,1,142650,8,80
13:30:38.500,141120,4,144970,8,142650,8,80
13:30:39.0,141130,4,144970,8,142650,8,80
13:30:39.500,141130,4,144960,1,142650,8,80
13:30:40.0,141140,4,144950,8,142650,8,80
13:30:40.500,141150,4,144950,8,142650,8,80
13:30:41.0,141150,4,144940,1,142650,8,80
13:30:41.500,141160,4,144930,8,142650,8,80
13:30:42.0,141170,4,144930,8,142650,8,80
13:30:42.500,141170,4,144920,1,142650,8,80
13:30:43.0,141180,4,144910,8,142650,8,80
13:30:43.500,141190,4,144910,8,142650,8,80
13:30:44.0,141190,4,144900,1,142650,8,80
13:30:44.500,141200,4,144890,8,142650,8,80
13:30:45.0,141210,4,144890,8,142650,8,80
13:30:45.500,141210,4,144880,1,142650,8,80
13:30:46.0,141210,4,144870,4,142650,8,80
13:30:46.500,141210,4,144860,4,142650,8,80
13:30:47.0,141210,4,144850,5,142650,8,80
13:30:47.500,141210,4,144850,5,142650,8,80
13:30:48.0,141210,4,144840,4,142650,8,80
13:30:48.500,141210,4,144830,4,142650,8,80
13:30:49.0,141210,4,144820,1,142650,8,80
13:30:49.500,141210,4,144810,8,142650,8,80
13:30:50.0,141210,4,144810,8,142650,8,80
13:30:50.500,141210,4,144800,1,142650,8,80
13:30:51.0,141210,4,144790,4,142650,8,80
13:30:51.500,141210,4,144780,4,142650,8,80
13:30:52.0,141210,4,144770,5,142650,8,80
13:30:52.500,141210,4,144770,5,142650,8,80
13:30:53.0,141210,4,144760,4,142650,8,80
13:30:53.500,141210,4,144750,4,142650,8,80
13:30:54.0,141210,4,144740,1,142650,8,80
13:30:54.500,141210,4,144730,8,142650,8,80
13:30:55.0,141210,4,144730,8,142650,8,80
13:30:55.500,141210,4,144720,1,142650,8,80
13:30:56.0,141210,4,144710,4,142650,8,80
13:30:56.500,141210,4,144700,4,142650,8,80
13:30:57.0,141210,4,144690,5,142650,8,80
13:30:57.500,141210,4,144690,5,142650,8,80
13:30:58.0,141210,4,144680,4,142650,8,80
13:30:58.500,141210,4,144670,4,142650,8,80
13:30:59.0,141210,4,144660,1,142650,8,80
13:30:59.500,141210,4,144650,8,142650,8,80
13:31:00.0,141210,4,144650,8,142650,8,80
13:31:00.500,141210,4,144640,1,142650,8,80
13:31:01.0,141210,4,144630,4,142650,8,80
13:31:01.500,141210,4,144620,4,142650,8,80
13:31:02.0,141210,4,144610,5,142650,8,80
13:31:02.500,141210,4,144610,5,142650,8,80
13:31:03.0,141210,4,144600,4,142650,8,80
13:31:03.500,141210,4,144590,4,142650,8,80
13:31:04.0,141210,4,144580,1,142650,8,80
13:31:04.500,141210,4,144570,8,142650,8,80
13:31:05.0,141210,4,144570,8,142650,8,80
13:31:05.500,141210,4,144560,1,142650,8,80
13:31:06.0,141210,4,144550,4,142650,8,80
13:31:06.500,141210,4,144540,4,142650,8,80
13:31:07.0,141210,4,144530,5,142650,8,80
13:31:07.500,141210,4,144530,5,142650,8,80
13:31:08.0,141210,4,144520,4,142650,8,80
13:31:08.500,141210,4,144510,4,142650,8,80
13:31:09.0,141210,4,144500,1,142650,8,80
13:31:09.500,141210,4,144490,8,142650,8,80
13:31:10.0,141210,4,144490,8,142650,8,80
13:31:10.500,141210,4,144480,1,142650,8,80
13:31:11.0,141210,4,144470,4,142650,8,80
13:31:11.500,141210,4,144460,4,142650,8,80
13:31:12.0,141210,4,144450,5,142650,8,80
13:31:12.500,141210,4,144450,5,142650,8,80
13:31:13.0,141210,4,144440,4,142650,8,80
13:31:13.500,141210,4,144430,4,142650,8,80
13:31:14.0,141210,4,144420,1,142650,8,80
13:31:14.500,141210,4,144410,8,142650,8,80
13:31:15.0,141210,4,144410,8,142650,8,80
13:31:15.500,141210,4,144400,1,142650,8,80
13:31:16.0,141210,4,144390,4,142650,8,80
13:31:16.500,141210,4,144380,4,142650,8,80
13:31:17.0,141210,4,144370,5,142650,8,80
13:31:17.500,141210,4,144370,5,142650,8,80
13:31:18.0,141210,4,144360,4,142650,8,80
13:31:18.500,141210,4,144350,4,142650,8,80
13:31:19.0,141210,4,144340,1,142650,8,80
13:31:19.500,141210,4,144330,8,142650,8,80
13:31:20.0,141210,4,144330,8,142650,8,80
13:31:20.500,141210,4,144320,1,142650,8,80
13:31:21.0,141210,4,144310,4,142650,8,80
13:31:21.500,141210,4,144300,4,142650,8,80
13:31:22.0,141210,4,144290,5,142650,8,80
13:31:22.500,141210,4,144290,5,142650,8,80
13:31:23.0,141210,4,144280,4,142650,8,80
13:31:23.500,141210,4,144270,4,142650,8,80
13:31:24.0,141210,4,144260,1,142650,8,80
13:31:24.500,141210,4,144250,8,142650,8,80
13:31:25.0,141210,4,144250,8,142650,8,80
13:31:25.500,141210,4,144240,1,142650,8,80
13:31:26.0,141210,4,144230,4,142650,8,80
13:31:26.500,141210,4,144220,4,142650,8,80
13:31:27.0,141210,4,144210,5,142650,8,80
13:31:28.500,141210,4,144210,5,142650,8,80
13:32:03.0,141210,4,144200,4,142650,8,80
13:32:03.500,141210,4,144190,4,142650,8,80
13:32:04.0,141210,4,144180,1,142650,8,80
13:32:04.500,141210,4,144170,4,142650,8,80
13:32:05.0,141210,4,144170,4,142650,8,80
13:32:05.500,141210,4,144160,1,142650,8,80
13:32:06.0,141210,4,144150,4,142650,8,80
13:32:06.500,141210,4,144150,4,142650,8,80
13:32:07.0,141210,4,144140,1,142650,8,80
13:32:07.500,141210,4,144130,4,142650,8,80
13:32:08.0,141210,4,144130,4,142650,8,80
13:32:08.500,141210,4,144120,1,142650,8,80
13:32:09.0,141210,4,144110,4,142650,8,80
13:32:09.500,141210,4,144110,4,142650,8,80
13:32:10.0,141210,4,144100,1,142650,8,80
13:32:10.500,141210,4,144090,4,142650,8,80
13:32:11.0,141210,4,144090,4,142650,8,80
13:32:11.500,141210,4,144080,1,142650,8,80
13:32:12.0,141210,4,144070,4,142650,8,80
13:32:12.500,141210,4,144070,4,142650,8,80
13:32:13.0,141210,4,144060,1,142650,8,80
13:32:13.500,141210,4,144050,4,142650,8,80
13:32:14.0,141210,4,144050,4,142650,8,80
13:32:14.500,141210,4,144040,1,142650,8,80
13:32:15.0,141210,4,144030,4,142650,8,80
13:32:15.500,141210,4,144030,4,142650,8,80
13:32:16.0,141210,4,144020,1,142650,8,80
13:32:16.500,141210,4,144010,4,142650,8,80
13:32:17.0,141210,4,144010,4,142650,8,80
13:32:17.500,141210,4,144000,1,142650,8,80
13:32:18.0,141210,4,143990,4,142650,8,80
13:32:18.500,141210,4,143990,4,142650,8,80
13:32:19.0,141210,4,143980,1,142650,8,80
13:32:19.500,141210,4,143970,4,142650,8,80
13:32:20.0,141210,4,143970,4,142650,8,80
13:32:20.500,141210,4,143960,1,142650,8,80
13:32:21.0,141210,4,143950,4,142650,8,80
13:32:21.500,141210,4,143950,4,142650,8,80
13:32:22.0,141210,4,143940,1,142650,8,80
13:32:22.500,141210,4,143930,4,142650,8,80
13:32:23.0,141210,4,143930,4,142650,8,80
13:32:23.500,141210,4,143920,1,142650,8,80
13:32:24.0,141210,4,143910,4,142650,8,80
13:32:24.500,141210,4,143910,4,142650,8,80
13:32:25.0,141210,4,143900,1,142650,8,80
13:32:25.500,141210,4,143890,4,142650,8,80
13:32:26.0,141210,4,143890,4,142650,8,80
13:32:26.500,141210,4,143880,1,142650,8,80
13:32:27.0,141210,4,143870,4,142650,8,80
13:32:27.500,141210,4,143870,4,142650,8,80
13:32:28.0,141210,4,143860,1,142650,8,80
13:32:28.500,141210,4,143850,4,142650,8,80
13:32:29.0,141210,4,143850,4,142650,8,80
13:32:29.500,141210,4,143840,1,142650,8,80
13:32:30.0,141210,4,143830,4,142650,8,80
13:32:30.500,141210,4,143830,4,142650,8,80
13:32:31.0,141210,4,143820,1,142650,8,80
13:32:31.500,141210,4,143810,4,142650,8,80
13:32:32.0,141210,4,143810,4,142650,8,80
13:32:32.500,141210,4,143800,1,142650,8,80
13:32:33.0,141210,4,143790,4,142650,8,80
13:32:33.500,141210,4,143790,4,142650,8,80
13:32:34.0,141210,4,143780,1,142650,8,80
13:32:34.500,141210,4,143770,4,142650,8,80
13:32:35.0,141210,4,143770,4,142650,8,80
13:32:35.500,141210,4,143760,1,142650,8,80
13:32:36.0,141210,4,143750,4,142650,8,80
13:32:36.500,141210,4,143750,4,142650,8,80
13:32:37.0,141210,4,143740,1,142650,8,80
13:32:37.500,141210,4,143730,4,142650,8,80
13:32:38.0,141210,4,143730,4,142650,8,80
13:32:38.500,141210,4,143720,1,142650,8,80
13:32:39.0,141210,4,143710,4,142650,8,80
13:32:39.500,141210,4,143710,4,142650,8,80
13:32:40.0,141210,4,143700,1,142650,8,80
13:32:40.500,141210,4,143690,4,142650,8,80
13:32:41.0,141210,4,143690,4,142650,8,80
13:32:41.500,141210,4,143680,1,142650,8,80
13:32:42.0,141210,4,143670,4,142650,8,80
13:32:42.500,141210,4,143670,4,142650,8,80
13:32:43.0,141210,4,143660,1,142650,8,80
13:32:43.500,141210,4,143650,4,142650,8,80
13:32:44.0,141210,4,143650,4,142650,8,80
13:32:44.500,141210,4,143640,1,142650,8,80
13:32:45.0,141210,4,143630,4,142650,8,80
13:32:45.500,141210,4,143630,4,142650,8,80
13:32:46.0,141210,4,143620,1,142650,8,80
13:32:46.500,141210,4,143610,4,142650,8,80
13:32:47.0,141210,4,143610,4,142650,8,80
13:32:47.500,141210,4,143600,1,142650,8,80
13:32:48.0,141210,4,143590,4,142650,8,80
13:32:48.500,141210,4,143590,4,142650,8,80
13:32:49.0,141210,4,143580,1,142650,8,80
13:32:49.500,141210,4,143570,4,142650,8,80
13:32:50.0,141210,4,143570,4,142650,8,80
13:32:50.500,141210,4,143560,1,142650,8,80
13:32:51.0,141210,4,143550,4,142650,8,80
13:32:51.500,141210,4,143550,4,142650,8,80
13:32:52.0,141210,4,143540,1,142650,8,80
13:32:52.500,141210,4,143530,4,142650,8,80
13:32:53.0,141210,4,143530,4,142650,8,80
13:32:53.500,141210,4,143520,1,142650,8,80
13:32:54.0,141210,4,143510,4,142650,8,80
13:32:54.500,141210,4,143510,4,142650,8,80
13:32:55.0,141210,4,143500,1,142650,8,80
13:32:55.500,141210,4,143490,4,142650,8,80
13:32:56.0,141210,4,143490,4,142650,8,80
13:32:56.500,141210,4,143480,1,142650,8,80
13:32:57.0,141210,4,143470,4,142650,8,80
13:32:57.500,141210,4,143470,4,142650,8,80
13:32:58.0,141210,4,143460,1,142650,8,80
13:32:58.500,141210,4,143450,4,142650,8,80
13:32:59.0,141210,4,143450,4,142650,8,80
13:32:59.500,141210,4,143440,1,142650,8,80
13:33:00.0,141210,4,143430,4,142650,8,80
13:33:00.500,141210,4,143430,4,142650,8,80
13:33:01.0,141210,4,143420,1,142650,8,80
13:33:01.500,141210,4,143410,4,142650,8,80
13:33:02.0,141210,4,143410,4,142650,8,80
13:33:02.500,141210,4,143400,1,142650,8,80
13:33:03.0,141210,4,143390,4,142650,8,80
13:33:03.500,141210,4,143390,4,142650,8,80
13:33:04.0,141210,4,143380,1,142650,8,80
13:33:04.500,141210,4,143370,4,142650,8,80
13:33:05.0,141210,4,143370,4,142650,8,80
13:33:05.500,141210,4,143360,1,142650,8,80
13:33:06.0,141210,4,143350,4,142650,8,80
13:33:06.500,141210,4,143350,4,142650,8,80
13:33:07.0,141210,4,143340,1,142650,8,80
13:33:07.500,141210,4,143330,4,142650,8,80
13:33:08.0,141210,4,143330,4,142650,8,80
13:33:08.500,141210,4,143320,1,142650,8,80
13:33:09.0,141210,4,143310,4,142650,8,80
13:33:09.500,141210,4,143310,4,142650,8,80
13:33:10.0,141210,4,143300,1,142650,8,80
13:33:10.500,141210,4,143290,4,142650,8,80
13:33:11.0,141210,4,143290,4,142650,8,80
13:33:11.500,141210,4,143280,1,142650,8,80
13:33:12.0,141210,4,143270,4,142650,8,80
13:33:12.500,141210,4,143270,4,142650,8,80
13:33:13.0,141210,4,143260,1,142650,8,80
13:33:13.500,141210,4,143250,4,142650,8,80
13:33:14.0,141210,4,143250,4,142650,8,80
13:33:14.500,141210,4,143240,1,142650,8,80
13:33:15.0,141210,4,143230,3,142650,8,80
13:33:15.500,141210,4,143230,3,142650,8,80
13:33:16.0,141210,4,143220,1,142650,8,80
13:33:16.500,141210,4,143210,3,142650,8,80
13:33:17.0,141210,4,143210,3,142650,8,80
13:33:17.500,141210,4,143200,1,142650,8,80
13:33:18.0,141210,4,143190,3,142650,8,80
13:33:18.500,141210,4,143190,3,142650,8,80
13:33:19.0,141210,4,143180,1,142650,8,80
13:33:19.500,141210,4,143170,3,142650,8,80
13:33:20.0,141210,4,143170,3,142650,8,80
13:33:20.500,141210,4,143160,1,142650,8,80
13:33:21.0,141210,4,143150,3,142650,8,80
13:33:21.500,141210,4,143150,3,142650,8,80
13:33:22.0,141210,4,143140,1,142650,8,80
13:33:22.500,141210,4,143130,3,142650,8,80
13:33:23.0,141210,4,143130,3,142650,8,80
13:33:23.500,141210,4,143120,1,142650,8,80
13:33:24.0,141210,4,143110,3,142650,8,80
13:33:24.500,141210,4,143110,3,142650,8,80
13:33:25.0,141210,4,143100,1,142650,8,80
13:33:25.500,141210,4,143090,2,142650,8,80
13:33:26.0,141210,4,143090,2,142650,8,80
13:33:26.500,141210,4,143080,1,142650,8,80
13:33:27.0,141210,4,143070,2,142650,8,80
13:33:27.500,141210,4,143070,2,142650,8,80
13:33:28.0,141210,4,143060,1,142650,8,80
13:33:28.500,141210,4,143050,2,142650,8,80
13:33:29.0,141210,4,143050,2,142650,8,80
13:33:29.500,141210,4,143040,1,142650,8,80
13:33:30.0,141210,4,143030,2,142650,8,80
13:33:30.500,141210,4,143030,2,142650,8,80
13:33:31.0,141210,4,143020,1,142650,8,80
13:33:31.500,141210,4,143010,2,142650,8,80
13:33:32.0,141210,4,143010,2,142650,8,80
13:33:32.500,141210,4,143000,1,142650,8,80
13:33:33.0,141210,4,142990,2,142650,8,80
13:33:33.500,141210,4,142990,2,142650,8,80
13:33:34.0,141210,4,142980,1,142650,8,80
13:33:34.500,141210,4,142970,2,142650,8,80
13:33:35.0,141210,4,142970,2,142650,8,80
13:33:35.500,141210,4,142960,1,142650,8,80
13:33:36.0,141210,4,142950,2,142650,8,80
13:33:36.500,141210,4,142950,2,142650,8,80
13:33:37.0,141210,4,142940,1,142650,8,80
13:33:37.500,141210,4,142930,1,142650,8,80
13:33:38.0,141210,4,142930,1,142650,8,80
13:33:38.500,141210,4,142920,1,142650,8,80
13:33:39.0,141210,4,142910,1,142650,8,80
13:33:39.500,141210,4,142910,1,142650,8,80
13:33:40.0,141210,4,142900,1,142650,8,80
13:33:40.500,141210,4,142890,1,142650,8,80
13:33:50.0,141220,4,142890,1,142650,8,80
13:34:00.0,141220,4,142890,1,142650,8,80
13:34:00.500,141220,4,142880,1,142650,8,80
13:34:01.0,141220,4,142870,1,142650,8,80
13:36:42.0,141220,4,144230,1,142650,8,80
13:36:42.500,141220,4,144220,5,142650,8,80
13:36:52.500,141230,4,144220,5,142650,8,80
13:37:20.500,141240,4,144220,5,142650,8,80
13:37:21.0,141250,4,144220,5,142650,8,80
13:37:21.500,141250,4,144220,5,142650,8,80
13:37:37.0,141250,4,144220,5,142650,8,80
13:37:46.500,141260,4,144220,5,142650,8,80
13:37:47.0,141270,4,144220,5,142650,8,80
13:37:47.500,141270,4,144220,5,142650,8,80
13:38:10.500,141280,4,144220,5,142650,8,80
13:38:11.0,141290,4,144220,5,142650,8,80
13:38:46.0,141300,4,144220,5,142650,8,80
13:38:46.500,141310,4,144220,5,142650,8,80
13:39:42.500,141310,4,144210,4,142650,8,80
13:39:43.0,141310,4,144210,4,142650,8,80
13:39:43.500,141310,4,144200,1,142650,8,80
13:39:44.0,141310,4,144190,4,142650,8,80
13:39:44.500,141310,4,144190,4,142650,8,80
13:39:45.0,141310,4,144180,1,142650,8,80
13:39:45.500,141310,4,144170,4,142650,8,80
13:39:46.0,141310,4,144170,4,142650,8,80
13:39:46.500,141310,4,144160,1,142650,8,80
13:39:47.0,141310,4,144150,4,142650,8,80
13:39:47.500,141310,4,144150,4,142650,8,80
13:39:48.0,141310,4,144140,1,142650,8,80
13:39:48.500,141310,4,144130,4,142650,8,80
13:39:49.0,141310,4,144130,4,142650,8,80
13:39:49.500,141310,4,144120,1,142650,8,80
13:39:50.0,141310,4,144110,4,142650,8,80
13:39:50.500,141310,4,144110,4,142650,8,80
13:39:51.0,141310,4,144100,1,142650,8,80
13:39:51.500,141310,4,144090,4,142650,8,80
13:39:52.0,141310,4,144090,4,142650,8,80
13:39:52.500,141310,4,144080,1,142650,8,80
13:39:53.0,141310,4,144070,4,142650,8,80
13:39:53.500,141310,4,144070,4,142650,8,80
13:39:54.0,141310,4,144060,1,142650,8,80
13:39:54.500,141310,4,144050,4,142650,8,80
13:39:55.0,141310,4,144050,4,142650,8,80
13:39:55.500,141310,4,144040,1,142650,8,80
13:39:56.0,141310,4,144030,4,142650,8,80
13:39:56.500,141310,4,144030,4,142650,8,80
13:39:57.0,141310,4,144020,1,142650,8,80
13:39:57.500,141310,4,144010,4,142650,8,80
13:39:58.0,141310,4,144010,4,142650,8,80
13:39:58.500,141310,4,144000,1,142650,8,80
13:39:59.0,141310,4,143990,4,142650,8,80
13:39:59.500,141310,4,143990,4,142650,8,80
13:40:00.0,141310,4,143980,1,142650,8,80
13:40:00.500,141310,4,143970,4,142650,8,80
13:40:01.0,141310,4,143970,4,142650,8,80
13:40:01.500,141310,4,143960,1,142650,8,80
13:40:02.0,141310,4,143950,4,142650,8,80
13:40:02.500,141310,4,143950,4,142650,8,80
13:40:03.0,141310,4,143940,1,142650,8,80
13:40:03.500,141310,4,143930,4,142650,8,80
13:40:04.0,141310,4,143930,4,142650,8,80
13:40:04.500,141310,4,143920,1,142650,8,80
13:40:05.0,141310,4,143910,4,142650,8,80
13:40:05.500,141310,4,143910,4,142650,8,80
13:40:06.0,141310,4,143900,1,142650,8,80
13:40:06.500,141310,4,143890,4,142650,8,80
13:40:07.0,141310,4,143890,4,142650,8,80
13:40:07.500,141310,4,143880,1,142650,8,80
13:40:08.0,141310,4,143870,4,142650,8,80
13:40:08.500,141310,4,143870,4,142650,8,80
13:40:09.0,141310,4,143860,1,142650,8,80
13:40:09.500,141310,4,143850,4,142650,8,80
13:40:10.0,141310,4,143850,4,142650,8,80
13:40:10.500,141310,4,143840,1,142650,8,80
13:40:11.0,141310,4,143830,4,142650,8,80
13:40:11.500,141310,4,143830,4,142650,8,80
13:40:12.0,141310,4,143820,1,142650,8,80
13:40:12.500,141310,4,143810,4,142650,8,80
13:40:13.0,141310,4,143810,4,142650,8,80
13:40:13.500,141310,4,143800,1,142650,8,80
13:40:14.0,141310,4,143790,4,142650,8,80
13:40:14.500,141310,4,143790,4,142650,8,80
13:40:15.0,141310,4,143780,1,142650,8,80
13:40:15.500,141310,4,143770,4,142650,8,80
13:40:16.0,141320,4,143770,4,142650,8,80
13:40:16.500,141330,4,143760,1,142650,8,80
13:40:17.0,141330,4,143750,4,142650,8,80
13:40:17.500,141330,4,143750,4,142650,8,80
13:40:18.0,141330,4,143740,1,142650,8,80
13:40:18.500,141330,4,143730,4,142650,8,80
13:40:24.0,141330,4,143730,4,142650,8,80
13:43:29.0,141340,4,143720,4,142650,8,80
13:46:30.500,141350,4,143710,4,142650,8,80
13:47:24.500,141350,4,143200,4,142650,8,80
13:47:25.0,141350,4,143190,2,142650,8,80
13:49:31.500,141360,4,143190,2,142650,8,80
13:50:26.500,141360,4,143180,3,142650,8,80
13:52:48.0,141370,4,143180,3,142650,8,80
13:53:29.0,141370,4,143170,3,142650,8,80
13:55:54.500,141380,4,143170,3,142650,8,80
13:56:32.0,141380,4,143160,3,142650,8,80
13:59:18.500,141390,4,143160,3,142650,8,80
13:59:41.0,141390,4,143150,2,142650,8,80
14:03:02.0,141400,4,143140,2,142650,8,80
14:06:24.500,141410,4,143130,2,142650,8,80
14:09:31.0,141420,4,143120,2,142650,8,80
14:12:34.500,141430,4,143110,2,142650,8,80
14:15:35.500,141440,4,143100,2,142650,8,80
14:18:47.0,141450,4,143090,2,142650,8,80
14:21:47.500,141460,4,143080,2,142650,8,80
14:24:52.500,141470,4,143070,1,142650,8,80
14:27:53.0,141480,4,143060,1,142650,8,80
14:30:02.0,141480,4,143060,1,142650,8,80
14:31:00.0,141490,4,143050,1,142650,8,80
14:34:02.500,141500,4,143040,2,142650,8,80
14:37:06.500,141510,4,143030,2,142650,8,80
14:40:09.0,141520,4,143020,1,142650,8,80
14:43:18.500,141530,4,143010,2,142650,8,80
14:46:24.0,141540,4,143000,2,142650,8,80
14:49:30.0,141550,4,142990,2,142650,8,80
14:52:30.500,141560,4,142980,1,142650,8,80
14:55:45.0,141570,4,143200,4,142650,8,80
14:55:45.500,141570,4,143190,2,142650,8,80
14:58:46.0,141580,4,143180,2,142650,8,80
14:58:59.500,141580,4,143180,2,142650,8,80
14:59:49.500,140730,1,143200,4,142650,8,80
14:59:50.0,140740,4,143200,4,142650,8,80
14:59:50.500,140740,4,143200,4,142650,8,80
14:59:51.0,140740,4,143200,4,142650,8,80
