21:00:00.0,583.6,2,585.4,1,585,2,1136
21:00:00.0,583.8,1,585.4,1,585,2,1136
21:00:01.0,584.4,11,585.8,1,585,2,1136
21:00:02.0,584.4,2,585.8,1,585,2,1136
21:00:02.0,584.2,6,585.8,1,585,2,1136
21:00:03.0,583.8,10,585.8,1,585,2,1136
21:00:03.0,583.8,8,585.6,1,585,2,1136
21:00:04.0,583.8,2,585.2,1,585,2,1136
21:00:04.0,584.2,1,585.8,1,585,2,1136
21:00:05.0,584.8,1,585.8,1,585,2,1136
21:00:07.0,584.4,1,585.8,1,585,2,1136
21:00:09.0,584.2,1,585.8,1,585,2,1136
21:00:12.0,584,1,585.8,1,585,2,1136
21:00:14.0,584,1,585.6,1,585,2,1136
21:00:17.0,583.8,1,585.6,1,585,2,1136
21:00:22.0,584.2,1,585.2,1,585,2,1136
21:00:23.0,583.8,1,585.2,1,585,2,1136
21:00:27.0,584.2,1,585.2,1,585,2,1136
21:00:30.0,584,1,585.2,1,584.2,4,1134
21:00:33.0,583.8,1,585.2,1,584.2,4,1134
21:00:34.0,583.8,1,585,1,584.2,4,1134
21:00:39.0,583.8,1,585.4,1,585,6,1136
21:00:45.0,583.8,1,585,1,585,6,1136
21:00:46.0,583.4,1,585,1,583.8,8,1136
21:00:46.0,583.6,1,585,1,583.8,8,1136
21:00:48.0,583.6,1,584.8,1,583.8,8,1136
21:00:53.0,583.6,1,584.6,1,583.8,8,1136
21:00:55.0,583.8,1,584.6,1,583.8,8,1136
21:00:58.0,583.8,1,585,1,584.6,10,1138
21:00:59.0,583.8,1,584.8,1,584.6,10,1138
21:01:00.0,583.8,2,584.8,1,584.6,10,1138
21:01:01.0,583.8,1,584.8,1,584.6,10,1138
21:01:03.0,583.8,1,584.8,1,583.8,12,1136
21:01:05.0,583.8,1,584.6,1,583.8,12,1136
21:01:06.0,583.4,1,584.4,1,583.8,12,1136
21:01:10.0,583.4,1,584.6,1,583.8,12,1136
21:01:10.0,583.2,1,584.6,1,583.8,12,1136
21:01:15.0,583.2,1,584.4,1,583.8,12,1136
21:01:19.0,583.2,1,584.4,1,584.4,14,1138
21:01:23.0,583.4,3,584.4,1,584.4,14,1138
21:01:33.0,583.4,1,584.4,1,584.4,14,1138
21:01:34.0,583.2,1,584.4,1,584.4,14,1138
21:01:38.0,583.6,2,584.4,1,584.4,14,1138
21:01:41.0,583.2,1,584.4,1,584.4,14,1138
21:01:45.0,583.4,2,584.4,1,584.4,14,1138
21:01:51.0,583.4,3,584.4,1,584.4,14,1138
21:01:51.0,583.4,2,584.4,1,584.4,14,1138
21:01:56.0,583.4,3,584.4,1,584.4,14,1138
21:01:56.0,583.4,3,584.2,1,584.4,14,1138
21:02:03.0,583.4,2,584.2,1,584.4,14,1138
21:02:08.0,583.4,3,584.2,1,584.4,14,1138
21:02:09.0,583.4,2,584.2,1,584.4,14,1138
21:02:11.0,583.4,4,584.2,1,584.4,14,1138
21:02:11.0,583.4,4,584,1,584.4,14,1138
21:02:12.0,583.4,4,584.2,1,584.4,14,1138
21:02:29.0,583.4,4,584,1,584.4,14,1138
21:03:07.0,583.4,4,583.8,1,584.4,14,1138
21:03:25.0,583.4,4,583.6,1,584.4,14,1138
21:03:25.0,583.4,4,583.8,1,584.4,14,1138
21:03:26.0,583.4,3,584,1,583.4,16,1138
21:03:32.0,583.4,3,583.8,1,583.4,16,1138
21:03:36.0,583.4,3,583.8,1,583.8,18,1140
21:03:42.0,583.4,3,584,1,583.8,18,1140
21:03:50.0,583.4,3,584.2,1,583.8,18,1140
21:04:06.0,583.4,4,584.2,1,583.8,18,1140
21:04:07.0,583.4,4,584.4,1,583.8,18,1140
21:04:21.0,583.4,3,584.4,1,583.8,18,1140
21:04:26.0,583.4,3,584.2,1,583.8,18,1140
21:04:40.0,583.4,3,584.4,1,583.8,18,1140
21:04:41.0,583.8,1,584.6,1,583.8,18,1140
21:04:41.0,583.4,3,584.6,1,583.8,18,1140
21:04:53.0,583.4,3,584.8,1,583.8,18,1140
21:04:54.0,583.4,4,584.8,1,583.8,18,1140
21:04:54.0,583.4,3,584.8,1,583.8,18,1140
21:05:05.0,583.4,4,584.2,1,583.8,18,1140
21:05:12.0,583.4,4,584.4,1,583.8,18,1140
21:05:12.0,583.4,4,583.8,1,583.8,18,1140
21:05:32.0,583.6,1,583.8,1,583.8,18,1140
21:05:33.0,583.4,4,583.8,1,583.8,18,1140
21:05:53.0,583.6,1,583.8,1,583.8,18,1140
21:05:54.0,583.4,3,583.8,2,583.8,18,1140
21:05:57.0,583.4,3,583.8,1,583.8,18,1140
21:05:57.0,583.4,4,583.8,1,583.8,18,1140
21:06:40.0,583.4,3,583.8,1,583.8,18,1140
21:06:44.0,583.8,1,584.4,1,583.8,20,1140
21:07:06.0,584,1,584.6,1,583.8,20,1140
21:07:07.0,583.8,1,584.6,1,583.8,20,1140
21:07:28.0,583.8,1,584.4,1,583.8,20,1140
21:07:53.0,584.2,1,584.8,1,583.8,20,1140
21:07:53.0,584,1,584.8,1,583.8,20,1140
21:08:27.0,583.8,1,584.4,1,583.8,20,1140
21:08:28.0,583.8,1,584.8,1,583.8,20,1140
21:08:30.0,583.8,1,584.8,2,583.8,20,1140
21:08:30.0,583.8,1,584.4,1,583.8,20,1140
21:08:31.0,584,1,584.8,2,583.8,20,1140
21:08:45.0,583.6,1,584.8,2,584,22,1140
21:09:03.0,583.6,1,584.6,1,584,22,1140
21:09:03.0,583.6,1,584.8,2,584,22,1140
21:09:07.0,583.6,1,584.6,1,584,22,1140
21:09:16.0,583.6,1,584.8,2,584,22,1140
21:09:20.0,583.4,3,584.8,2,584,22,1140
21:09:28.0,583.4,3,584.6,1,584,22,1140
21:09:38.0,583.4,3,584.4,1,584,22,1140
21:09:48.0,583.4,3,584,1,584,22,1140
21:09:49.0,583.4,3,584.4,1,584,22,1140
21:10:35.0,583.4,3,584,1,584,22,1140
21:10:43.0,583.4,3,584.4,1,584,22,1140
21:10:51.0,583.4,3,584,1,584,22,1140
21:10:55.0,583.4,1,583.6,1,583.4,26,1142
21:10:56.0,583,1,583.6,1,583.4,28,1144
21:11:01.0,583,1,583.4,1,583.4,28,1144
21:11:03.0,583,1,583.6,1,583.4,28,1144
21:11:19.0,583,2,583.6,1,583.4,28,1144
21:11:24.0,583.2,1,584.2,1,583.4,28,1144
21:11:26.0,583,2,584.2,1,583.8,30,1142
21:11:33.0,583,1,584.2,1,583.8,30,1142
21:11:35.0,583,1,583.8,1,583.8,30,1142
21:11:42.0,583,1,584,1,583.8,30,1142
21:11:42.0,583,1,583.8,1,583.8,30,1142
21:11:52.0,583,1,583.6,1,583.8,30,1142
21:11:56.0,583,1,583.4,1,583.8,30,1142
21:11:59.0,583,1,583.6,1,583.8,30,1142
21:11:59.0,583,1,583.4,1,583.8,30,1142
21:12:02.0,583,1,583.6,1,583.8,30,1142
21:12:04.0,583,1,583.4,1,583.8,30,1142
21:12:08.0,583,1,583.2,1,583.8,30,1142
21:12:23.0,582.4,1,583.2,3,583,32,1144
21:12:29.0,582.4,1,583,1,583,32,1144
21:12:33.0,582.6,1,583,1,583,32,1144
21:12:51.0,582.6,1,583.2,1,583,32,1144
21:12:51.0,582.6,1,583,1,583,32,1144
21:12:53.0,582.6,1,583.2,1,583,32,1144
21:12:53.0,582.8,1,583.2,1,583,32,1144
21:12:57.0,582.6,1,583.2,1,583,32,1144
21:13:01.0,582.2,1,582.6,1,583,32,1144
21:13:17.0,582.2,1,583.2,1,583,32,1144
21:13:22.0,582.4,1,583,1,583,32,1144
21:13:22.0,582.4,1,583.2,1,583,32,1144
21:13:23.0,582.2,1,583,1,583,32,1144
21:13:24.0,581.8,1,583,1,583,32,1144
21:13:25.0,582,1,582.6,1,583,32,1144
21:13:25.0,582,1,583,1,583,32,1144
21:13:26.0,582,1,582.8,1,583,32,1144
21:13:26.0,582,1,583,1,583,32,1144
21:13:27.0,581.8,1,582.2,1,583,32,1144
21:13:29.0,581.8,1,582.6,1,583,32,1144
21:13:29.0,581.6,1,582,1,583,32,1144
21:13:31.0,581.6,1,582.6,1,583,32,1144
21:13:31.0,581.6,1,582,1,583,32,1144
21:13:32.0,581.6,1,582.2,1,583,32,1144
21:13:32.0,581.6,1,583,1,583,32,1144
21:13:33.0,581.6,1,582,1,583,32,1144
21:13:33.0,581.6,1,582.6,1,583,32,1144
21:13:37.0,581.8,1,582.6,1,583,32,1144
21:13:37.0,581.6,1,582.6,1,583,32,1144
21:13:38.0,581.6,1,583,1,583,32,1144
21:13:39.0,581.6,1,582.6,1,583,32,1144
21:13:41.0,581.6,1,583,1,583,32,1144
21:13:41.0,581.6,1,582.8,1,583,32,1144
21:13:42.0,581.6,1,583,1,583,32,1144
21:13:43.0,581.8,1,583,1,583,32,1144
21:13:50.0,582,1,583,1,583,32,1144
21:13:53.0,582,1,582.8,1,583,32,1144
21:13:59.0,581.8,1,582.6,1,583,32,1144
21:14:06.0,581.8,1,582.4,1,583,32,1144
21:14:10.0,582,1,582.4,1,583,32,1144
21:14:31.0,582,1,582.6,1,583,32,1144
21:14:32.0,582.2,1,582.6,1,583,32,1144
21:14:42.0,582,1,582.6,1,583,32,1144
21:14:43.0,582.2,1,582.6,1,583,32,1144
21:14:46.0,582.4,1,582.8,1,583,32,1144
21:14:58.0,582.4,1,583.2,1,583,32,1144
21:15:03.0,582.6,1,583.2,1,583,32,1144
21:15:05.0,582.6,1,583,1,583,32,1144
21:17:11.0,582.2,1,582.8,1,583,32,1144
21:17:11.0,582.2,1,583,1,583,32,1144
21:17:12.0,582.2,1,582.8,1,583,32,1144
21:17:45.0,582,1,582.4,1,583,32,1144
21:18:00.0,581.8,1,582.2,1,583,32,1144
21:18:04.0,581.8,1,582.4,1,583,32,1144
21:18:05.0,582,1,582.4,1,583,32,1144
21:19:01.0,581.8,1,582.2,1,583,32,1144
21:19:03.0,581.8,1,582.4,1,583,32,1144
21:19:06.0,581.8,1,582.2,1,583,32,1144
21:19:09.0,581.8,1,582.4,1,583,32,1144
21:19:22.0,581.8,1,582.2,1,583,32,1144
21:19:23.0,581.8,1,582.4,1,583,32,1144
21:19:37.0,581.8,1,582.2,1,583,32,1144
21:19:40.0,581.8,1,582.4,1,583,32,1144
21:19:40.0,581.8,1,582.2,1,583,32,1144
21:19:50.0,581.6,1,582,1,583,32,1144
21:20:03.0,581.4,1,581.8,1,583,32,1144
21:20:10.0,581.2,1,581.8,1,583,32,1144
21:20:38.0,581.2,1,581.6,1,583,32,1144
21:20:39.0,581.2,1,581.8,1,583,32,1144
21:20:44.0,581,2,581.8,1,583,32,1144
21:20:49.0,581,2,581.6,1,583,32,1144
21:20:53.0,581,2,581.8,1,583,32,1144
21:20:55.0,581.2,1,581.8,1,583,32,1144
21:20:56.0,581,2,581.4,1,583,32,1144
21:21:05.0,581.2,1,581.8,1,583,32,1144
21:21:05.0,581,2,581.8,1,583,32,1144
21:21:10.0,581.2,1,581.8,1,583,32,1144
21:21:22.0,581,2,581.4,1,583,32,1144
21:21:23.0,581,2,581.8,1,583,32,1144
21:21:26.0,581.2,1,581.8,1,583,32,1144
21:21:37.0,581.2,1,582,1,583,32,1144
21:21:38.0,581.2,1,581.8,1,583,32,1144
21:21:41.0,581.2,1,582,1,583,32,1144
21:21:41.0,581.6,1,582,1,583,32,1144
21:21:48.0,581.8,1,582.2,1,583,32,1144
21:21:48.0,582,1,582.4,1,583,32,1144
21:21:52.0,581.8,1,582.4,1,583,32,1144
21:22:08.0,581.8,1,582.8,1,583,32,1144
21:22:09.0,581.6,1,582.8,1,583,32,1144
21:22:11.0,581.6,1,582.4,1,583,32,1144
21:22:23.0,582.2,1,582.6,1,583,32,1144
21:22:36.0,582.4,1,582.8,1,583,32,1144
21:22:57.0,582.2,1,582.8,1,583,32,1144
21:22:58.0,582.2,1,582.6,1,583,32,1144
21:23:01.0,582.4,1,582.8,1,583,32,1144
21:23:05.0,582.2,1,582.8,1,583,32,1144
21:23:06.0,582.2,1,582.6,1,583,32,1144
21:23:10.0,581.8,1,582.4,1,583,32,1144
21:23:12.0,581.6,1,582.4,1,583,32,1144
21:23:14.0,581.8,1,582.4,1,583,32,1144
21:23:21.0,581.6,1,582.4,1,583,32,1144
21:23:23.0,581.8,1,582.4,1,583,32,1144
21:23:28.0,582,1,582.4,1,583,32,1144
21:23:34.0,581.8,1,582.4,1,583,32,1144
21:24:17.0,581.6,1,582.4,1,583,32,1144
21:24:19.0,581.8,1,582.4,1,583,32,1144
21:24:44.0,581.8,1,582.2,1,583,32,1144
21:25:13.0,581.8,1,582.4,1,583,32,1144
21:25:31.0,582,1,582.4,1,583,32,1144
21:25:52.0,581.8,1,582.4,1,583,32,1144
21:25:54.0,581.8,1,582.2,1,583,32,1144
21:25:55.0,581.8,1,582.4,1,583,32,1144
21:26:00.0,581.8,1,582.2,1,583,32,1144
21:26:40.0,581.8,1,582.4,1,583,32,1144
21:26:52.0,582,1,582.4,1,583,32,1144
21:27:15.0,581.8,1,582.4,1,583,32,1144
21:27:49.0,581.8,1,582.2,1,583,32,1144
21:28:01.0,581.8,1,582.4,1,583,32,1144
21:28:47.0,581.8,1,582.2,1,583,32,1144
21:28:53.0,582,1,582.4,1,583,32,1144
21:29:13.0,581.8,1,582.6,1,583,32,1144
21:29:34.0,582,1,582.6,1,583,32,1144
21:29:57.0,581.8,2,582.6,1,583,32,1144
21:30:04.0,582.2,1,582.6,1,583,32,1144
21:30:05.0,582.2,1,582.8,1,583,32,1144
21:30:29.0,582.2,1,583,1,583,32,1144
21:30:29.0,582.6,1,583,1,583,32,1144
21:31:28.0,582.8,1,583.2,1,583,32,1144
21:32:05.0,582.8,1,583.4,1,583,32,1144
21:32:20.0,582.2,1,583.4,1,583,32,1144
21:32:24.0,582.2,1,583.2,1,583,32,1144
21:32:34.0,582.8,1,583.2,1,583,32,1144
21:32:38.0,582.8,1,583.4,1,583,32,1144
21:32:41.0,582.8,1,583.2,1,583,32,1144
21:32:41.0,582.8,1,583.4,1,583,32,1144
21:32:42.0,582.8,1,583.2,1,583,32,1144
21:32:50.0,582.2,1,583.2,1,583,32,1144
21:32:53.0,582.2,1,583,1,583,32,1144
21:33:02.0,582.2,1,582.8,1,583,32,1144
21:33:02.0,582.2,1,583,1,583,32,1144
21:33:04.0,582.4,1,583,1,583,32,1144
21:33:19.0,582.4,1,582.8,1,583,32,1144
21:33:21.0,582.4,1,583,1,583,32,1144
21:33:23.0,582.6,1,583,1,583,32,1144
21:33:23.0,582.4,1,583,1,583,32,1144
21:33:31.0,582.6,1,583,1,583,32,1144
21:33:31.0,582.4,1,583,1,583,32,1144
21:33:33.0,582.6,1,583,1,583,32,1144
21:33:33.0,582.4,1,583,1,583,32,1144
21:33:36.0,582.6,1,583,1,583,32,1144
21:33:36.0,582.4,1,583,1,583,32,1144
21:33:39.0,582.6,1,583,1,583,32,1144
21:33:40.0,582.4,1,583,1,583,32,1144
21:33:46.0,582.6,1,583,1,583,32,1144
21:33:47.0,582.4,1,583,1,583,32,1144
21:33:49.0,582.6,1,583,1,583,32,1144
21:33:49.0,582.4,1,583,1,583,32,1144
21:33:53.0,582.8,1,583.2,1,583,32,1144
21:33:53.0,582.4,1,583.2,1,583,32,1144
21:34:01.0,582.2,1,583.2,1,583,32,1144
21:34:08.0,582.8,1,583.2,1,583,32,1144
21:34:08.0,582.2,1,583.2,1,583,32,1144
21:34:28.0,582.2,1,583,1,583,32,1144
21:34:32.0,582.2,1,583.2,1,583,32,1144
21:34:34.0,582.2,1,583.4,1,583,32,1144
21:34:36.0,583,1,583.4,1,583,32,1144
21:34:36.0,582.2,1,583.4,1,583,32,1144
21:34:37.0,582.2,1,583.6,1,583,32,1144
21:34:46.0,582.2,1,583.8,1,583,32,1144
21:34:49.0,582.8,1,583.8,1,583,32,1144
21:35:03.0,583,1,583.8,1,583,32,1144
21:35:06.0,583,2,583.8,1,583,32,1144
21:35:08.0,583,2,583.6,1,583,32,1144
21:35:12.0,583,2,583.8,1,583,32,1144
21:35:24.0,583,2,583.6,1,583,32,1144
21:35:28.0,583,2,583.8,1,583,32,1144
21:35:31.0,583.2,1,583.8,1,583,32,1144
21:35:32.0,583.2,1,583.6,1,583,32,1144
21:35:37.0,583.2,1,584,3,583.6,34,1142
21:35:39.0,583,2,584,3,583.6,34,1142
21:35:42.0,583,1,584,3,583.6,34,1142
21:35:43.0,583,1,583.8,1,583.6,34,1142
21:35:46.0,583,1,583.8,2,583.6,34,1142
21:36:02.0,583,1,583.6,1,583.6,34,1142
21:36:06.0,583,1,583.8,1,583.6,34,1142
21:36:26.0,583,1,583.8,3,583.6,34,1142
21:36:27.0,583,1,583.6,3,583.6,34,1142
21:36:28.0,583,1,583.8,3,583.6,34,1142
21:36:28.0,582.8,1,583.8,3,583.6,34,1142
21:36:30.0,582.8,1,583.6,3,583.6,34,1142
21:36:30.0,582.8,1,583.8,3,583.6,34,1142
21:36:41.0,582.8,1,583.8,1,583.6,34,1142
21:36:52.0,583,1,583.8,1,583.6,34,1142
21:37:12.0,583,1,584,3,583.6,34,1142
21:37:19.0,583,1,583.8,3,583.6,34,1142
21:37:19.0,583,1,584,3,583.6,34,1142
21:37:22.0,583,1,583.8,2,583.6,34,1142
21:37:42.0,583,1,583.8,3,583.6,34,1142
21:37:43.0,582.8,1,583.4,3,583.6,34,1142
21:37:44.0,582.8,1,583.8,3,583.6,34,1142
21:37:44.0,582.8,1,583.4,3,583.6,34,1142
21:37:44.0,582.8,1,583.6,3,583.6,34,1142
21:37:49.0,582.8,1,583.8,2,583.6,34,1142
21:37:50.0,582.8,1,583.6,3,583.6,34,1142
21:37:50.0,582.8,1,583.8,3,583.6,34,1142
21:37:51.0,582.8,1,583.6,3,583.6,34,1142
21:37:51.0,582.8,1,583.8,3,583.6,34,1142
21:37:54.0,582.8,1,583.6,3,583.6,34,1142
21:37:55.0,582.8,1,583.8,3,583.6,34,1142
21:37:56.0,582.8,1,583.4,3,583.6,34,1142
21:37:56.0,582.2,1,583.8,2,583.6,34,1142
21:37:57.0,582.2,1,583.6,3,583.6,34,1142
21:37:59.0,582.6,1,583.6,3,583.6,34,1142
21:38:06.0,582.6,1,583.4,3,583.6,34,1142
21:38:06.0,582.6,1,583.6,3,583.6,34,1142
21:38:06.0,582.6,1,583.8,2,583.6,34,1142
21:38:07.0,582.6,1,583.8,3,583.6,34,1142
21:38:10.0,582.6,1,583.6,2,583.6,34,1142
21:38:13.0,582.2,1,583,3,583.6,34,1142
21:38:15.0,582.2,1,583.6,2,583.6,34,1142
21:38:15.0,582.2,1,583.6,3,583.6,34,1142
21:38:15.0,582.2,1,583.6,2,583.6,34,1142
21:38:17.0,582.6,1,583.6,3,583.6,34,1142
21:38:20.0,582.6,1,583.4,1,583.6,34,1142
21:38:25.0,582.6,1,583.6,3,583.6,34,1142
21:38:34.0,582.6,1,583.6,2,583.6,34,1142
21:38:47.0,583,1,583.6,2,583.6,34,1142
21:38:48.0,583,1,583.6,1,583.6,34,1142
21:38:48.0,583.2,1,583.8,3,583.6,34,1142
21:38:49.0,583,1,583.8,3,583.6,34,1142
21:38:50.0,582.6,1,583.8,3,583.6,34,1142
21:38:57.0,582.8,1,583.8,3,583.6,34,1142
21:39:12.0,582.8,1,583.6,1,583.6,34,1142
21:39:21.0,582.8,1,583.4,3,583.6,34,1142
21:39:28.0,583,1,583.6,1,583.6,34,1142
21:39:32.0,583,1,583.6,3,583.6,34,1142
21:39:34.0,583,1,583.6,2,583.6,34,1142
21:39:35.0,583,1,583.6,1,583.6,34,1142
21:39:36.0,583,1,583.6,3,583.6,34,1142
21:39:38.0,583,1,583.6,1,583.6,34,1142
21:39:39.0,583,1,583.6,2,583.6,34,1142
21:39:39.0,583,1,583.6,3,583.6,34,1142
21:39:40.0,583,1,583.6,2,583.6,34,1142
21:39:43.0,583,1,583.6,3,583.6,34,1142
21:39:51.0,582.8,1,583,4,583,36,1140
21:39:57.0,582.4,1,583,3,583,38,1138
21:40:00.0,582.6,1,583,3,583,38,1138
21:40:48.0,582.4,1,583,3,583,38,1138
21:40:50.0,582.8,1,583,3,583,38,1138
21:41:10.0,582.6,1,583,2,583,40,1136
21:41:11.0,582.4,1,583,2,583,40,1136
21:41:44.0,582.6,1,583,2,583,40,1136
21:41:53.0,582.2,1,583,2,583,40,1136
21:42:00.0,582,1,583,3,583,40,1136
21:42:07.0,582,1,583,2,583,40,1136
21:42:10.0,581.8,2,583,2,583,40,1136
21:42:22.0,582,1,583,2,583,40,1136
21:42:23.0,581.8,2,583,2,583,40,1136
21:42:25.0,581.8,2,583,3,583,40,1136
21:42:33.0,582,1,583,3,583,40,1136
21:42:36.0,581.8,2,582.8,1,583,40,1136
21:42:42.0,581.8,2,583,3,583,40,1136
21:42:45.0,581.8,2,582.8,1,583,40,1136
21:42:50.0,581.8,2,583,3,583,40,1136
21:43:14.0,581.8,2,582.8,1,583,40,1136
21:43:17.0,581.8,2,583,3,583,40,1136
21:43:18.0,582,1,583,3,583,40,1136
21:43:47.0,581.8,2,582.8,1,583,40,1136
21:43:47.0,581.8,2,583,3,583,40,1136
21:43:48.0,581.8,1,583,3,583,40,1136
21:43:56.0,581.8,1,582.4,1,583,40,1136
21:44:18.0,581.8,1,582.8,1,583,40,1136
21:44:23.0,581.8,1,583,3,583,40,1136
21:45:02.0,582,1,583,3,583,40,1136
21:45:04.0,581.8,1,582.6,1,583,40,1136
21:45:04.0,581.8,1,583,3,583,40,1136
21:45:13.0,581.8,2,583,3,583,40,1136
21:45:27.0,582,1,583,3,583,40,1136
21:45:34.0,581.8,2,583,3,583,40,1136
21:45:43.0,581.8,2,582.8,1,583,40,1136
21:46:03.0,582,1,582.8,1,583,40,1136
21:46:25.0,581.8,2,582.8,1,583,40,1136
21:46:46.0,581.8,1,582.8,1,581.8,44,1134
21:47:00.0,581.6,1,582.8,1,581.8,44,1134
21:47:15.0,581.2,1,582.4,1,581.8,44,1134
21:47:50.0,581.2,1,582.2,1,581.8,44,1134
21:47:50.0,581.2,1,582.4,1,581.8,44,1134
21:48:01.0,581.2,1,582.2,1,581.8,44,1134
21:48:01.0,581.2,1,582.4,1,581.8,44,1134
21:48:02.0,581.2,1,582.2,1,581.8,44,1134
21:48:05.0,581.2,1,582.4,1,581.8,44,1134
21:48:28.0,581.4,1,582.4,1,581.8,44,1134
21:48:48.0,581.4,1,582.6,1,581.8,44,1134
21:48:52.0,581.8,1,582.8,1,581.8,44,1134
21:49:07.0,581.4,1,582.8,1,581.8,44,1134
21:49:56.0,581.6,1,582.8,1,581.8,44,1134
21:49:57.0,581.6,1,582.6,1,581.8,44,1134
21:50:07.0,581.6,1,582.8,1,581.8,44,1134
21:50:12.0,581.4,1,582.6,1,581.8,44,1134
21:50:19.0,581.4,1,582.8,1,581.8,44,1134
21:50:25.0,581.4,1,582.6,1,581.8,44,1134
21:50:34.0,581.4,1,582.4,1,581.8,44,1134
21:50:42.0,581.6,1,582.6,1,581.8,44,1134
21:50:55.0,581.4,1,582.6,1,581.8,44,1134
21:50:55.0,581.6,1,582.6,1,581.8,44,1134
21:50:57.0,581.4,1,582.6,1,581.8,44,1134
21:51:33.0,581.6,1,582.6,1,581.8,44,1134
21:51:34.0,581.4,1,582.6,1,581.8,44,1134
21:51:43.0,581.4,1,582.8,1,581.8,44,1134
21:52:11.0,581.6,1,582.8,1,581.8,44,1134
21:52:21.0,581.6,1,582.6,1,581.8,44,1134
21:52:36.0,581.6,1,582.8,1,581.8,44,1134
21:53:16.0,581.6,1,583,1,581.8,44,1134
21:53:27.0,581.4,1,583,1,581.8,44,1134
21:53:41.0,581.6,1,583,1,581.8,44,1134
21:53:54.0,581.8,1,583,1,581.8,44,1134
21:53:57.0,582,1,583,1,581.8,44,1134
21:53:57.0,581.8,1,583,1,581.8,44,1134
21:54:09.0,581.8,1,582.8,1,581.8,44,1134
21:54:36.0,581.4,1,582.8,1,581.8,44,1134
21:54:46.0,581.6,1,582.8,1,581.8,44,1134
21:54:52.0,581.8,1,582.8,1,581.8,44,1134
21:54:52.0,581.6,1,582.8,1,581.8,44,1134
21:54:54.0,581.8,1,582.8,1,581.8,44,1134
21:54:55.0,581.6,1,582.8,1,581.8,44,1134
21:55:08.0,581.4,1,582.8,1,581.8,44,1134
21:55:16.0,581.6,1,582.8,1,581.8,44,1134
21:55:18.0,581.6,1,582.6,1,581.8,44,1134
21:55:22.0,581.4,1,582.6,1,581.8,44,1134
21:55:25.0,581.4,1,582.4,1,581.8,44,1134
21:55:27.0,581.4,1,582.6,1,581.8,44,1134
21:55:37.0,581.2,1,582.6,1,581.8,44,1134
21:55:37.0,581.2,1,582.4,1,581.8,44,1134
21:55:44.0,581.2,1,582.6,1,581.8,44,1134
21:55:44.0,581.2,1,582.4,1,581.8,44,1134
21:55:46.0,581.2,1,582.6,1,581.8,44,1134
21:55:46.0,581.4,1,582.6,1,581.8,44,1134
21:55:49.0,581.2,1,582.6,1,581.8,44,1134
21:55:50.0,581.4,1,582.6,1,581.8,44,1134
21:55:50.0,581.2,1,582.6,1,581.8,44,1134
21:55:54.0,581.4,1,582.6,1,581.8,44,1134
21:57:16.0,581.2,1,582.6,1,581.8,44,1134
21:57:51.0,581.2,1,582.2,1,581.8,44,1134
21:57:51.0,581.2,1,582.6,1,581.8,44,1134
21:58:02.0,581.2,1,582.4,1,581.8,44,1134
21:58:07.0,581.4,1,582.4,1,581.8,44,1134
21:58:12.0,581.4,1,582.6,1,581.8,44,1134
21:58:44.0,581.2,1,582.6,1,581.8,44,1134
22:00:29.0,581.2,1,582.2,1,581.8,44,1134
22:00:32.0,581.2,1,582.6,1,581.8,44,1134
22:00:32.0,581.2,1,582.4,1,581.8,44,1134
22:00:34.0,581.2,1,582.6,1,581.8,44,1134
22:00:45.0,581.4,1,582.6,1,581.8,44,1134
22:00:48.0,581.2,1,582.6,1,581.8,44,1134
22:01:09.0,581.4,1,582.6,1,581.8,44,1134
22:01:15.0,581.6,1,582.6,1,581.8,44,1134
22:02:22.0,581.6,1,582.8,1,581.8,44,1134
22:02:25.0,581.8,1,582.8,1,581.8,44,1134
22:02:28.0,581.6,1,582.8,1,581.8,44,1134
22:03:26.0,581.6,2,582.8,1,581.8,44,1134
22:04:11.0,581.8,1,582.8,1,581.8,44,1134
22:04:24.0,581.8,1,582.4,1,581.8,44,1134
22:04:30.0,581.8,1,582.8,1,581.8,44,1134
22:04:31.0,581.8,1,582.6,1,581.8,44,1134
22:05:01.0,581.8,1,582.2,1,581.8,44,1134
22:05:09.0,581.8,1,582.6,1,581.8,44,1134
22:05:10.0,581.8,1,582.4,1,581.8,44,1134
22:05:10.0,581.8,1,582.6,1,581.8,44,1134
22:05:11.0,581.8,1,582.4,1,581.8,44,1134
22:05:11.0,581.8,1,582.6,1,581.8,44,1134
22:05:12.0,581.8,1,582.4,1,581.8,44,1134
22:05:12.0,581.8,1,582.6,1,581.8,44,1134
22:05:13.0,581.8,1,582.4,1,581.8,44,1134
22:05:13.0,581.8,1,582.6,1,581.8,44,1134
22:05:14.0,581.8,1,582.4,1,581.8,44,1134
22:05:14.0,581.8,1,582.6,1,581.8,44,1134
22:05:15.0,581.8,1,582.4,1,581.8,44,1134
22:05:15.0,581.8,1,582.6,1,581.8,44,1134
22:05:16.0,581.8,1,582.4,1,581.8,44,1134
22:05:18.0,581.8,1,582.6,1,581.8,44,1134
22:05:18.0,581.6,1,582.6,1,581.8,44,1134
22:05:23.0,581.4,1,582.6,1,581.8,44,1134
22:05:35.0,581.4,1,582.4,1,581.8,44,1134
22:05:45.0,581.2,1,582.4,1,581.8,44,1134
22:05:58.0,581.2,1,582.6,1,581.8,44,1134
22:06:08.0,581.6,1,582.6,1,581.8,44,1134
22:06:13.0,581.2,1,582.6,1,581.8,44,1134
22:06:17.0,581.2,2,582.6,1,581.8,44,1134
22:06:27.0,581.4,1,582.6,1,581.8,44,1134
22:06:42.0,581.4,1,582.4,1,581.8,44,1134
22:06:52.0,581.4,1,582.6,1,581.8,44,1134
22:07:18.0,581.2,2,582.6,1,581.8,44,1134
22:07:38.0,581.2,2,582.2,1,581.8,44,1134
22:08:20.0,581.2,2,582.4,1,581.8,44,1134
22:08:29.0,581.2,2,582.2,1,581.8,44,1134
22:08:54.0,581.2,1,582.2,1,581.8,44,1134
22:09:07.0,581.2,1,582,1,581.8,44,1134
22:09:07.0,581.2,1,582.2,1,581.8,44,1134
22:09:19.0,581.2,1,582,1,581.8,44,1134
22:09:21.0,581.2,1,582.2,1,581.8,44,1134
22:09:30.0,581.2,2,582.2,1,581.8,44,1134
22:09:34.0,581.2,1,582.2,1,581.8,44,1134
22:09:43.0,581.2,2,582.2,1,581.8,44,1134
22:09:45.0,581.2,1,582.2,1,581.8,44,1134
22:09:47.0,581.2,1,582,1,581.8,44,1134
22:09:53.0,581,2,582,1,581.8,44,1134
22:09:59.0,581.4,1,582.4,1,581.8,44,1134
22:10:01.0,581.6,1,582.6,1,581.8,44,1134
22:10:01.0,581.2,1,582.6,1,581.8,44,1134
22:10:06.0,581.2,1,582.4,1,581.8,44,1134
22:10:09.0,581.2,1,582.2,1,581.8,44,1134
22:10:20.0,581.4,1,582.4,1,581.8,44,1134
22:10:23.0,581.4,1,582.6,1,581.8,44,1134
22:10:28.0,581.2,1,582.6,1,581.8,44,1134
22:10:29.0,581.4,1,582.6,1,581.8,44,1134
22:10:29.0,581.2,1,582.6,1,581.8,44,1134
22:10:29.0,581.2,1,582.2,1,581.8,44,1134
22:10:30.0,581.4,1,582.6,1,581.8,44,1134
22:10:31.0,581.2,1,582.4,1,581.8,44,1134
22:10:33.0,581.4,1,582.4,1,581.8,44,1134
22:10:35.0,581.2,1,582.4,1,581.8,44,1134
22:10:46.0,581.2,1,582.6,1,581.8,44,1134
22:10:52.0,581.2,1,582.2,1,581.8,44,1134
22:10:54.0,581.2,1,582.4,1,581.8,44,1134
22:10:54.0,581.4,1,582.4,1,581.8,44,1134
22:10:56.0,581.2,1,582.4,1,581.8,44,1134
22:10:56.0,581.6,1,582.6,1,581.8,44,1134
22:11:27.0,581.8,1,582.8,1,581.8,44,1134
22:11:28.0,581.6,1,582.8,1,581.8,44,1134
22:11:35.0,581.6,1,582.6,1,581.8,44,1134
22:11:38.0,581.6,2,582.6,1,581.8,44,1134
22:11:46.0,581.8,1,582.8,1,581.8,44,1134
22:11:47.0,581.6,2,582.6,1,581.8,44,1134
22:11:53.0,581.6,2,582.8,1,581.8,44,1134
22:11:54.0,581.6,2,582.6,1,581.8,44,1134
22:12:22.0,581.6,2,582.8,1,581.8,44,1134
22:12:26.0,581.6,2,582.6,1,581.8,44,1134
22:12:30.0,581.6,2,582.8,1,581.8,44,1134
22:12:58.0,581.8,1,582.8,1,581.8,44,1134
22:13:10.0,581.6,2,582.8,1,581.8,44,1134
22:13:11.0,581.8,1,582.8,1,581.8,44,1134
22:13:14.0,581.6,2,582.8,1,581.8,44,1134
22:13:29.0,581.6,2,582.6,1,581.8,44,1134
22:13:33.0,581.8,1,582.8,1,581.8,44,1134
22:13:35.0,581.6,2,582.8,1,581.8,44,1134
22:13:51.0,581.8,1,582.8,1,581.8,44,1134
22:13:53.0,581.6,2,582.8,1,581.8,44,1134
22:14:45.0,581.6,2,582.6,1,581.8,44,1134
22:15:09.0,581.6,2,582.8,1,581.8,44,1134
22:15:19.0,581.6,2,582.6,1,581.8,44,1134
22:15:19.0,581.6,2,582.8,1,581.8,44,1134
22:15:29.0,581.6,2,582.6,1,581.8,44,1134
22:15:56.0,581.6,2,582.8,1,581.8,44,1134
22:16:30.0,581.8,1,582.8,1,581.8,44,1134
22:18:56.0,581.6,2,582.6,1,581.8,44,1134
22:18:57.0,581.6,2,582.8,1,581.8,44,1134
22:19:19.0,581.6,1,582.8,1,581.8,44,1134
22:19:56.0,581.6,1,582.6,1,581.8,44,1134
22:20:18.0,581.6,1,582.8,1,581.8,44,1134
22:20:59.0,581.6,1,582.6,1,581.8,44,1134
22:21:00.0,581.6,1,582.8,1,581.8,44,1134
22:21:05.0,581.6,1,582.6,1,581.8,44,1134
22:21:33.0,581.6,1,582.4,1,581.8,44,1134
22:21:43.0,581.6,1,582.2,1,581.8,44,1134
22:21:51.0,581.6,1,582.4,1,581.8,44,1134
22:22:21.0,581.6,1,582.2,1,581.8,44,1134
22:22:22.0,581.6,1,582.4,1,581.8,44,1134
22:24:33.0,581.6,1,582.2,1,581.8,44,1134
22:24:44.0,581.6,1,582.4,1,581.8,44,1134
22:25:03.0,581.4,1,582.4,1,581.6,46,1134
22:25:08.0,581.4,2,582.4,1,581.6,46,1134
22:25:17.0,581.4,2,582.6,1,581.6,46,1134
22:25:23.0,581.8,1,582.8,1,581.6,46,1134
22:25:28.0,581.4,2,582.6,1,581.6,46,1134
22:25:44.0,581.6,1,582.6,1,581.6,46,1134
22:25:56.0,581.6,1,582.8,1,581.6,46,1134
22:26:08.0,581.8,1,582.8,1,581.6,46,1134
22:26:49.0,581.6,1,582.8,1,581.6,46,1134
22:26:53.0,581.6,1,583,1,581.6,46,1134
22:28:12.0,582,1,583,1,581.6,46,1134
22:28:21.0,581.4,2,583,1,581.6,46,1134
22:28:23.0,582,1,583,1,581.6,46,1134
22:28:41.0,581.4,2,583,1,581.6,46,1134
22:28:41.0,581.4,2,582.8,1,581.6,46,1134
22:29:00.0,581.6,1,582.8,1,581.6,46,1134
22:29:51.0,582,1,583,1,581.6,46,1134
22:30:03.0,581.6,1,583,1,581.6,46,1134
22:30:19.0,581.6,1,582.8,1,581.6,46,1134
22:30:32.0,581.8,1,582.8,1,581.6,46,1134
22:30:35.0,581.8,1,583,1,581.6,46,1134
22:30:47.0,581.8,1,582.8,1,581.6,46,1134
22:31:19.0,581.8,1,583,1,581.6,46,1134
22:31:44.0,582,1,583,1,581.6,46,1134
22:31:53.0,581.8,1,583,1,581.6,46,1134
22:32:15.0,581.8,1,583.2,1,581.6,46,1134
22:32:15.0,581.8,1,582.8,1,581.6,46,1134
22:32:22.0,581.8,1,583,1,581.6,46,1134
22:32:29.0,581.8,1,583.2,1,581.6,46,1134
22:32:36.0,581.8,1,583,1,581.6,46,1134
22:32:56.0,581.8,1,583.2,1,581.6,46,1134
22:33:44.0,581.8,1,583,1,581.6,46,1134
22:33:48.0,581.8,1,582.8,1,581.6,46,1134
22:34:01.0,582,1,583,1,581.6,46,1134
22:34:40.0,582,1,583.2,1,581.6,46,1134
22:34:44.0,582.2,1,583.2,1,581.6,46,1134
22:34:50.0,582.2,1,583.4,1,581.6,46,1134
22:35:48.0,582.4,1,583.4,1,581.6,46,1134
22:36:10.0,582.2,1,583.4,1,581.6,46,1134
22:36:44.0,582,1,583,1,581.6,46,1134
22:37:59.0,581.8,1,582.8,1,581.6,46,1134
22:38:02.0,581.6,1,582.8,1,581.6,46,1134
22:38:43.0,581.8,1,582.8,1,581.6,46,1134
22:38:44.0,581.8,1,583,1,581.6,46,1134
22:38:47.0,581.8,1,582.8,1,581.6,46,1134
22:39:23.0,581.6,1,582.8,1,581.6,46,1134
22:40:15.0,581.4,2,582.6,1,581.6,46,1134
22:40:32.0,581.4,1,582.2,1,581.6,46,1134
22:40:33.0,581.4,2,582.4,1,581.6,46,1134
22:40:53.0,581.6,1,582.6,1,581.6,46,1134
22:41:31.0,581.4,2,582.4,1,581.6,46,1134
22:42:01.0,581.6,1,582.6,1,581.6,46,1134
22:42:11.0,581.4,2,582.4,1,581.6,46,1134
22:42:32.0,581.6,1,582.6,1,581.6,46,1134
22:42:35.0,581.4,2,582.4,1,581.6,46,1134
22:42:35.0,581.4,2,582.6,1,581.6,46,1134
22:43:16.0,581.4,2,582.8,1,581.6,46,1134
22:43:19.0,581.8,1,582.8,1,581.6,46,1134
22:43:27.0,581.6,1,582.6,1,581.6,46,1134
22:43:30.0,581.6,1,582.8,1,581.6,46,1134
22:43:37.0,581.4,2,582.8,1,581.6,46,1134
22:43:38.0,581.4,2,582.6,1,581.6,46,1134
22:43:52.0,581.6,1,582.6,1,581.6,46,1134
22:44:29.0,581.6,1,582.8,1,581.6,46,1134
22:44:30.0,581.8,1,582.8,1,581.6,46,1134
22:44:50.0,581.6,1,582.8,1,581.6,46,1134
22:45:33.0,581.8,1,582.8,1,581.6,46,1134
22:45:53.0,581.6,1,582.8,1,581.6,46,1134
22:46:14.0,581.8,1,582.8,1,581.6,46,1134
22:46:40.0,581.6,1,582.8,1,581.6,46,1134
22:47:36.0,581.6,1,582.6,1,581.6,46,1134
22:48:15.0,581.8,1,582.8,1,581.6,46,1134
22:48:19.0,581.6,1,582.8,1,581.6,46,1134
22:48:26.0,581.8,1,582.8,1,581.6,46,1134
22:48:38.0,581.6,1,582.8,1,581.6,46,1134
22:49:09.0,581.6,1,582.6,1,581.6,46,1134
22:49:21.0,581.8,1,582.8,1,581.6,46,1134
22:49:31.0,581.6,1,582.8,1,581.6,46,1134
22:49:40.0,581.8,1,582.8,1,581.6,46,1134
22:50:04.0,581.6,1,582.8,1,581.6,46,1134
22:51:06.0,581.6,1,582.6,1,581.6,46,1134
22:51:07.0,581.6,1,582.8,1,581.6,46,1134
22:52:52.0,581.8,1,582.8,1,581.6,46,1134
22:54:13.0,581.6,1,582.8,1,581.6,46,1134
22:54:23.0,581.6,1,582.6,1,581.6,46,1134
22:54:50.0,581.8,1,582.8,1,581.6,46,1134
22:55:17.0,581.6,1,582.8,1,581.6,46,1134
22:55:23.0,581.8,1,582.8,1,581.6,46,1134
22:55:27.0,581.6,1,582.8,1,581.6,46,1134
22:55:38.0,581.8,1,582.8,1,581.6,46,1134
22:55:39.0,581.6,1,582.8,1,581.6,46,1134
22:56:16.0,581.8,1,582.8,1,581.6,46,1134
22:58:35.0,581.8,1,583,3,581.6,46,1134
22:59:42.0,581.8,1,582.8,1,581.6,46,1134
23:00:00.0,581.6,1,582.6,1,581.6,46,1134
23:04:26.0,581.6,1,582.8,1,581.6,46,1134
23:04:48.0,581.4,2,582.8,1,581.6,46,1134
23:04:51.0,581.4,2,582.6,1,581.6,46,1134
23:04:51.0,581.4,2,582.8,1,581.6,46,1134
23:05:59.0,581.4,1,582.8,1,581.6,46,1134
23:07:25.0,581.4,1,582.6,1,581.6,46,1134
23:07:41.0,581.4,1,582.4,1,581.6,46,1134
23:09:55.0,581.2,2,582.2,1,581.6,46,1134
23:10:46.0,581.2,2,582.4,1,581.6,46,1134
23:10:59.0,581.2,2,582.6,1,581.6,46,1134
23:11:18.0,581.4,1,582.6,1,581.6,46,1134
23:11:23.0,581.2,2,582.6,1,581.6,46,1134
23:12:03.0,581.4,1,582.6,1,581.6,46,1134
23:12:59.0,581.4,1,582.4,1,581.6,46,1134
23:15:05.0,581.4,1,582.2,1,581.6,46,1134
23:15:34.0,581.4,1,582.4,1,581.6,46,1134
23:15:46.0,581.4,1,582.2,1,581.6,46,1134
23:17:32.0,581.4,1,582.4,1,581.6,46,1134
23:17:39.0,581.4,2,582.6,1,581.6,46,1134
23:19:27.0,581.4,2,582.4,1,581.6,46,1134
23:20:10.0,581.4,2,582.6,1,581.6,46,1134
23:20:28.0,581.4,2,582.4,1,581.6,46,1134
23:21:41.0,581.4,1,582.2,1,581.6,46,1134
23:23:14.0,581.2,2,582.2,1,581.6,46,1134
23:23:42.0,581.2,2,582.4,1,581.6,46,1134
23:23:50.0,581.4,1,582.4,1,581.6,46,1134
23:25:02.0,581.2,2,582.4,1,581.6,46,1134
23:25:16.0,581.4,1,582.4,1,581.6,46,1134
23:25:22.0,581.4,1,582.2,1,581.6,46,1134
23:25:55.0,581.2,2,582.2,2,581.6,46,1134
23:25:55.0,581.2,2,582.2,1,581.6,46,1134
23:26:27.0,581.2,1,582.2,1,581.6,46,1134
23:26:28.0,581.2,1,582.2,2,581.6,46,1134
23:26:33.0,581.4,1,582.2,1,581.6,46,1134
23:26:40.0,581.2,1,582.2,2,581.6,46,1134
23:27:29.0,581,2,581.8,1,581.2,48,1134
23:27:52.0,581,2,582.2,1,581.2,48,1134
23:28:05.0,581,3,582.2,1,581.2,48,1134
23:28:08.0,581,2,581.8,1,581.2,48,1134
23:28:16.0,581,2,582.2,1,581.2,48,1134
23:28:26.0,581,2,582,1,581.2,48,1134
23:28:28.0,581,3,582,1,581.2,48,1134
23:28:48.0,581,3,582.2,1,581.2,48,1134
23:28:48.0,581,2,582,1,581.2,48,1134
23:28:49.0,581,2,581.8,1,581.2,48,1134
23:28:53.0,581,2,581.2,1,581.2,48,1134
23:28:56.0,581,2,581.8,1,581.2,48,1134
23:29:03.0,581,2,581.6,1,581.2,48,1134
23:29:13.0,581,2,581.8,1,581.2,48,1134
23:29:16.0,581,2,581.4,1,581.2,48,1134
23:29:16.0,581,2,581.8,1,581.2,48,1134
23:29:23.0,581,2,581.4,1,581.2,48,1134
23:29:35.0,581,2,581.8,1,581.2,48,1134
23:29:43.0,581,2,582,1,581.2,48,1134
23:29:55.0,581,2,582,1,581.2,48,1134
09:00:00.0,581,3,582.6,1,581.2,48,1134
09:00:01.0,581,2,582.6,1,581.2,48,1134
09:00:02.0,581,2,582.8,1,581.2,48,1134
09:00:06.0,581,3,582.6,1,581.2,48,1134
09:00:06.0,581,3,582.8,1,581.2,48,1134
09:00:07.0,581,2,582.8,1,581.2,48,1134
09:00:08.0,581,3,582.6,1,581.2,48,1134
09:00:09.0,581,3,582.8,1,581.2,48,1134
09:00:18.0,581,2,581.8,1,581.2,48,1134
09:00:33.0,581,2,582,1,581.2,48,1134
09:00:37.0,581,2,581.8,1,581.2,48,1134
09:01:02.0,581,3,582,1,581.2,48,1134
09:01:03.0,581,3,582.8,1,581.2,48,1134
09:01:04.0,581.2,1,582.8,1,581.2,48,1134
09:01:05.0,581.4,1,582.2,1,581.2,48,1134
09:01:05.0,581.2,1,582.2,1,581.2,48,1134
09:01:19.0,581.2,1,582,1,581.2,48,1134
09:01:20.0,581,2,582,1,581.2,50,1132
09:01:23.0,580.4,1,581,23,581,64,1126
09:01:24.0,580.6,1,581,24,581,64,1126
09:01:24.0,580.4,1,581,24,581,64,1126
09:01:26.0,580.2,3,581,24,580.4,66,1126
09:01:27.0,580.2,2,581,24,580.4,66,1126
09:01:29.0,580.8,1,581,24,580.4,66,1126
09:01:29.0,580.2,3,581,24,580.4,68,1124
09:01:33.0,580.2,2,581,24,580.2,70,1124
09:01:34.0,580.6,1,581,24,580.2,70,1124
09:01:53.0,580.4,1,581,24,580.2,70,1124
09:01:56.0,580.2,2,581,25,580.2,70,1124
09:01:57.0,580.2,1,581,25,580.2,72,1124
09:02:29.0,580,1,581,25,580.2,72,1124
09:02:39.0,579.8,1,580.6,1,580.2,72,1124
09:02:47.0,579.6,1,580.6,1,579.8,74,1124
09:02:51.0,579.6,4,580.6,1,579.6,76,1122
09:02:55.0,579.4,13,580.4,1,579.6,76,1122
09:02:57.0,579.4,7,580.4,1,579.4,84,1122
09:02:58.0,579.4,6,580.4,1,579.4,84,1122
09:02:59.0,579.4,3,580.4,1,579.4,84,1122
09:03:00.0,579.4,2,580.4,1,579.4,84,1122
09:03:02.0,579,48,580.4,1,579.4,84,1122
09:03:05.0,579,48,580.2,1,579.4,84,1122
09:03:15.0,579.2,1,580.2,1,579.4,84,1122
09:03:20.0,578.8,8,579,2,579,116,1120
09:03:21.0,578.8,9,579,2,579,116,1120
09:03:23.0,578.8,9,579,1,579,118,1120
09:03:24.0,578.8,4,580.2,1,579,120,1120
09:03:24.0,578.8,4,579.8,1,579,120,1120
09:03:28.0,578.8,4,580.2,1,579,120,1120
09:03:30.0,578.8,4,579.8,1,579,120,1120
09:03:34.0,578.8,1,579.8,1,579,120,1120
09:03:34.0,578.6,7,579.8,1,579,120,1120
09:03:35.0,578.6,7,580.2,1,579,120,1120
09:03:39.0,578.6,7,580,1,579,120,1120
09:03:40.0,578.6,7,580.2,1,579,120,1120
09:03:42.0,578.6,7,580,1,579,120,1120
09:03:44.0,578.6,6,580,1,579,120,1120
09:03:45.0,578.8,1,580,1,579,120,1120
09:03:46.0,578.8,3,580,1,579,120,1120
09:03:48.0,578.6,6,579.6,1,579,120,1120
09:03:48.0,578.6,7,579.6,1,579,120,1120
09:03:51.0,578.6,7,580,1,579,120,1120
09:03:53.0,578.8,1,580,1,579,120,1120
09:03:56.0,578.8,1,579.8,1,579,120,1120
09:03:58.0,578.8,2,579.8,1,579,120,1120
09:03:59.0,579,13,580,1,579,120,1120
09:04:01.0,579,12,580,1,579,122,1120
09:04:04.0,579,13,580,1,579,122,1120
09:04:07.0,579,12,580,1,579,122,1120
09:04:14.0,579,11,580,1,579,122,1120
09:04:15.0,579,13,580,1,579,122,1120
09:04:16.0,579,12,580,1,579,122,1120
09:04:17.0,579,11,580,1,579,122,1120
09:04:20.0,579,2,580,1,579,122,1120
09:04:21.0,579,2,580.2,1,579,122,1120
09:04:22.0,578.8,4,580.2,1,579,122,1120
09:04:29.0,579,1,580.2,1,579,122,1120
09:04:31.0,579,2,580.2,1,579,122,1120
09:04:32.0,579,3,580,1,579,122,1120
09:04:35.0,579,2,580,1,579,122,1120
09:04:37.0,578.8,4,580,1,579,122,1120
09:04:44.0,578.8,12,580,1,579,122,1120
09:04:44.0,579,1,580,1,579,122,1120
09:04:53.0,579,1,579.8,1,579,122,1120
09:04:56.0,579,1,580,1,579,122,1120
09:05:04.0,579.2,1,580,1,579,122,1120
09:05:04.0,579,1,580,1,579,122,1120
09:05:08.0,578.8,1,580,1,579,122,1120
09:05:12.0,578.8,1,579.8,1,579,122,1120
09:05:22.0,579,1,579.8,1,579,122,1120
09:05:23.0,578.8,1,579.8,1,579,122,1120
09:05:23.0,578.6,1,579.8,1,579,122,1120
09:05:25.0,578.8,1,580,1,579,122,1120
09:05:25.0,578.6,1,580,1,579,122,1120
09:05:30.0,578.6,1,579.8,1,579,122,1120
09:05:33.0,578.8,1,579.8,1,579,122,1120
09:05:37.0,578.6,1,579.8,1,579,122,1120
09:05:37.0,578.6,1,579.6,1,579,122,1120
09:05:40.0,578.8,1,579.6,1,579,122,1120
09:05:41.0,578.6,1,579.6,1,579,122,1120
09:05:49.0,579,1,579.8,1,579,122,1120
09:06:01.0,578.6,1,579.8,1,579,122,1120
09:06:02.0,578.8,1,579.8,1,579,122,1120
09:06:08.0,579,1,579.8,1,579,122,1120
09:06:18.0,579.2,1,580,2,579,122,1120
09:06:29.0,579.4,1,580,1,579,122,1120
09:06:39.0,579.4,1,580,2,579,122,1120
09:06:41.0,579.6,1,580,2,579,122,1120
09:07:02.0,579.4,1,580,2,579,122,1120
09:07:14.0,579.2,1,580,3,579,122,1120
09:07:25.0,579.2,1,580,2,579,122,1120
09:07:32.0,579.4,1,580,2,579,122,1120
09:07:32.0,579.2,1,580,2,579,122,1120
09:07:47.0,579.2,1,580,3,579,122,1120
09:07:55.0,579,1,580,3,579,122,1120
09:08:02.0,579,1,579.8,1,579,122,1120
09:08:02.0,578.8,1,579.8,1,579,122,1120
09:08:03.0,578.8,1,579.6,1,579,122,1120
09:08:07.0,578.6,1,579.6,1,579,122,1120
09:08:15.0,578.6,1,579.4,1,579,122,1120
09:08:51.0,578.2,1,579.2,1,579,122,1120
09:08:53.0,578,2,579.2,1,579,122,1120
09:08:53.0,578,2,578.6,1,579,122,1120
09:09:01.0,577.6,1,578.8,1,578,126,1118
09:09:05.0,577.8,1,578.8,1,578,126,1118
09:09:10.0,578,1,578.8,1,578,126,1118
09:09:14.0,578.2,1,579,1,578,126,1118
09:09:16.0,578.4,1,579,1,578,126,1118
09:09:17.0,578.2,1,578.8,1,578,126,1118
09:09:28.0,578,1,578.6,1,578,126,1118
09:09:30.0,577.8,1,578.4,1,578,126,1118
09:09:31.0,577.8,1,578.6,1,578,126,1118
09:09:31.0,577.8,1,578.4,1,578,126,1118
09:09:36.0,577.6,1,578.2,1,578,126,1118
09:09:41.0,577.4,1,578.2,1,578,126,1118
09:09:41.0,577.2,1,578.2,1,578,126,1118
09:09:43.0,577.4,1,578.2,1,578,126,1118
09:09:46.0,577.4,1,578,1,578,126,1118
09:09:51.0,577.4,1,578.2,1,578,126,1118
09:09:53.0,577.6,1,578.2,1,578,126,1118
09:09:54.0,577.4,1,578.2,1,578,126,1118
09:09:56.0,577.4,1,578,1,578,126,1118
09:10:00.0,577.2,1,578,1,578,126,1118
09:10:01.0,577.4,1,578,1,578,126,1118
09:10:04.0,577.4,1,578.2,1,578,126,1118
09:10:06.0,577.6,1,578.2,1,578,126,1118
09:10:16.0,577.4,1,578,1,578,126,1118
09:10:32.0,577.2,1,577.8,1,578,126,1118
09:10:33.0,577.2,1,578,1,578,126,1118
09:10:37.0,577,3,577.6,1,578,126,1118
09:10:49.0,577,2,577.4,1,578,126,1118
09:10:49.0,577,3,577.6,1,578,126,1118
09:11:08.0,577,3,577.8,1,578,126,1118
09:11:09.0,577.2,1,577.8,1,578,126,1118
09:11:14.0,577.2,1,578,1,578,126,1118
09:11:17.0,577.4,1,578,1,578,126,1118
09:11:21.0,577.6,1,578.2,1,578,126,1118
09:11:22.0,577.4,1,578.2,1,578,126,1118
09:11:24.0,577.6,1,578.2,1,578,126,1118
09:11:25.0,577.4,1,578.2,1,578,126,1118
09:11:27.0,577.4,1,578,1,578,126,1118
09:11:37.0,577.2,1,577.8,1,578,126,1118
09:11:37.0,577,4,577.6,1,578,126,1118
09:11:38.0,577,4,578,1,578,126,1118
09:11:40.0,577,4,577.6,1,578,126,1118
09:11:41.0,577,4,578,1,578,126,1118
09:11:45.0,577,4,577.8,1,578,126,1118
09:11:47.0,577,3,577.4,1,578,126,1118
09:12:06.0,577,3,577.2,1,578,126,1118
09:12:24.0,577,1,577.4,1,577,130,1120
09:12:27.0,577,1,577.6,1,577,130,1120
09:12:28.0,577,1,577.8,1,577,130,1120
09:12:28.0,577,1,578,3,577,130,1120
09:12:34.0,577,1,577.8,1,577,130,1120
09:12:41.0,577,1,577.4,1,577,130,1120
09:12:42.0,577,1,577.6,1,577,130,1120
09:12:42.0,577,1,577.8,1,577,130,1120
09:12:55.0,577,2,577.8,1,577,130,1120
09:12:57.0,577,1,577.8,1,577,130,1120
09:13:05.0,577,2,577.8,1,577,130,1120
09:13:19.0,577.2,1,578,3,577,130,1120
09:13:23.0,577,2,578,3,577,130,1120
09:13:25.0,577,2,577.8,1,577,130,1120
09:13:31.0,577.2,1,578,3,577,130,1120
09:14:19.0,577.4,1,578,2,577,130,1120
09:14:26.0,577.2,1,578,2,577,130,1120
09:14:28.0,577.4,1,578,2,577,130,1120
09:14:31.0,577.2,1,578,2,577,130,1120
09:14:32.0,577.4,1,578,2,577,130,1120
09:14:33.0,577.2,1,578,2,577,130,1120
09:14:33.0,577.4,1,578,2,577,130,1120
09:14:36.0,577.2,1,578,3,577,130,1120
09:14:46.0,577,2,577.8,1,577,130,1120
09:15:02.0,577,2,578,3,577,130,1120
09:15:03.0,577,2,577.8,1,577,130,1120
09:15:03.0,577,2,578,3,577,130,1120
09:15:08.0,577.2,1,578,3,577,130,1120
09:15:13.0,577.2,1,578,2,577,130,1120
09:15:17.0,577.2,1,578,3,577,130,1120
09:15:31.0,577.2,1,578,2,577,130,1120
09:15:35.0,577,2,577.8,1,577,130,1120
09:15:39.0,577,2,578,3,577,130,1120
09:16:01.0,577,2,577.8,1,577,130,1120
09:16:11.0,577,1,577.6,1,577,130,1120
09:16:15.0,577,1,577.8,1,577,130,1120
09:16:15.0,577,1,577.6,1,577,130,1120
09:16:46.0,577,1,577.8,1,577,130,1120
09:16:47.0,577,2,577.8,1,577,130,1120
09:16:47.0,577,1,577.6,1,577,130,1120
09:16:47.0,577,1,577.8,1,577,130,1120
09:16:57.0,577,1,577.6,1,577,130,1120
09:17:04.0,577,2,577.8,1,577,130,1120
09:17:04.0,577,1,577.8,1,577,130,1120
09:17:11.0,577,2,577.8,1,577,130,1120
09:17:36.0,577.2,1,577.8,1,577,130,1120
09:17:46.0,577.2,1,578,3,577,130,1120
09:17:48.0,577.2,2,578,3,577,130,1120
09:18:01.0,577.2,1,578,3,577,130,1120
09:18:02.0,577.2,1,577.8,1,577,130,1120
09:18:10.0,577.2,1,578,3,577,130,1120
09:18:13.0,577.2,1,577.8,1,577,130,1120
09:18:24.0,577.2,1,577.6,1,577,130,1120
09:18:48.0,577.2,1,577.8,1,577,130,1120
09:19:12.0,577.2,1,578,3,577.8,132,1120
09:19:15.0,577.2,2,578,3,577.8,132,1120
09:19:25.0,577.4,1,578,2,577.8,132,1120
09:19:33.0,577.6,1,578,2,577.8,132,1120
09:19:37.0,577.8,1,578,2,577.8,132,1120
09:20:10.0,577.4,1,578,2,577.8,132,1120
09:20:20.0,577.6,1,578,2,577.8,132,1120
09:21:41.0,577.4,1,578,2,577.8,132,1120
09:21:43.0,577.6,1,578,2,577.8,132,1120
09:22:53.0,577.8,1,578,2,577.8,132,1120
09:23:24.0,577.6,1,578,2,577.8,132,1120
09:23:28.0,577.8,1,578,2,577.8,132,1120
09:23:28.0,577.6,1,578,2,577.8,132,1120
09:23:53.0,577.4,1,578,2,577.8,132,1120
09:25:01.0,577.6,1,578,2,577.8,132,1120
09:25:11.0,577.6,2,578,2,577.8,132,1120
09:25:12.0,577.6,1,578,2,577.8,132,1120
09:25:36.0,577.6,2,578,2,577.8,132,1120
09:25:37.0,577.6,1,578,2,577.6,134,1120
09:25:43.0,577.6,1,578,3,577.6,134,1120
09:25:45.0,577.2,1,578,3,577.6,136,1122
09:25:56.0,577.2,1,577.8,1,577.6,136,1122
09:26:19.0,577.4,1,577.8,1,577.6,136,1122
09:28:13.0,577.4,1,577.6,1,577.6,136,1122
09:28:15.0,577.4,1,577.8,1,577.6,136,1122
09:28:23.0,577.6,1,577.8,1,577.6,136,1122
09:28:25.0,577.4,1,578,3,577.6,138,1120
09:28:32.0,577.4,2,578,3,577.6,138,1120
09:28:32.0,577.4,1,578,3,577.6,138,1120
09:28:38.0,577.4,1,577.8,1,577.6,138,1120
09:29:16.0,577.4,1,578,3,577.6,138,1120
09:29:18.0,577.4,2,578,3,577.6,138,1120
09:29:34.0,577.4,1,578,3,577.6,138,1120
09:29:42.0,577.4,1,578,3,578,140,1118
09:29:48.0,577.4,1,577.8,1,578,140,1118
09:29:52.0,577.4,1,578,3,578,140,1118
09:29:57.0,577.4,2,578,3,578,140,1118
09:30:05.0,577.4,2,578,2,578,140,1118
09:30:05.0,577.6,1,578,2,578,140,1118
09:30:18.0,577.4,2,578,2,578,140,1118
09:30:22.0,577.4,1,578,2,578,140,1118
09:31:02.0,577.4,1,578,3,578,140,1118
09:31:09.0,577.4,1,578,2,578,140,1118
09:31:10.0,577.6,1,578,2,578,140,1118
09:31:14.0,577.4,1,578,2,578,140,1118
09:31:19.0,577.6,1,578,2,578,140,1118
09:31:35.0,577.4,1,578,2,577.6,142,1118
09:31:48.0,577.4,1,578,3,577.6,142,1118
09:31:53.0,577.4,1,578,2,577.6,142,1118
09:32:10.0,577.4,1,578,3,577.6,142,1118
09:32:16.0,577.2,1,578,3,577.6,142,1118
09:32:53.0,577.4,1,578,3,577.6,142,1118
09:32:55.0,577.4,1,578,2,577.6,142,1118
09:33:44.0,577.4,1,578,3,577.6,142,1118
09:34:00.0,577.2,1,578,3,577.6,142,1118
09:34:21.0,577.2,1,577.8,1,577.6,142,1118
09:34:26.0,577.2,1,578,2,577.6,142,1118
09:35:15.0,577.8,1,578,2,577.6,142,1118
09:35:15.0,577.6,1,578,2,577.6,142,1118
09:35:22.0,577.4,1,578,2,577.6,144,1118
09:36:33.0,577.6,1,578,2,577.6,144,1118
09:37:01.0,577.6,2,578,2,577.6,144,1118
09:37:30.0,577.6,1,578,2,577.6,144,1118
09:38:01.0,577.4,2,578,2,577.6,146,1118
09:38:30.0,577.8,1,578,2,577.6,146,1118
09:38:44.0,577.6,1,578,2,577.6,146,1118
09:38:47.0,577.4,2,578.6,1,578,150,1114
09:38:52.0,577.4,2,578.4,1,578,150,1114
09:39:01.0,577.4,1,578.4,1,578,150,1114
09:39:16.0,577.6,1,578.6,1,578,150,1114
09:39:17.0,577.4,1,578.4,1,578,150,1114
09:39:29.0,577.4,2,578.4,1,578,150,1114
09:42:03.0,577.4,1,578.4,1,578,150,1114
09:42:18.0,577.4,2,578.4,1,578,150,1114
09:44:29.0,577.6,1,578.6,1,578,150,1114
09:44:44.0,577.8,1,578.8,1,578,150,1114
09:44:51.0,578,1,579,1,578,150,1114
09:44:51.0,577.8,1,578.8,1,578,150,1114
09:45:04.0,577.4,2,578.8,1,578,150,1114
09:45:06.0,577.4,2,578.6,1,578,150,1114
09:45:11.0,577.4,2,578.8,1,578,150,1114
09:45:18.0,577.4,2,578.6,1,578,150,1114
09:45:36.0,577.6,1,578.6,1,578,150,1114
09:45:41.0,577.4,2,578.4,1,578,150,1114
09:45:57.0,577.6,1,578.6,1,578,150,1114
09:46:03.0,577.4,2,578.6,1,578,150,1114
09:46:05.0,577.4,2,578.4,1,578,150,1114
09:46:29.0,577.4,2,578.6,1,578,150,1114
09:47:29.0,577.4,2,578.4,1,578,150,1114
09:47:47.0,577.4,2,578.6,1,578,150,1114
09:47:47.0,577.6,1,578.6,1,578,150,1114
09:47:56.0,577.4,2,578.6,1,578,150,1114
09:48:10.0,577.4,2,578.4,1,578,150,1114
09:48:31.0,577.6,1,578.4,1,578,150,1114
09:48:55.0,577.8,1,578.6,1,578,150,1114
09:49:23.0,577.6,1,578.6,1,578,150,1114
09:49:31.0,577.8,1,578.6,1,578,150,1114
09:52:47.0,578,1,578.8,1,578,150,1114
09:52:47.0,578,1,579,1,578,150,1114
09:52:49.0,578,1,578.8,1,578,150,1114
09:53:06.0,578,1,579,1,578,150,1114
09:53:07.0,578,1,578.8,1,578,150,1114
09:53:16.0,578,1,579,1,578,150,1114
09:53:25.0,578,1,578.8,1,578,150,1114
09:53:26.0,578,1,579,1,578,150,1114
09:53:36.0,578,1,578.8,1,578,150,1114
09:53:42.0,578,1,579,1,578,150,1114
09:53:54.0,578.4,1,579.2,1,578,150,1114
09:53:58.0,578.6,1,579.4,1,578,150,1114
09:54:08.0,578.4,1,579.4,1,578,150,1114
09:54:11.0,578.6,1,579.4,1,578,150,1114
09:54:35.0,578,1,579.4,1,578,150,1114
09:54:36.0,578.2,1,579.4,1,578,150,1114
09:54:37.0,578,1,579,1,578,150,1114
09:54:41.0,578.4,1,579.4,1,578,150,1114
09:54:55.0,578.6,1,579.4,1,578,150,1114
09:55:00.0,578.2,1,579.4,1,578.6,152,1114
09:55:07.0,578.4,1,579.4,1,578.6,152,1114
09:55:19.0,578.2,1,579.4,1,578.6,152,1114
09:55:19.0,578.2,1,579.2,1,578.6,152,1114
09:55:24.0,578.2,1,579.4,1,578.6,152,1114
09:55:27.0,578.2,1,579.2,1,578.6,152,1114
09:55:32.0,578.4,1,579.4,1,578.6,152,1114
09:55:34.0,578.4,1,579.2,1,578.6,152,1114
09:56:11.0,578.6,1,579.4,1,578.6,152,1114
09:56:29.0,578.6,1,579.2,1,578.6,152,1114
09:56:33.0,578.6,1,579.4,1,579.2,154,1112
09:56:51.0,578.6,1,579.2,1,579.2,154,1112
09:56:57.0,578.4,1,579,1,579.2,154,1112
09:57:04.0,578.6,1,579.2,1,579.2,154,1112
09:57:15.0,578.6,1,579.2,1,578.6,156,1112
09:57:44.0,578.8,1,579.4,1,578.6,156,1112
09:57:51.0,578.6,1,579.2,1,578.6,156,1112
09:58:39.0,578.8,1,579.4,1,578.6,156,1112
09:59:02.0,578.6,1,579.4,1,578.6,156,1112
09:59:18.0,578.6,1,579.2,1,578.6,156,1112
09:59:33.0,578.8,1,579.4,1,578.6,156,1112
09:59:39.0,578.6,1,579.4,1,578.6,156,1112
09:59:40.0,578.6,1,579.2,1,578.6,156,1112
09:59:46.0,578.6,1,579.4,1,578.6,156,1112
09:59:52.0,578.8,1,579.4,1,578.6,156,1112
10:00:05.0,578.6,1,579.4,1,578.6,156,1112
10:00:09.0,578.8,1,579.4,1,578.6,156,1112
10:00:26.0,578.4,1,579.4,1,578.6,156,1112
10:00:30.0,578.4,1,579.6,1,578.6,156,1112
10:00:33.0,578.4,1,579.4,1,578.6,156,1112
10:01:01.0,578.4,1,579.2,1,578.6,156,1112
10:01:26.0,578.4,1,579.4,1,578.6,156,1112
10:01:33.0,578.4,1,579.2,1,578.6,156,1112
10:02:13.0,578.6,1,579.2,1,578.6,156,1112
10:02:25.0,578.4,1,579.2,1,578.6,156,1112
10:02:31.0,578.4,1,579,1,578.6,156,1112
10:02:42.0,578.4,1,579,2,578.6,156,1112
10:02:50.0,578.4,1,579,1,578.6,156,1112
10:03:08.0,578.6,1,579,1,578.6,156,1112
10:03:11.0,578.4,1,579,1,578.6,156,1112
10:03:19.0,578.6,1,579,1,578.6,156,1112
10:03:38.0,578.4,2,579,2,578.6,156,1112
10:04:06.0,578.4,1,579,2,578.6,156,1112
10:05:56.0,578.4,1,578.8,1,578.6,156,1112
10:06:29.0,578.4,1,578.6,1,578.6,156,1112
10:06:51.0,577.8,1,579,1,578.4,158,1112
10:06:55.0,577.8,1,579,2,578.4,158,1112
10:07:02.0,578,1,579,2,578.4,158,1112
10:07:22.0,578,1,579,1,578.4,158,1112
10:07:37.0,578.2,1,579,1,578.4,158,1112
10:08:40.0,578.2,1,579.4,1,578.4,158,1112
10:08:45.0,578.2,1,579.2,1,578.4,158,1112
10:08:46.0,578,1,579.2,1,578.4,158,1112
10:08:53.0,578,1,579,1,578.4,158,1112
10:08:57.0,578.2,1,579,1,578.4,158,1112
10:09:12.0,578,1,579,1,578.4,158,1112
10:10:18.0,578.2,1,579,1,578.4,158,1112
10:10:40.0,578.4,1,579.2,1,578.4,158,1112
10:11:09.0,578.2,1,579.2,1,578.4,158,1112
10:11:20.0,578.2,1,579,1,578.4,158,1112
10:13:15.0,578.2,1,579.2,1,578.4,158,1112
10:13:50.0,578.4,1,579.2,1,578.4,158,1112
10:14:08.0,578.2,1,579.2,1,578.4,158,1112
10:14:32.0,578.4,1,579.2,1,578.4,158,1112
10:30:03.0,578.6,1,579.4,1,578.4,158,1112
10:30:28.0,578.6,1,579.6,1,578.4,158,1112
10:30:29.0,578.6,1,579.4,1,578.4,158,1112
10:31:02.0,578.4,1,579.4,1,578.4,158,1112
10:31:07.0,578.6,1,579.4,1,578.4,158,1112
10:31:17.0,578.6,1,579.6,1,578.4,158,1112
10:31:45.0,578.6,1,579.4,1,578.4,158,1112
10:32:04.0,579.4,1,579.6,1,579.4,160,1110
10:32:28.0,579.4,1,579.8,2,579.4,160,1110
10:32:33.0,579.4,1,579.6,1,579.4,160,1110
10:32:33.0,578.6,1,579.6,1,579.4,162,1110
10:32:43.0,578.6,1,579.8,2,579.4,162,1110
10:32:45.0,578.8,1,579.8,2,579.4,162,1110
10:34:42.0,578.6,1,579.8,2,579.4,162,1110
10:34:43.0,578.6,1,579.6,1,579.4,162,1110
10:34:53.0,578.4,1,579.6,1,579.4,162,1110
10:34:58.0,578.4,1,579.4,1,579.4,162,1110
10:34:59.0,578.4,1,579.6,1,579.4,162,1110
10:35:45.0,578.6,1,579.6,1,579.4,162,1110
10:36:35.0,578.6,1,579.6,2,579.4,162,1110
10:37:45.0,578.4,1,579.4,1,579.4,162,1110
10:40:03.0,578.6,1,579.6,2,579.4,162,1110
10:40:03.0,578.4,1,579.6,2,579.4,162,1110
10:40:29.0,578.6,1,579.6,2,579.4,162,1110
10:40:35.0,578.6,1,579.6,1,579.4,162,1110
10:41:19.0,578.8,1,579.6,1,579.4,162,1110
10:41:42.0,579,1,579.6,1,579.4,162,1110
10:42:29.0,578.8,1,579.6,1,579.4,162,1110
10:42:40.0,579,1,579.6,1,579.4,162,1110
10:42:58.0,578.6,1,579.6,1,579,164,1110
10:43:16.0,578.4,1,579.6,1,579,164,1110
10:43:29.0,578.6,1,579.6,1,579,164,1110
10:43:41.0,578.6,1,579,1,579,164,1110
10:43:48.0,578.8,2,579,1,579,164,1110
10:44:51.0,578.8,3,579,1,579,164,1110
10:45:03.0,578.8,2,579.6,1,579,166,1112
10:48:50.0,578.8,2,579.6,2,579,166,1112
10:49:05.0,578.8,2,579.6,1,579,166,1112
10:49:14.0,578.8,2,579.6,2,579,166,1112
10:49:35.0,578.8,2,579.6,1,579,166,1112
10:49:39.0,578.8,2,579.6,2,579,166,1112
10:49:46.0,578.8,2,579.6,1,579,166,1112
10:50:36.0,579,1,579.6,1,579,166,1112
10:51:00.0,578.8,2,579.6,1,579,168,1112
10:51:43.0,578.8,4,579.6,1,579,168,1112
10:52:12.0,578.8,3,579.6,1,579,168,1112
10:52:12.0,578.8,2,579.6,1,579,168,1112
10:52:13.0,578.8,2,579.6,2,579,168,1112
10:52:38.0,578.8,2,579.6,1,579,168,1112
10:52:39.0,578.8,3,579.6,1,579,168,1112
10:52:46.0,578.8,4,579.6,1,579,168,1112
10:52:52.0,578.8,2,579.6,1,579,168,1112
10:53:55.0,579,2,579.6,1,579,168,1112
10:54:10.0,578.8,2,579.6,1,579,168,1112
10:54:13.0,578.8,1,579.6,1,579,168,1112
10:54:14.0,578.6,2,579.6,1,579,168,1112
10:54:19.0,578.8,2,579.6,1,579,168,1112
10:55:45.0,579,2,579.6,1,579,168,1112
10:58:42.0,578.8,2,579.6,1,579,168,1112
11:01:50.0,578.8,1,579.6,1,578.8,170,1112
11:02:27.0,579,1,579.6,1,578.8,170,1112
11:02:34.0,579.2,1,579.6,1,578.8,170,1112
11:02:38.0,579,1,579.6,1,578.8,170,1112
11:02:48.0,578.8,1,579.6,1,578.8,170,1112
11:03:04.0,579,1,579.6,1,578.8,170,1112
11:03:08.0,578.8,1,579.6,1,578.8,170,1112
11:03:47.0,578.8,1,579.6,2,578.8,170,1112
11:03:51.0,579,1,579.6,2,578.8,170,1112
11:04:02.0,578.8,1,579.4,1,578.8,170,1112
11:04:12.0,579,1,579.6,1,578.8,170,1112
11:04:15.0,579.2,1,579.6,1,578.8,170,1112
11:04:21.0,579.4,1,579.6,1,578.8,170,1112
11:04:39.0,579.2,1,579.6,1,578.8,170,1112
11:04:54.0,579.4,1,579.6,1,578.8,170,1112
11:05:25.0,579.2,1,579.6,1,578.8,170,1112
11:05:35.0,579,1,579.8,1,579.6,172,1112
11:05:38.0,579.4,1,579.8,1,579.6,172,1112
11:05:41.0,579,1,579.8,1,579.6,172,1112
11:05:44.0,579.4,1,579.8,1,579.6,172,1112
11:06:36.0,579.2,1,579.8,1,579.4,174,1112
11:06:45.0,579.4,1,579.8,1,579.4,174,1112
11:06:58.0,579.6,1,580,5,579.8,176,1114
11:07:15.0,579.4,1,580,5,579.8,176,1114
11:07:19.0,579.2,1,580,5,579.8,176,1114
11:07:32.0,579.4,1,580,5,579.8,176,1114
11:07:44.0,579.4,1,580,4,580,178,1114
11:08:16.0,579.2,1,580,4,580,178,1114
11:09:53.0,578.8,1,580,5,580,178,1114
11:10:09.0,579,1,580,5,580,178,1114
11:10:15.0,579,1,580,4,580,178,1114
11:10:26.0,579,2,580,4,580,178,1114
11:10:27.0,579,1,580,5,580,178,1114
11:10:56.0,579,1,579.8,1,580,178,1114
11:10:58.0,579,1,580,5,580,178,1114
11:11:04.0,579,1,580,4,580,178,1114
11:11:29.0,579,1,580,5,580,178,1114
11:11:29.0,579,1,580,4,580,178,1114
11:11:44.0,579,1,580,3,580,180,1114
11:11:57.0,579,1,580,4,580,180,1114
11:12:26.0,579,2,580,4,580,180,1114
11:12:39.0,579,1,580,4,580,180,1114
11:12:40.0,579,1,580,3,580,180,1114
11:12:46.0,579,1,580,4,580,180,1114
11:12:47.0,579,2,580,4,580,180,1114
11:12:56.0,579,1,580,4,580,180,1114
11:13:10.0,579,1,579.8,1,580,180,1114
11:13:17.0,579,2,579.8,1,580,180,1114
11:14:17.0,579,2,579.6,1,580,180,1114
11:14:23.0,579,2,579.8,1,580,180,1114
11:15:01.0,579,2,579.6,1,580,180,1114
11:15:04.0,579,2,579.8,1,580,180,1114
11:15:21.0,579,2,579.6,1,580,180,1114
11:15:27.0,579,2,579.8,1,580,180,1114
11:16:15.0,579,2,580,4,580,180,1114
11:16:42.0,579,3,580,4,580,180,1114
11:16:56.0,579,2,580,4,580,180,1114
11:17:06.0,579,3,580,4,580,180,1114
11:17:10.0,579.2,1,580,3,580,180,1114
11:20:10.0,579.4,1,580,3,580,180,1114
11:21:10.0,579.2,1,580,3,579.4,182,1112
11:21:20.0,579.6,1,580,3,579.4,182,1112
11:21:44.0,579.6,1,580.8,1,580,188,1106
11:23:13.0,579.8,1,581,1,580,188,1106
11:23:56.0,579.6,1,580.8,1,580,188,1106
11:23:56.0,579.6,1,581,1,580,188,1106
11:23:59.0,579.6,1,580.8,1,580,188,1106
11:24:24.0,579.8,1,581,1,580,188,1106
11:24:45.0,580,1,581.2,1,580,188,1106
11:25:51.0,579.8,1,581,1,580,188,1106
11:26:05.0,579.6,1,581,1,580,188,1106
11:26:07.0,579.8,1,581,1,580,188,1106
11:26:34.0,579.8,1,581,2,580,188,1106
11:27:28.0,579.6,1,581,2,580,188,1106
11:27:40.0,580,1,581,1,580,188,1106
11:28:27.0,579.2,1,581,2,580,188,1106
11:28:39.0,579.8,1,581,2,580,188,1106
13:30:00.0,579.2,1,581,2,580,188,1106
13:30:00.0,579.6,1,581,2,580,188,1106
13:30:33.0,579.2,1,581,2,580,188,1106
13:30:35.0,579.2,1,580.8,1,580,188,1106
13:30:38.0,579.6,1,580.8,1,580,188,1106
13:30:42.0,579.4,1,580.8,1,580,188,1106
13:30:45.0,579.2,1,580.8,1,580,188,1106
13:30:46.0,579,4,580.8,1,580,188,1106
13:30:50.0,579.4,1,580.8,1,580,188,1106
13:30:57.0,579.4,1,580.6,1,580,188,1106
13:30:57.0,579,4,580.6,1,580,188,1106
13:30:58.0,579.2,1,580.4,1,580,188,1106
13:31:02.0,579,4,580.4,1,580,188,1106
13:31:10.0,579.2,1,580.4,1,580,188,1106
13:31:23.0,579.6,1,580.4,1,580,188,1106
13:31:38.0,579.4,1,580.4,1,580,188,1106
13:31:38.0,579.4,1,580.2,1,580,188,1106
13:31:51.0,579.4,1,580.4,1,580,188,1106
13:31:59.0,579.6,1,580.4,1,580,188,1106
13:32:00.0,579.4,1,580.4,1,580,188,1106
13:32:05.0,579.6,1,580.4,1,580,188,1106
13:32:08.0,579.4,1,580.4,1,580,188,1106
13:32:14.0,579.4,1,580.2,1,580,188,1106
13:32:17.0,579,4,580,1,580,188,1106
13:32:20.0,579.2,1,580,1,580,188,1106
13:32:22.0,579,4,580,1,580,188,1106
13:32:22.0,579,4,580,1,580,190,1106
13:32:28.0,579,4,579.8,1,580,190,1106
13:32:30.0,579.2,1,579.8,1,580,190,1106
13:32:32.0,579,4,579.6,1,580,190,1106
13:32:35.0,579,3,579.6,1,580,190,1106
13:32:38.0,579,4,579.6,1,580,190,1106
13:32:39.0,579,3,579.6,1,580,190,1106
13:32:39.0,579,4,579.6,1,580,190,1106
13:32:46.0,579,3,579.4,1,580,190,1106
13:32:52.0,579,3,579.6,1,580,190,1106
13:33:01.0,579,3,579.4,1,580,190,1106
13:33:07.0,579,3,579.2,1,580,190,1106
13:33:16.0,579,2,579.4,1,579,192,1106
13:33:30.0,579,2,579.6,1,579,192,1106
13:33:37.0,579,2,579.6,1,579.6,194,1106
13:34:10.0,579,2,579.4,1,579.6,194,1106
13:34:25.0,579,2,579.6,1,579.6,194,1106
13:34:25.0,579,2,579.4,1,579.6,194,1106
13:34:28.0,579,2,579.4,1,579.6,196,1104
13:34:28.0,579,2,579.6,1,579.6,196,1104
13:34:34.0,579,2,579.4,1,579.6,196,1104
13:35:06.0,579,2,579.2,1,579.6,196,1104
13:35:44.0,579,1,579.4,1,579,198,1106
13:35:59.0,579.2,1,579.4,1,579,198,1106
13:36:00.0,579,1,579.4,1,579.2,200,1108
13:36:10.0,579,1,579.2,1,579.2,200,1108
13:37:12.0,579,1,579.4,1,579.2,200,1108
13:37:50.0,579,2,579.4,1,579.2,200,1108
13:38:12.0,579,2,579.6,1,579.2,200,1108
13:38:54.0,579,1,579.6,1,579.2,200,1108
13:39:23.0,579,1,579.8,1,579.2,200,1108
13:39:51.0,579,1,579.6,1,579.2,200,1108
13:40:33.0,579,1,580,1,579.6,202,1108
13:42:06.0,579,1,579.8,1,579.6,202,1108
13:42:32.0,579,1,580,1,579.6,202,1108
13:42:40.0,579,1,579.8,1,579.6,202,1108
13:43:16.0,579,1,580,1,579.6,202,1108
13:43:23.0,579,1,579.8,1,579.6,202,1108
13:43:26.0,579,1,580,1,579.6,202,1108
13:43:37.0,579,1,579.8,1,579.6,202,1108
13:44:11.0,579,1,580,1,579.6,202,1108
13:44:30.0,579,1,579.8,1,579.6,202,1108
13:44:41.0,579,1,580,1,579.6,202,1108
13:45:35.0,579,2,580.2,1,579.6,202,1108
13:45:47.0,579,1,580.2,1,579.6,202,1108
13:45:52.0,579,1,580,1,579.6,202,1108
13:45:53.0,579,1,580.2,1,579.6,202,1108
13:46:04.0,579,1,580,1,579.6,202,1108
13:46:10.0,579,2,580.2,1,579.6,202,1108
13:46:20.0,579,1,580.2,1,579.6,202,1108
13:46:26.0,579.2,1,580.4,1,579.6,202,1108
13:46:29.0,579,2,580.4,1,579.6,202,1108
13:46:32.0,579.2,1,580.4,1,579.6,202,1108
13:46:32.0,579.2,1,580.6,1,579.6,202,1108
13:46:50.0,579.2,1,580.4,1,579.6,202,1108
13:46:52.0,579,2,580.2,1,579.6,202,1108
13:46:52.0,579,2,580.4,1,579.6,202,1108
13:47:17.0,579,1,580.2,1,579.6,202,1108
13:47:18.0,579,1,580,1,579.6,202,1108
13:47:18.0,579,1,580.2,1,579.6,202,1108
13:47:37.0,579,2,580.2,1,579.6,202,1108
13:47:39.0,579,2,580.4,1,579.6,202,1108
13:47:44.0,579,2,580.2,1,579.6,202,1108
13:47:48.0,579,1,580.2,1,579.6,202,1108
13:47:53.0,579,2,580.2,1,579.6,202,1108
13:48:54.0,579,2,580.4,1,579.6,202,1108
13:49:16.0,579,2,580.2,1,579.6,202,1108
13:49:19.0,579,1,580,1,579.6,202,1108
13:49:30.0,578.8,1,580,1,580,206,1110
13:49:36.0,578.8,1,580.2,1,580,206,1110
13:49:39.0,579,1,580.2,1,580,206,1110
13:49:49.0,578.8,1,580,1,580,206,1110
13:50:29.0,578.6,1,580,1,580,206,1110
13:50:44.0,578.6,1,579.8,1,580,206,1110
13:51:16.0,578.6,1,580,1,579.8,208,1108
13:51:38.0,578.4,1,579.8,1,579.8,208,1108
13:51:42.0,578.4,1,580,1,579.8,208,1108
13:51:46.0,578.4,1,579.8,1,579.8,208,1108
13:51:58.0,578.2,1,579.8,1,579.8,208,1108
13:52:31.0,578.2,1,579.6,1,579.8,208,1108
13:52:33.0,578,1,579.4,1,579.8,208,1108
13:52:43.0,578.2,1,579.4,1,579.4,212,1108
13:52:55.0,578.2,1,579.2,1,579.4,212,1108
13:53:14.0,578.2,1,579.4,1,579.4,212,1108
13:53:22.0,578.2,1,579.2,1,579.4,212,1108
13:53:31.0,578.2,1,579.4,1,579.4,212,1108
13:53:31.0,578.4,1,579.4,1,579.4,212,1108
13:53:35.0,578.2,1,579.4,1,579.4,212,1108
13:53:46.0,578.4,1,579.4,1,579.4,212,1108
13:54:13.0,578.6,3,579.4,1,579.4,212,1108
13:55:29.0,578.6,2,579.4,1,578.6,214,1108
13:55:30.0,578.8,1,579.4,1,578.6,214,1108
13:55:38.0,578.8,1,579.6,1,578.6,214,1108
13:55:49.0,578.8,1,579.4,1,578.6,214,1108
13:57:31.0,578.6,2,579.4,1,578.6,214,1108
13:57:56.0,578.6,1,579.4,1,578.6,214,1108
13:57:56.0,578.4,2,579.4,1,578.6,214,1108
13:58:12.0,578.4,2,579.2,1,578.6,214,1108
13:58:24.0,578.6,2,579.4,1,578.6,214,1108
13:59:14.0,578.8,2,579.6,1,578.6,214,1108
14:00:09.0,578.8,2,579.4,1,578.6,214,1108
14:00:26.0,578.8,1,579.4,1,578.6,214,1108
14:00:34.0,578.8,2,579.4,1,578.6,214,1108
14:00:58.0,578.8,2,579.6,1,578.6,214,1108
14:01:48.0,578.6,2,579.6,1,578.6,214,1108
14:02:13.0,578.6,2,579.4,1,578.6,214,1108
14:02:35.0,578.8,2,579.6,1,578.6,214,1108
14:02:55.0,578.8,1,579.6,1,578.6,214,1108
14:02:56.0,578.6,2,579.6,1,578.6,214,1108
14:03:06.0,578.8,2,579.6,1,578.6,214,1108
14:03:13.0,578.8,1,579.6,1,578.6,214,1108
14:03:15.0,578.6,2,579.4,1,578.6,214,1108
14:03:25.0,578.6,2,579.6,1,578.6,214,1108
14:03:29.0,578.8,2,579.6,1,578.6,214,1108
14:04:37.0,578.8,2,579.4,1,578.6,214,1108
14:05:00.0,578.8,2,579.8,1,578.6,214,1108
14:05:05.0,578.8,2,579.6,1,578.6,214,1108
14:05:11.0,578.8,2,579.8,1,578.6,214,1108
14:05:13.0,579,2,579.8,1,578.6,214,1108
14:05:20.0,579,2,580,1,578.6,214,1108
14:05:25.0,579,2,579.8,1,578.6,214,1108
14:05:25.0,579,1,579.8,1,578.6,214,1108
14:05:26.0,578.8,2,579.8,1,578.6,214,1108
14:06:15.0,579.2,2,580,1,578.6,214,1108
14:07:08.0,579.2,2,579.8,1,578.6,214,1108
14:07:53.0,579.2,2,580,1,578.6,214,1108
14:10:30.0,579.2,1,580,1,578.6,214,1108
14:10:30.0,579,2,580,1,578.6,214,1108
14:10:32.0,579,1,580,1,578.6,214,1108
14:10:34.0,578.8,2,579.8,1,578.6,214,1108
14:10:36.0,578.8,2,579.6,1,578.6,214,1108
14:10:40.0,578.8,2,579.8,1,578.6,214,1108
14:10:40.0,578.8,2,579.6,1,578.6,214,1108
14:10:40.0,578.8,2,579.8,1,578.6,214,1108
14:10:46.0,578.8,2,579.6,1,578.6,214,1108
14:10:48.0,578.6,2,579.6,1,578.6,214,1108
14:10:49.0,578.6,2,579.4,1,578.6,214,1108
14:11:19.0,578.4,2,579.2,1,578.6,214,1108
14:12:11.0,578.6,2,579.4,1,578.6,214,1108
14:12:27.0,578.8,2,579.6,1,578.6,214,1108
14:12:31.0,578.6,2,579.6,1,578.6,214,1108
14:13:09.0,578.4,2,579.2,1,578.6,214,1108
14:13:23.0,578.2,2,579.2,1,578.6,214,1108
14:13:32.0,578.2,1,579.2,1,578.6,214,1108
14:13:37.0,578,2,579,1,578.6,214,1108
14:14:06.0,578,2,578.8,1,578.6,214,1108
14:14:16.0,578.2,1,579,1,578.6,214,1108
14:14:16.0,578.2,2,579,1,578.6,214,1108
14:15:09.0,578.4,1,579.2,1,578.6,214,1108
14:15:13.0,578.2,2,579.2,1,578.6,214,1108
14:15:13.0,578.4,1,579.2,1,578.6,214,1108
14:15:18.0,578.4,2,579.2,1,578.6,214,1108
14:15:20.0,578.4,1,579.2,1,578.4,216,1108
14:15:25.0,578.2,1,579.2,1,578.4,216,1108
14:15:59.0,578.2,1,579,1,578.4,216,1108
14:16:04.0,578.4,1,579.2,1,578.4,216,1108
14:17:41.0,578.2,1,579.2,1,578.4,216,1108
14:18:01.0,578.2,1,579,1,578.4,216,1108
14:18:29.0,578.4,1,579.2,1,578.4,216,1108
14:18:34.0,578.2,1,579.2,1,578.4,216,1108
14:18:34.0,578.2,1,579,1,578.4,216,1108
14:18:42.0,578.2,1,579.2,1,578.4,216,1108
14:18:44.0,578.4,1,579.2,1,578.4,216,1108
14:18:50.0,578.2,1,579.2,1,578.4,216,1108
14:18:54.0,578.4,1,579.2,1,578.4,216,1108
14:20:04.0,578.4,2,579.2,1,578.4,216,1108
14:20:15.0,578.4,1,579,1,578.4,216,1108
14:20:41.0,578.2,1,579,1,578.4,216,1108
14:21:05.0,578.4,1,579.2,1,578.4,216,1108
14:22:24.0,578.2,1,579.2,1,578.4,216,1108
14:22:31.0,578.2,1,579,1,578.4,216,1108
14:22:55.0,578,2,579,1,578.2,218,1108
14:23:07.0,578,2,579.2,1,578.2,218,1108
14:23:11.0,578,2,579,1,578.2,218,1108
14:23:14.0,578,2,579.2,1,578.2,218,1108
14:23:18.0,578,2,579,1,578.2,218,1108
14:23:19.0,578,2,579.2,1,578.2,218,1108
14:23:21.0,578.2,1,579.2,1,578.2,218,1108
14:24:01.0,578.4,3,579.2,1,578.2,218,1108
14:24:13.0,578.4,5,579.2,1,578.2,218,1108
14:24:24.0,578.4,2,579.2,1,578.4,224,1108
14:32:02.0,578.2,2,579.2,1,578.4,224,1108
14:32:05.0,578.2,2,579,1,578.4,224,1108
14:32:22.0,578.2,1,579,1,578.4,224,1108
14:32:51.0,578.2,1,579.2,1,578.4,224,1108
14:32:52.0,578.2,2,579.2,1,578.4,224,1108
14:33:42.0,578.4,2,579.2,1,578.4,224,1108
14:34:15.0,578.8,2,579.6,1,578.4,224,1108
14:34:17.0,579,2,579.8,1,578.4,224,1108
14:34:17.0,579,2,580,1,578.4,224,1108
14:34:46.0,578.8,2,579.8,1,578.4,224,1108
14:35:01.0,578.8,2,579.6,1,578.4,224,1108
14:35:02.0,578.8,2,579.8,1,578.4,224,1108
14:35:03.0,579,2,579.8,1,578.4,224,1108
14:35:05.0,579,2,580,1,578.4,224,1108
14:35:12.0,579.2,1,580,1,578.4,224,1108
14:35:24.0,579,2,580,1,578.4,224,1108
14:35:34.0,579,2,579.8,1,578.4,224,1108
14:35:43.0,579,2,580,1,578.4,224,1108
14:35:44.0,579.2,1,580,1,578.4,224,1108
14:35:45.0,579.2,2,580,1,578.4,224,1108
14:36:52.0,579.2,1,580,1,578.4,224,1108
14:36:53.0,579,2,580,1,578.4,224,1108
14:37:17.0,579,2,579.8,1,578.4,224,1108
14:37:26.0,579.2,2,580,1,578.4,224,1108
14:37:34.0,579,2,580,1,578.4,224,1108
14:37:51.0,579.2,1,580,1,578.4,224,1108
14:37:52.0,579.2,2,580,1,578.4,224,1108
14:38:05.0,579.2,2,580.2,1,578.4,224,1108
14:38:06.0,579.4,2,580.2,1,578.4,224,1108
14:38:31.0,579.6,2,580.4,1,578.4,224,1108
14:38:36.0,579.4,2,580.4,1,578.4,224,1108
14:38:40.0,579.6,1,580.4,1,578.4,224,1108
14:38:43.0,579.4,2,580.4,1,578.4,224,1108
14:39:23.0,579.4,2,580.2,1,578.4,224,1108
14:39:34.0,579.4,2,580,5,578.4,224,1108
14:39:45.0,579.4,1,580,5,578.4,224,1108
14:39:46.0,579.2,2,579.8,2,578.4,224,1108
14:39:47.0,579.2,2,579.8,1,578.4,224,1108
14:39:51.0,579.2,2,580,5,578.4,224,1108
14:40:14.0,579.2,2,579.8,4,578.4,224,1108
14:40:14.0,579.2,2,579.8,5,578.4,224,1108
14:40:20.0,579,2,579.6,1,578.4,224,1108
14:40:31.0,579,2,579.6,3,578.4,224,1108
14:40:32.0,579,2,579.6,4,578.4,224,1108
14:40:35.0,578.8,2,579.6,4,578.4,224,1108
14:40:37.0,578.8,2,579.6,3,578.4,224,1108
14:40:39.0,578.8,2,579.6,2,578.4,224,1108
14:40:42.0,578.8,2,579.6,5,578.4,224,1108
14:40:46.0,578.8,2,579.4,1,578.4,224,1108
14:40:47.0,578.8,2,579.6,5,578.4,224,1108
14:41:16.0,579,2,579.8,3,578.4,224,1108
14:41:16.0,579.2,2,579.8,4,578.4,224,1108
14:41:17.0,579.2,2,579.8,3,578.4,224,1108
14:41:20.0,579,2,579.8,4,578.4,224,1108
14:41:22.0,579.2,1,579.8,4,578.4,224,1108
14:41:22.0,579.2,2,579.8,4,578.4,224,1108
14:41:23.0,579,2,579.8,4,578.4,224,1108
14:41:42.0,579,2,579.8,5,578.4,224,1108
14:41:43.0,579.2,1,579.8,5,578.4,224,1108
14:41:48.0,579.2,2,579.8,5,578.4,224,1108
14:42:08.0,579,2,579.6,2,578.4,224,1108
14:42:25.0,579,2,579.6,4,578.4,224,1108
14:42:27.0,579,2,579.6,5,578.4,224,1108
14:42:30.0,579,2,579.6,3,578.4,224,1108
14:42:30.0,579,2,579.6,2,578.4,224,1108
14:42:41.0,579,2,579.6,5,578.4,224,1108
14:42:41.0,579,1,579.6,5,578.4,224,1108
14:42:48.0,578.8,2,579.6,5,578.4,224,1108
14:43:05.0,578.8,2,579.6,4,578.4,224,1108
14:43:05.0,579,2,579.8,5,578.4,224,1108
14:43:10.0,579,2,579.6,1,578.4,224,1108
14:43:15.0,579,2,579.8,5,578.4,224,1108
14:43:35.0,579.2,1,579.8,5,578.4,224,1108
14:43:46.0,579.2,2,579.8,5,578.4,224,1108
14:44:22.0,579.4,2,580,5,578.4,224,1108
14:44:26.0,579.4,2,580,4,578.4,224,1108
14:44:43.0,579.4,2,580,3,578.4,224,1108
14:44:46.0,579.4,2,580,1,578.4,224,1108
14:44:47.0,579.4,2,580.2,5,578.4,224,1108
14:44:49.0,579.6,1,580.2,5,578.4,224,1108
14:44:51.0,579.4,2,580.2,5,578.4,224,1108
14:44:58.0,579.4,2,580,1,578.4,224,1108
14:44:59.0,579.4,2,580,3,578.4,224,1108
14:45:02.0,579.4,2,580,1,578.4,224,1108
14:45:06.0,579.4,2,580,2,578.4,224,1108
14:45:07.0,579.4,2,580,3,578.4,224,1108
14:45:08.0,579.4,2,580,2,578.4,224,1108
14:45:08.0,579.4,2,580,5,578.4,224,1108
14:45:13.0,579.4,2,580,4,578.4,224,1108
14:45:14.0,579.4,2,580,1,578.4,224,1108
14:45:15.0,579.4,2,580,4,578.4,224,1108
14:45:15.0,579.4,2,580,5,578.4,224,1108
14:45:34.0,579.4,2,580,4,578.4,224,1108
14:45:36.0,579.4,2,580,5,578.4,224,1108
14:46:18.0,579.4,1,580,5,578.4,224,1108
14:46:24.0,579.2,2,579.8,5,578.4,224,1108
14:46:31.0,579,2,579.6,3,578.4,224,1108
14:46:34.0,579,2,579.6,2,578.4,224,1108
14:46:39.0,579,2,579.8,2,578.4,224,1108
14:46:39.0,579.2,2,580,5,578.4,224,1108
14:46:43.0,579.2,2,579.8,1,578.4,224,1108
14:46:44.0,579.2,2,580,5,578.4,224,1108
14:46:47.0,579.4,2,580,5,578.4,224,1108
14:46:54.0,579.2,2,579.8,3,578.4,224,1108
14:46:57.0,579.2,2,579.8,4,578.4,224,1108
14:47:03.0,579.2,2,579.8,3,578.4,224,1108
14:47:11.0,579.2,2,579.8,1,578.4,224,1108
14:47:21.0,579.2,2,580,5,578.4,224,1108
14:47:23.0,579.4,1,580,5,578.4,224,1108
14:47:28.0,579.2,2,580,5,578.4,224,1108
14:47:54.0,579.4,2,580,5,578.4,224,1108
14:48:09.0,579.2,1,579.8,4,578.4,224,1108
14:48:10.0,579,2,579.6,1,578.4,224,1108
14:48:12.0,579,2,579.8,3,579.6,228,1108
14:48:13.0,579,2,579.8,2,579.8,230,1108
14:48:16.0,579,2,579.6,1,579.8,230,1108
14:48:18.0,579,2,579.6,2,579.8,230,1108
14:48:26.0,579.2,2,579.8,2,579.8,230,1108
14:48:45.0,579.2,2,580,2,579.8,230,1108
14:49:09.0,579.2,2,579.8,1,579.8,230,1108
14:49:09.0,579.2,1,579.8,2,579.8,230,1108
14:49:11.0,579.2,2,579.8,2,579.8,230,1108
14:49:12.0,579.4,2,580,2,579.8,230,1108
14:49:52.0,579.4,2,580.2,2,579.8,230,1108
14:50:18.0,579.6,1,580.2,2,579.8,230,1108
14:50:26.0,579.4,2,580,2,579.8,230,1108
14:50:46.0,579.4,2,580,1,579.8,230,1108
14:51:07.0,579.4,2,580,2,579.8,230,1108
14:51:09.0,579.6,1,580,2,579.8,230,1108
14:51:11.0,579.6,1,580,1,579.8,230,1108
14:51:13.0,579.6,1,580.2,2,579.8,230,1108
14:51:22.0,579.6,3,580.2,2,579.8,230,1108
14:51:35.0,579.6,2,580.2,2,579.8,230,1108
14:51:35.0,579.6,3,580.2,2,579.8,230,1108
14:51:36.0,579.6,3,580.4,2,579.8,230,1108
14:51:42.0,579.6,3,580.2,2,579.8,230,1108
14:51:44.0,579.6,2,580.2,2,579.8,230,1108
14:51:53.0,579.6,1,580,2,579.8,230,1108
14:52:07.0,579.6,1,579.8,2,579.8,230,1108
14:52:31.0,579.6,1,580,2,579.8,230,1108
14:52:33.0,579.6,1,580,1,579.8,230,1108
14:52:37.0,579,2,579.6,1,579.6,232,1108
14:52:42.0,579,1,579.6,1,579,234,1106
14:52:48.0,578.8,1,579.4,1,579,234,1106
14:52:57.0,578.8,1,579.6,1,579,234,1106
14:52:57.0,579,1,579.6,1,579,234,1106
14:53:11.0,578.8,1,579.4,1,579,234,1106
14:53:15.0,578.8,1,579.6,1,579.4,236,1108
14:53:41.0,578.6,1,579.6,1,579.4,236,1108
14:53:45.0,578.8,1,579.6,1,579.4,236,1108
14:53:47.0,578.6,1,579.4,1,579.4,236,1108
14:54:01.0,578.4,1,579.2,1,579.4,236,1108
14:54:04.0,578.4,1,579.4,1,579.4,236,1108
14:54:09.0,579,1,579.8,1,579.4,236,1108
14:54:12.0,579.4,1,580.2,1,579.4,236,1108
14:54:13.0,579.2,1,580.2,1,579.4,236,1108
14:54:17.0,579.2,1,580,1,579.4,236,1108
14:54:34.0,579,1,580,1,579.4,236,1108
14:55:09.0,579,1,579.8,1,579.4,236,1108
14:55:10.0,579.2,1,580,1,579.4,236,1108
14:55:23.0,579,1,580,1,579.4,236,1108
14:55:26.0,579.4,1,580.2,1,579.4,236,1108
14:55:28.0,579.2,1,580,1,579.4,236,1108
14:55:47.0,579.2,2,580,1,579.4,236,1108
14:55:50.0,579.2,1,580,1,579.4,236,1108
14:55:51.0,579.4,1,580.2,1,579.4,236,1108
14:56:12.0,579.2,2,580,1,579.4,236,1108
14:56:17.0,579.2,2,580.2,1,579.4,236,1108
14:56:21.0,579.2,2,580,1,579.4,236,1108
14:56:39.0,579.2,1,580,1,579.4,236,1108
14:56:39.0,579.2,1,579.8,1,579.4,236,1108
14:56:44.0,579.2,1,580,1,579.4,236,1108
14:56:45.0,579.2,2,580,1,579.4,236,1108
14:58:02.0,579.2,1,580,1,579.4,236,1108
14:58:11.0,579.2,2,580,1,579.4,236,1108
14:58:11.0,579,1,580,1,579.2,240,1104
14:58:39.0,579,2,580,1,579.2,240,1104
14:58:40.0,579,1,580,1,579.2,240,1104
14:58:53.0,578.8,1,580,1,579.2,240,1104
14:59:02.0,579,1,580,1,579.2,240,1104
14:59:17.0,578.8,1,579.8,1,579.2,240,1104
14:59:26.0,578.8,1,580,1,579.2,240,1104
14:59:26.0,578.2,1,580,1,579.2,240,1104
14:59:33.0,579.2,1,580.2,1,579.2,240,1104
14:59:38.0,578.4,1,580.2,1,579.2,240,1104
14:59:43.0,578.4,1,580,1,579.2,240,1104
14:59:45.0,578.4,1,579.8,1,579.2,240,1104
14:59:47.0,578.2,1,579.8,1,579.2,240,1104
14:59:48.0,578.2,1,579.2,1,579.2,240,1104
14:59:53.0,578,1,579.2,1,579.2,240,1104
14:59:55.0,578,1,579,1,579.2,240,1104
14:59:55.0,578,1,579,1,579.2,240,1104
